Keyword,title,price,raw_price,rating,Reviews,platform,position,Delivery,Link,thumbnail,Data_Source,brand,rank,visibility_score,top_10_products,price_range
office chair ergonomic,HP office chair ergonomic Model 603,36225.0,,3.7,3241,croma,,2 Days,,,CSV,HP,14,7.142857142857142,False,Luxury
microwave oven convection,Samsung microwave oven convection Model 524,22546.5,,4.7,1294,amazon,,Free Delivery,,,CSV,Samsung,4,25.0,True,Premium
power bank fast charging,Samsung power bank fast charging Model 402,26131.0,,3.9,3070,croma,,Free Delivery,,,CSV,Samsung,12,8.333333333333332,False,Luxury
microwave oven convection,Dell microwave oven convection Model 877,2507.0,,4.7,3446,flipkart,,Free Delivery,,,CSV,Dell,4,25.0,True,Mid Range
men running shoes,Dell men running shoes Model 536,2176.0,,3.8,2031,croma,,5 Days,,,CSV,Dell,13,7.6923076923076925,False,Mid Range
power bank fast charging,Samsung power bank fast charging Model 562,5331.0,,3.9,4124,reliance digital,,5 Days,,,CSV,Samsung,12,8.333333333333332,False,Premium
air fryer India,Philips air fryer India Model 259,23754.5,,2.8,1761,croma,,5 Days,,,CSV,Philips,23,4.3478260869565215,False,Premium
office chair ergonomic,Philips office chair ergonomic Model 836,4564.0,,3.0,1540,amazon,,Free Delivery,,,CSV,Philips,21,4.761904761904762,False,Mid Range
microwave oven convection,Boat microwave oven convection Model 588,21830.0,,4.0,126,croma,,Free Delivery,,,CSV,Boat,11,9.090909090909092,False,Premium
office chair ergonomic,Puma office chair ergonomic Model 591,19233.0,,4.6,3911,reliance digital,,5 Days,,,CSV,Puma,5,20.0,True,Premium
men running shoes,Boat men running shoes Model 859,20381.0,,3.7,684,amazon,,2 Days,,,CSV,Boat,14,7.142857142857142,False,Premium
office chair ergonomic,Puma office chair ergonomic Model 417,8744.0,,4.9,3832,croma,,2 Days,,,CSV,Puma,2,50.0,True,Premium
power bank fast charging,Dell power bank fast charging Model 575,26131.0,,4.5,4367,croma,,Free Delivery,,,CSV,Dell,6,16.666666666666664,True,Luxury
power bank fast charging,Sony power bank fast charging Model 896,5150.0,,5.0,2220,croma,,2 Days,,,CSV,Sony,1,100.0,True,Premium
air fryer India,Philips air fryer India Model 339,45304.0,,2.7,1761,reliance digital,,2 Days,,,CSV,Philips,24,4.166666666666666,False,Luxury
men running shoes,Philips men running shoes Model 418,9160.0,,3.7,2887,amazon,,5 Days,,,CSV,Philips,14,7.142857142857142,False,Premium
power bank fast charging,LG power bank fast charging Model 382,10945.0,,2.9,3032,amazon,,Free Delivery,,,CSV,LG,22,4.545454545454546,False,Premium
microwave oven convection,HP microwave oven convection Model 409,17931.0,,2.9,4166,amazon,,2 Days,,,CSV,HP,22,4.545454545454546,False,Premium
office chair ergonomic,Puma office chair ergonomic Model 198,15160.0,,3.2,1275,flipkart,,2 Days,,,CSV,Puma,19,5.263157894736842,False,Premium
microwave oven convection,Samsung microwave oven convection Model 810,22546.5,,3.3,105,croma,,Free Delivery,,,CSV,Samsung,18,5.555555555555555,False,Premium
air fryer India,Sony air fryer India Model 266,45361.0,,3.1,2934,croma,,5 Days,,,CSV,Sony,20,5.0,False,Luxury
men running shoes,Puma men running shoes Model 233,22065.0,,4.2,4990,flipkart,,Free Delivery,,,CSV,Puma,9,11.11111111111111,True,Premium
power bank fast charging,Puma power bank fast charging Model 621,48199.0,,3.9,203,amazon,,2 Days,,,CSV,Puma,12,8.333333333333332,False,Luxury
microwave oven convection,LG microwave oven convection Model 479,22546.5,,3.6,1335,amazon,,5 Days,,,CSV,LG,15,6.666666666666667,False,Premium
men running shoes,Nike men running shoes Model 602,22310.0,,3.8,255,croma,,5 Days,,,CSV,Nike,13,7.6923076923076925,False,Premium
microwave oven convection,LG microwave oven convection Model 351,31911.0,,4.4,2073,reliance digital,,2 Days,,,CSV,LG,7,14.285714285714285,True,Luxury
office chair ergonomic,Nike office chair ergonomic Model 173,33852.0,,4.4,3965,amazon,,2 Days,,,CSV,Nike,7,14.285714285714285,True,Luxury
men running shoes,HP men running shoes Model 796,16321.0,,4.8,4474,flipkart,,5 Days,,,CSV,HP,3,33.33333333333333,True,Premium
power bank fast charging,Puma power bank fast charging Model 343,889.0,,4.9,3557,reliance digital,,5 Days,,,CSV,Puma,2,50.0,True,Mid Range
microwave oven convection,Nike microwave oven convection Model 438,1670.0,,3.9,1982,amazon,,2 Days,,,CSV,Nike,12,8.333333333333332,False,Mid Range
office chair ergonomic,Sony office chair ergonomic Model 955,28760.0,,3.6,2169,flipkart,,2 Days,,,CSV,Sony,15,6.666666666666667,False,Luxury
microwave oven convection,Nike microwave oven convection Model 917,4484.0,,3.0,3422,reliance digital,,5 Days,,,CSV,Nike,21,4.761904761904762,False,Mid Range
air fryer India,Dell air fryer India Model 250,25576.0,,2.9,1041,flipkart,,5 Days,,,CSV,Dell,22,4.545454545454546,False,Luxury
power bank fast charging,Boat power bank fast charging Model 977,26131.0,,3.3,2070,amazon,,5 Days,,,CSV,Boat,18,5.555555555555555,False,Luxury
microwave oven convection,Dell microwave oven convection Model 272,22546.5,,4.5,351,reliance digital,,5 Days,,,CSV,Dell,6,16.666666666666664,True,Premium
air fryer India,LG air fryer India Model 797,10526.0,,4.7,4373,reliance digital,,2 Days,,,CSV,LG,4,25.0,True,Premium
office chair ergonomic,LG office chair ergonomic Model 187,7370.0,,4.9,324,flipkart,,5 Days,,,CSV,LG,2,50.0,True,Premium
power bank fast charging,LG power bank fast charging Model 927,5380.0,,2.6,1069,croma,,Free Delivery,,,CSV,LG,25,4.0,False,Premium
office chair ergonomic,Boat office chair ergonomic Model 251,10118.0,,3.7,2270,amazon,,2 Days,,,CSV,Boat,14,7.142857142857142,False,Premium
men running shoes,Philips men running shoes Model 769,6357.0,,3.3,255,reliance digital,,5 Days,,,CSV,Philips,18,5.555555555555555,False,Premium
power bank fast charging,Dell power bank fast charging Model 326,35283.0,,3.8,4008,amazon,,2 Days,,,CSV,Dell,13,7.6923076923076925,False,Luxury
men running shoes,Dell men running shoes Model 450,2830.0,,2.9,3675,amazon,,2 Days,,,CSV,Dell,22,4.545454545454546,False,Mid Range
power bank fast charging,LG power bank fast charging Model 330,28981.0,,3.8,4349,croma,,2 Days,,,CSV,LG,13,7.6923076923076925,False,Luxury
office chair ergonomic,LG office chair ergonomic Model 365,42218.0,,3.0,138,amazon,,Free Delivery,,,CSV,LG,21,4.761904761904762,False,Luxury
men running shoes,LG men running shoes Model 272,20795.0,,4.1,1456,flipkart,,2 Days,,,CSV,LG,10,10.0,True,Premium
microwave oven convection,HP microwave oven convection Model 260,10399.0,,4.8,1364,croma,,2 Days,,,CSV,HP,3,33.33333333333333,True,Premium
power bank fast charging,Puma power bank fast charging Model 256,26131.0,,3.9,3436,amazon,,Free Delivery,,,CSV,Puma,12,8.333333333333332,False,Luxury
men running shoes,HP men running shoes Model 980,22136.0,,4.4,2269,croma,,Free Delivery,,,CSV,HP,7,14.285714285714285,True,Premium
power bank fast charging,Boat power bank fast charging Model 625,38621.0,,3.5,2443,amazon,,2 Days,,,CSV,Boat,16,6.25,False,Luxury
office chair ergonomic,HP office chair ergonomic Model 850,47613.0,,4.9,4909,croma,,5 Days,,,CSV,HP,2,50.0,True,Luxury
microwave oven convection,Boat microwave oven convection Model 255,9089.0,,4.1,3138,croma,,5 Days,,,CSV,Boat,10,10.0,True,Premium
air fryer India,Sony air fryer India Model 404,10311.0,,2.9,2685,croma,,Free Delivery,,,CSV,Sony,22,4.545454545454546,False,Premium
air fryer India,Philips air fryer India Model 313,38075.0,,3.5,1080,amazon,,Free Delivery,,,CSV,Philips,16,6.25,False,Luxury
microwave oven convection,Puma microwave oven convection Model 765,8497.0,,2.6,1408,croma,,2 Days,,,CSV,Puma,25,4.0,False,Premium
microwave oven convection,LG microwave oven convection Model 377,15541.0,,3.8,1848,reliance digital,,5 Days,,,CSV,LG,13,7.6923076923076925,False,Premium
power bank fast charging,Nike power bank fast charging Model 332,20043.0,,3.7,2355,flipkart,,2 Days,,,CSV,Nike,14,7.142857142857142,False,Premium
microwave oven convection,Puma microwave oven convection Model 583,33632.0,,4.5,,reliance digital,,Free Delivery,,,CSV,Puma,6,16.666666666666664,True,Luxury
men running shoes,Philips men running shoes Model 437,8752.0,,4.7,3962,amazon,,5 Days,,,CSV,Philips,4,25.0,True,Premium
microwave oven convection,Sony microwave oven convection Model 873,35455.0,,3.7,2825,flipkart,,5 Days,,,CSV,Sony,14,7.142857142857142,False,Luxury
microwave oven convection,Boat microwave oven convection Model 875,6446.0,,4.6,613,amazon,,2 Days,,,CSV,Boat,5,20.0,True,Premium
microwave oven convection,Sony microwave oven convection Model 369,4789.0,,4.6,589,amazon,,5 Days,,,CSV,Sony,5,20.0,True,Mid Range
men running shoes,Dell men running shoes Model 900,8466.0,,3.2,3377,croma,,2 Days,,,CSV,Dell,19,5.263157894736842,False,Premium
men running shoes,Philips men running shoes Model 503,46885.0,,4.4,986,amazon,,Free Delivery,,,CSV,Philips,7,14.285714285714285,True,Luxury
microwave oven convection,Sony microwave oven convection Model 912,22546.5,,4.0,1238,reliance digital,,2 Days,,,CSV,Sony,11,9.090909090909092,False,Premium
men running shoes,Samsung men running shoes Model 630,22065.0,,2.7,1756,amazon,,2 Days,,,CSV,Samsung,24,4.166666666666666,False,Premium
men running shoes,HP men running shoes Model 956,1861.0,,3.9,652,croma,,5 Days,,,CSV,HP,12,8.333333333333332,False,Mid Range
air fryer India,Dell air fryer India Model 284,36220.0,,3.6,2875,croma,,Free Delivery,,,CSV,Dell,15,6.666666666666667,False,Luxury
microwave oven convection,Dell microwave oven convection Model 370,41318.0,,3.8,4161,reliance digital,,2 Days,,,CSV,Dell,13,7.6923076923076925,False,Luxury
office chair ergonomic,Puma office chair ergonomic Model 514,23925.5,,4.4,3775,croma,,5 Days,,,CSV,Puma,7,14.285714285714285,True,Premium
men running shoes,Samsung men running shoes Model 311,47745.0,,3.7,1278,flipkart,,Free Delivery,,,CSV,Samsung,14,7.142857142857142,False,Luxury
microwave oven convection,Nike microwave oven convection Model 591,22546.5,,2.7,3821,reliance digital,,5 Days,,,CSV,Nike,24,4.166666666666666,False,Premium
air fryer India,Dell air fryer India Model 810,10588.0,,3.9,4559,croma,,5 Days,,,CSV,Dell,12,8.333333333333332,False,Premium
air fryer India,HP air fryer India Model 922,15908.0,,3.0,2532,reliance digital,,5 Days,,,CSV,HP,21,4.761904761904762,False,Premium
power bank fast charging,Boat power bank fast charging Model 137,26131.0,,3.9,1650,reliance digital,,5 Days,,,CSV,Boat,12,8.333333333333332,False,Luxury
microwave oven convection,HP microwave oven convection Model 231,15909.0,,3.3,3043,reliance digital,,Free Delivery,,,CSV,HP,18,5.555555555555555,False,Premium
office chair ergonomic,Nike office chair ergonomic Model 462,23777.0,,3.7,1783,croma,,2 Days,,,CSV,Nike,14,7.142857142857142,False,Premium
microwave oven convection,Puma microwave oven convection Model 380,17378.0,,4.6,4702,flipkart,,5 Days,,,CSV,Puma,5,20.0,True,Premium
men running shoes,HP men running shoes Model 157,35128.0,,4.7,2310,reliance digital,,2 Days,,,CSV,HP,4,25.0,True,Luxury
office chair ergonomic,LG office chair ergonomic Model 374,23925.5,,4.5,1364,croma,,5 Days,,,CSV,LG,6,16.666666666666664,True,Premium
men running shoes,Philips men running shoes Model 776,12533.0,,4.8,208,flipkart,,Free Delivery,,,CSV,Philips,3,33.33333333333333,True,Premium
air fryer India,Samsung air fryer India Model 961,14116.0,,2.6,2903,croma,,Free Delivery,,,CSV,Samsung,25,4.0,False,Premium
power bank fast charging,Nike power bank fast charging Model 363,702.0,,4.5,1477,flipkart,,2 Days,,,CSV,Nike,6,16.666666666666664,True,Mid Range
men running shoes,Dell men running shoes Model 705,20430.0,,4.6,4958,croma,,2 Days,,,CSV,Dell,5,20.0,True,Premium
microwave oven convection,Samsung microwave oven convection Model 692,49213.0,,4.9,4261,amazon,,Free Delivery,,,CSV,Samsung,2,50.0,True,Luxury
microwave oven convection,HP microwave oven convection Model 498,36910.0,,3.3,1021,flipkart,,2 Days,,,CSV,HP,18,5.555555555555555,False,Luxury
microwave oven convection,Boat microwave oven convection Model 460,16391.0,,4.4,4959,croma,,2 Days,,,CSV,Boat,7,14.285714285714285,True,Premium
office chair ergonomic,Boat office chair ergonomic Model 748,27212.0,,3.0,2333,flipkart,,Free Delivery,,,CSV,Boat,21,4.761904761904762,False,Luxury
power bank fast charging,LG power bank fast charging Model 928,23555.0,,4.9,506,flipkart,,Free Delivery,,,CSV,LG,2,50.0,True,Premium
office chair ergonomic,HP office chair ergonomic Model 934,42606.0,,3.0,3555,flipkart,,Free Delivery,,,CSV,HP,21,4.761904761904762,False,Luxury
power bank fast charging,Sony power bank fast charging Model 242,17801.0,,3.4,2910,croma,,2 Days,,,CSV,Sony,17,5.88235294117647,False,Premium
microwave oven convection,Dell microwave oven convection Model 190,41050.0,,4.4,1230,reliance digital,,Free Delivery,,,CSV,Dell,7,14.285714285714285,True,Luxury
power bank fast charging,Philips power bank fast charging Model 319,38764.0,,3.9,416,croma,,5 Days,,,CSV,Philips,12,8.333333333333332,False,Luxury
power bank fast charging,Samsung power bank fast charging Model 461,2621.0,,4.9,112,amazon,,Free Delivery,,,CSV,Samsung,2,50.0,True,Mid Range
power bank fast charging,Boat power bank fast charging Model 133,4165.0,,3.4,2655,croma,,5 Days,,,CSV,Boat,17,5.88235294117647,False,Mid Range
office chair ergonomic,Philips office chair ergonomic Model 510,48400.0,,4.8,469,reliance digital,,Free Delivery,,,CSV,Philips,3,33.33333333333333,True,Luxury
men running shoes,Boat men running shoes Model 369,22065.0,,3.6,1998,flipkart,,2 Days,,,CSV,Boat,15,6.666666666666667,False,Premium
microwave oven convection,Sony microwave oven convection Model 340,22546.5,,4.3,4487,reliance digital,,5 Days,,,CSV,Sony,8,12.5,True,Premium
office chair ergonomic,Nike office chair ergonomic Model 416,23925.5,,3.7,1943,croma,,Free Delivery,,,CSV,Nike,14,7.142857142857142,False,Premium
air fryer India,Philips air fryer India Model 746,23754.5,,4.0,4869,croma,,Free Delivery,,,CSV,Philips,11,9.090909090909092,False,Premium
men running shoes,LG men running shoes Model 542,22065.0,,3.8,2690,reliance digital,,5 Days,,,CSV,LG,13,7.6923076923076925,False,Premium
air fryer India,Philips air fryer India Model 250,32487.0,,4.5,2194,reliance digital,,Free Delivery,,,CSV,Philips,6,16.666666666666664,True,Luxury
men running shoes,LG men running shoes Model 220,13243.0,,3.7,1513,flipkart,,Free Delivery,,,CSV,LG,14,7.142857142857142,False,Premium
microwave oven convection,Dell microwave oven convection Model 363,27413.0,,3.1,1596,flipkart,,2 Days,,,CSV,Dell,20,5.0,False,Luxury
power bank fast charging,HP power bank fast charging Model 389,18862.0,,4.7,4825,flipkart,,5 Days,,,CSV,HP,4,25.0,True,Premium
air fryer India,Puma air fryer India Model 420,19293.0,,3.5,721,amazon,,2 Days,,,CSV,Puma,16,6.25,False,Premium
air fryer India,Dell air fryer India Model 471,25906.0,,2.8,2582,reliance digital,,Free Delivery,,,CSV,Dell,23,4.3478260869565215,False,Luxury
men running shoes,Puma men running shoes Model 302,46676.0,,3.0,1248,flipkart,,Free Delivery,,,CSV,Puma,21,4.761904761904762,False,Luxury
air fryer India,Sony air fryer India Model 232,44203.0,,4.7,2799,croma,,Free Delivery,,,CSV,Sony,4,25.0,True,Luxury
power bank fast charging,Dell power bank fast charging Model 386,26131.0,,4.2,962,reliance digital,,Free Delivery,,,CSV,Dell,9,11.11111111111111,True,Luxury
microwave oven convection,HP microwave oven convection Model 285,22546.5,,3.8,2826,flipkart,,2 Days,,,CSV,HP,13,7.6923076923076925,False,Premium
air fryer India,Puma air fryer India Model 349,30268.0,,4.2,3941,croma,,Free Delivery,,,CSV,Puma,9,11.11111111111111,True,Luxury
men running shoes,Boat men running shoes Model 401,22065.0,,3.2,1261,reliance digital,,5 Days,,,CSV,Boat,19,5.263157894736842,False,Premium
power bank fast charging,Nike power bank fast charging Model 369,44892.0,,3.9,383,amazon,,2 Days,,,CSV,Nike,12,8.333333333333332,False,Luxury
microwave oven convection,HP microwave oven convection Model 284,44322.0,,4.3,2946,croma,,5 Days,,,CSV,HP,8,12.5,True,Luxury
air fryer India,Boat air fryer India Model 908,41753.0,,4.3,3905,reliance digital,,Free Delivery,,,CSV,Boat,8,12.5,True,Luxury
office chair ergonomic,LG office chair ergonomic Model 572,23787.0,,4.4,2192,croma,,Free Delivery,,,CSV,LG,7,14.285714285714285,True,Premium
men running shoes,Nike men running shoes Model 761,22667.0,,4.7,1929,flipkart,,Free Delivery,,,CSV,Nike,4,25.0,True,Premium
office chair ergonomic,LG office chair ergonomic Model 655,41827.0,,4.1,,flipkart,,Free Delivery,,,CSV,LG,10,10.0,True,Luxury
air fryer India,LG air fryer India Model 811,33630.0,,4.0,1597,reliance digital,,Free Delivery,,,CSV,LG,11,9.090909090909092,False,Luxury
microwave oven convection,Puma microwave oven convection Model 556,22546.5,,4.3,4490,croma,,2 Days,,,CSV,Puma,8,12.5,True,Premium
air fryer India,LG air fryer India Model 528,48545.0,,4.5,309,flipkart,,5 Days,,,CSV,LG,6,16.666666666666664,True,Luxury
microwave oven convection,LG microwave oven convection Model 606,30148.0,,2.7,4899,croma,,5 Days,,,CSV,LG,24,4.166666666666666,False,Luxury
power bank fast charging,Dell power bank fast charging Model 949,26802.0,,2.9,3666,flipkart,,Free Delivery,,,CSV,Dell,22,4.545454545454546,False,Luxury
power bank fast charging,HP power bank fast charging Model 389,26131.0,,3.9,1152,croma,,5 Days,,,CSV,HP,12,8.333333333333332,False,Luxury
power bank fast charging,Sony power bank fast charging Model 531,32369.0,,2.6,2525,flipkart,,Free Delivery,,,CSV,Sony,25,4.0,False,Luxury
men running shoes,Samsung men running shoes Model 624,22065.0,,3.7,4218,croma,,5 Days,,,CSV,Samsung,14,7.142857142857142,False,Premium
office chair ergonomic,Nike office chair ergonomic Model 985,46962.0,,3.6,526,croma,,2 Days,,,CSV,Nike,15,6.666666666666667,False,Luxury
power bank fast charging,HP power bank fast charging Model 469,23432.0,,3.3,,croma,,2 Days,,,CSV,HP,18,5.555555555555555,False,Premium
power bank fast charging,Samsung power bank fast charging Model 954,16114.0,,3.1,3197,reliance digital,,2 Days,,,CSV,Samsung,20,5.0,False,Premium
power bank fast charging,Puma power bank fast charging Model 144,36520.0,,3.1,3011,reliance digital,,5 Days,,,CSV,Puma,20,5.0,False,Luxury
office chair ergonomic,Nike office chair ergonomic Model 799,48982.0,,3.3,3233,amazon,,Free Delivery,,,CSV,Nike,18,5.555555555555555,False,Luxury
power bank fast charging,Samsung power bank fast charging Model 447,14024.0,,4.0,3085,reliance digital,,Free Delivery,,,CSV,Samsung,11,9.090909090909092,False,Premium
air fryer India,LG air fryer India Model 152,28647.0,,3.9,3757,flipkart,,5 Days,,,CSV,LG,12,8.333333333333332,False,Luxury
office chair ergonomic,Nike office chair ergonomic Model 321,17858.0,,3.7,666,flipkart,,5 Days,,,CSV,Nike,14,7.142857142857142,False,Premium
air fryer India,Nike air fryer India Model 609,34421.0,,2.8,660,amazon,,Free Delivery,,,CSV,Nike,23,4.3478260869565215,False,Luxury
power bank fast charging,Boat power bank fast charging Model 295,17152.0,,3.9,1879,flipkart,,Free Delivery,,,CSV,Boat,12,8.333333333333332,False,Premium
power bank fast charging,Samsung power bank fast charging Model 308,780.0,,2.9,2239,croma,,2 Days,,,CSV,Samsung,22,4.545454545454546,False,Mid Range
men running shoes,Puma men running shoes Model 846,1264.0,,4.2,1855,croma,,5 Days,,,CSV,Puma,9,11.11111111111111,True,Mid Range
air fryer India,Dell air fryer India Model 255,26154.0,,3.4,1644,flipkart,,Free Delivery,,,CSV,Dell,17,5.88235294117647,False,Luxury
power bank fast charging,Sony power bank fast charging Model 220,35128.0,,4.3,1617,amazon,,5 Days,,,CSV,Sony,8,12.5,True,Luxury
air fryer India,Boat air fryer India Model 553,23754.5,,4.5,1543,amazon,,2 Days,,,CSV,Boat,6,16.666666666666664,True,Premium
microwave oven convection,HP microwave oven convection Model 161,34850.0,,4.7,1498,amazon,,5 Days,,,CSV,HP,4,25.0,True,Luxury
power bank fast charging,Puma power bank fast charging Model 131,8933.0,,3.8,143,amazon,,2 Days,,,CSV,Puma,13,7.6923076923076925,False,Premium
office chair ergonomic,Puma office chair ergonomic Model 677,20577.0,,3.6,3338,croma,,5 Days,,,CSV,Puma,15,6.666666666666667,False,Premium
power bank fast charging,LG power bank fast charging Model 664,34516.0,,4.0,2812,amazon,,Free Delivery,,,CSV,LG,11,9.090909090909092,False,Luxury
microwave oven convection,Puma microwave oven convection Model 871,11766.0,,4.5,4784,reliance digital,,5 Days,,,CSV,Puma,6,16.666666666666664,True,Premium
men running shoes,HP men running shoes Model 660,22065.0,,4.1,1332,croma,,5 Days,,,CSV,HP,10,10.0,True,Premium
power bank fast charging,Philips power bank fast charging Model 956,22658.0,,4.3,4250,amazon,,2 Days,,,CSV,Philips,8,12.5,True,Premium
air fryer India,HP air fryer India Model 320,23754.5,,3.4,381,reliance digital,,Free Delivery,,,CSV,HP,17,5.88235294117647,False,Premium
air fryer India,Puma air fryer India Model 328,22632.0,,4.8,2008,amazon,,Free Delivery,,,CSV,Puma,3,33.33333333333333,True,Premium
microwave oven convection,Boat microwave oven convection Model 117,12123.0,,4.6,4412,flipkart,,5 Days,,,CSV,Boat,5,20.0,True,Premium
microwave oven convection,Philips microwave oven convection Model 955,22546.5,,4.3,4330,flipkart,,5 Days,,,CSV,Philips,8,12.5,True,Premium
power bank fast charging,HP power bank fast charging Model 832,30429.0,,4.4,4501,flipkart,,Free Delivery,,,CSV,HP,7,14.285714285714285,True,Luxury
power bank fast charging,Sony power bank fast charging Model 552,1240.0,,4.0,1072,flipkart,,Free Delivery,,,CSV,Sony,11,9.090909090909092,False,Mid Range
men running shoes,Nike men running shoes Model 523,19303.0,,4.7,3172,amazon,,2 Days,,,CSV,Nike,4,25.0,True,Premium
office chair ergonomic,Sony office chair ergonomic Model 587,2295.0,,3.7,4417,croma,,5 Days,,,CSV,Sony,14,7.142857142857142,False,Mid Range
microwave oven convection,Nike microwave oven convection Model 158,22546.5,,3.5,4292,croma,,5 Days,,,CSV,Nike,16,6.25,False,Premium
office chair ergonomic,Puma office chair ergonomic Model 360,24626.0,,2.8,3256,croma,,Free Delivery,,,CSV,Puma,23,4.3478260869565215,False,Luxury
power bank fast charging,Dell power bank fast charging Model 204,49421.0,,2.6,1928,flipkart,,Free Delivery,,,CSV,Dell,25,4.0,False,Luxury
air fryer India,Nike air fryer India Model 534,17928.0,,3.4,3731,reliance digital,,2 Days,,,CSV,Nike,17,5.88235294117647,False,Premium
men running shoes,LG men running shoes Model 145,30111.0,,3.1,702,reliance digital,,Free Delivery,,,CSV,LG,20,5.0,False,Luxury
air fryer India,Philips air fryer India Model 360,17016.0,,3.5,2921,reliance digital,,Free Delivery,,,CSV,Philips,16,6.25,False,Premium
power bank fast charging,HP power bank fast charging Model 824,3841.0,,3.8,1977,amazon,,5 Days,,,CSV,HP,13,7.6923076923076925,False,Mid Range
microwave oven convection,Samsung microwave oven convection Model 836,17755.0,,3.3,903,reliance digital,,Free Delivery,,,CSV,Samsung,18,5.555555555555555,False,Premium
power bank fast charging,Samsung power bank fast charging Model 858,4182.0,,4.4,2560,amazon,,Free Delivery,,,CSV,Samsung,7,14.285714285714285,True,Mid Range
power bank fast charging,LG power bank fast charging Model 466,49248.0,,3.9,1875,amazon,,5 Days,,,CSV,LG,12,8.333333333333332,False,Luxury
men running shoes,Nike men running shoes Model 143,44839.0,,2.6,3003,flipkart,,Free Delivery,,,CSV,Nike,25,4.0,False,Luxury
power bank fast charging,LG power bank fast charging Model 591,26131.0,,3.4,2625,amazon,,Free Delivery,,,CSV,LG,17,5.88235294117647,False,Luxury
office chair ergonomic,Boat office chair ergonomic Model 149,17627.0,,3.6,2289,amazon,,2 Days,,,CSV,Boat,15,6.666666666666667,False,Premium
power bank fast charging,LG power bank fast charging Model 249,26131.0,,2.8,2046,flipkart,,Free Delivery,,,CSV,LG,23,4.3478260869565215,False,Luxury
office chair ergonomic,Puma office chair ergonomic Model 996,23925.5,,3.1,2181,reliance digital,,5 Days,,,CSV,Puma,20,5.0,False,Premium
office chair ergonomic,Philips office chair ergonomic Model 390,23925.5,,3.7,2563,reliance digital,,5 Days,,,CSV,Philips,14,7.142857142857142,False,Premium
power bank fast charging,LG power bank fast charging Model 549,32260.0,,4.7,1850,reliance digital,,5 Days,,,CSV,LG,4,25.0,True,Luxury
power bank fast charging,Philips power bank fast charging Model 461,26131.0,,3.1,4526,amazon,,2 Days,,,CSV,Philips,20,5.0,False,Luxury
office chair ergonomic,Sony office chair ergonomic Model 269,35424.0,,3.8,886,amazon,,5 Days,,,CSV,Sony,13,7.6923076923076925,False,Luxury
air fryer India,Philips air fryer India Model 729,21132.0,,2.7,4262,croma,,Free Delivery,,,CSV,Philips,24,4.166666666666666,False,Premium
men running shoes,Philips men running shoes Model 417,12377.0,,4.1,1839,flipkart,,5 Days,,,CSV,Philips,10,10.0,True,Premium
power bank fast charging,Nike power bank fast charging Model 843,21420.0,,4.5,465,flipkart,,Free Delivery,,,CSV,Nike,6,16.666666666666664,True,Premium
office chair ergonomic,Nike office chair ergonomic Model 207,18384.0,,3.9,3798,flipkart,,2 Days,,,CSV,Nike,12,8.333333333333332,False,Premium
microwave oven convection,HP microwave oven convection Model 936,39408.0,,4.2,3196,croma,,5 Days,,,CSV,HP,9,11.11111111111111,True,Luxury
air fryer India,Philips air fryer India Model 269,23754.5,,3.6,1770,flipkart,,5 Days,,,CSV,Philips,15,6.666666666666667,False,Premium
office chair ergonomic,LG office chair ergonomic Model 518,37579.0,,3.0,2735,amazon,,2 Days,,,CSV,LG,21,4.761904761904762,False,Luxury
men running shoes,Boat men running shoes Model 196,6965.0,,4.7,281,amazon,,Free Delivery,,,CSV,Boat,4,25.0,True,Premium
power bank fast charging,LG power bank fast charging Model 926,5841.0,,3.5,1593,croma,,5 Days,,,CSV,LG,16,6.25,False,Premium
power bank fast charging,Samsung power bank fast charging Model 204,35892.0,,4.0,4811,amazon,,2 Days,,,CSV,Samsung,11,9.090909090909092,False,Luxury
men running shoes,Boat men running shoes Model 488,34899.0,,4.3,2120,amazon,,5 Days,,,CSV,Boat,8,12.5,True,Luxury
air fryer India,Philips air fryer India Model 777,24223.0,,2.9,2765,reliance digital,,5 Days,,,CSV,Philips,22,4.545454545454546,False,Luxury
office chair ergonomic,Puma office chair ergonomic Model 336,23925.5,,3.3,4418,flipkart,,2 Days,,,CSV,Puma,18,5.555555555555555,False,Premium
air fryer India,LG air fryer India Model 328,23754.5,,3.9,2799,reliance digital,,5 Days,,,CSV,LG,12,8.333333333333332,False,Premium
microwave oven convection,LG microwave oven convection Model 465,35692.0,,3.1,560,flipkart,,2 Days,,,CSV,LG,20,5.0,False,Luxury
men running shoes,Philips men running shoes Model 921,6136.0,,3.7,3343,croma,,Free Delivery,,,CSV,Philips,14,7.142857142857142,False,Premium
men running shoes,Sony men running shoes Model 459,42264.0,,3.5,3067,flipkart,,2 Days,,,CSV,Sony,16,6.25,False,Luxury
office chair ergonomic,Puma office chair ergonomic Model 906,23890.0,,3.7,2464,reliance digital,,2 Days,,,CSV,Puma,14,7.142857142857142,False,Premium
power bank fast charging,Puma power bank fast charging Model 949,26131.0,,4.8,1988,amazon,,Free Delivery,,,CSV,Puma,3,33.33333333333333,True,Luxury
men running shoes,HP men running shoes Model 911,9329.0,,4.5,418,amazon,,5 Days,,,CSV,HP,6,16.666666666666664,True,Premium
air fryer India,HP air fryer India Model 837,20648.0,,3.8,866,reliance digital,,5 Days,,,CSV,HP,13,7.6923076923076925,False,Premium
power bank fast charging,LG power bank fast charging Model 340,40436.0,,3.9,4359,reliance digital,,2 Days,,,CSV,LG,12,8.333333333333332,False,Luxury
men running shoes,Nike men running shoes Model 543,22065.0,,3.7,2416,flipkart,,5 Days,,,CSV,Nike,14,7.142857142857142,False,Premium
microwave oven convection,Nike microwave oven convection Model 856,27091.0,,4.1,277,croma,,5 Days,,,CSV,Nike,10,10.0,True,Luxury
men running shoes,Boat men running shoes Model 803,20987.0,,4.5,3826,flipkart,,2 Days,,,CSV,Boat,6,16.666666666666664,True,Premium
power bank fast charging,Philips power bank fast charging Model 895,26131.0,,4.6,2596,croma,,2 Days,,,CSV,Philips,5,20.0,True,Luxury
office chair ergonomic,Nike office chair ergonomic Model 698,18380.0,,3.1,1698,reliance digital,,Free Delivery,,,CSV,Nike,20,5.0,False,Premium
office chair ergonomic,Dell office chair ergonomic Model 875,32126.0,,3.2,3250,reliance digital,,5 Days,,,CSV,Dell,19,5.263157894736842,False,Luxury
air fryer India,Philips air fryer India Model 596,21238.0,,4.8,2607,flipkart,,Free Delivery,,,CSV,Philips,3,33.33333333333333,True,Premium
men running shoes,Boat men running shoes Model 933,22065.0,,3.7,4626,reliance digital,,5 Days,,,CSV,Boat,14,7.142857142857142,False,Premium
air fryer India,Samsung air fryer India Model 271,23754.5,,3.0,2163,reliance digital,,5 Days,,,CSV,Samsung,21,4.761904761904762,False,Premium
office chair ergonomic,HP office chair ergonomic Model 303,1279.0,,4.9,4932,amazon,,2 Days,,,CSV,HP,2,50.0,True,Mid Range
office chair ergonomic,Philips office chair ergonomic Model 477,10866.0,,3.7,4350,croma,,5 Days,,,CSV,Philips,14,7.142857142857142,False,Premium
power bank fast charging,Philips power bank fast charging Model 642,28225.0,,4.6,2579,reliance digital,,2 Days,,,CSV,Philips,5,20.0,True,Luxury
air fryer India,Nike air fryer India Model 718,29744.0,,4.3,767,croma,,5 Days,,,CSV,Nike,8,12.5,True,Luxury
men running shoes,Puma men running shoes Model 786,46190.0,,4.4,4850,reliance digital,,2 Days,,,CSV,Puma,7,14.285714285714285,True,Luxury
air fryer India,Philips air fryer India Model 430,23754.5,,3.8,2842,amazon,,2 Days,,,CSV,Philips,13,7.6923076923076925,False,Premium
power bank fast charging,Puma power bank fast charging Model 482,45981.0,,4.7,4614,croma,,Free Delivery,,,CSV,Puma,4,25.0,True,Luxury
air fryer India,Samsung air fryer India Model 258,23754.5,,3.4,1089,croma,,2 Days,,,CSV,Samsung,17,5.88235294117647,False,Premium
office chair ergonomic,Puma office chair ergonomic Model 101,23925.5,,4.7,2219,amazon,,Free Delivery,,,CSV,Puma,4,25.0,True,Premium
air fryer India,Philips air fryer India Model 969,34115.0,,3.7,2589,reliance digital,,2 Days,,,CSV,Philips,14,7.142857142857142,False,Luxury
men running shoes,Puma men running shoes Model 582,28024.0,,3.7,80,flipkart,,Free Delivery,,,CSV,Puma,14,7.142857142857142,False,Luxury
men running shoes,Puma men running shoes Model 698,10209.0,,4.2,1801,reliance digital,,5 Days,,,CSV,Puma,9,11.11111111111111,True,Premium
air fryer India,Samsung air fryer India Model 828,46174.0,,3.8,996,flipkart,,2 Days,,,CSV,Samsung,13,7.6923076923076925,False,Luxury
power bank fast charging,Samsung power bank fast charging Model 560,26131.0,,3.9,3606,reliance digital,,5 Days,,,CSV,Samsung,12,8.333333333333332,False,Luxury
power bank fast charging,Boat power bank fast charging Model 839,14552.0,,3.0,3900,amazon,,Free Delivery,,,CSV,Boat,21,4.761904761904762,False,Premium
power bank fast charging,Boat power bank fast charging Model 674,37226.0,,4.0,240,amazon,,Free Delivery,,,CSV,Boat,11,9.090909090909092,False,Luxury
microwave oven convection,Dell microwave oven convection Model 467,2674.0,,4.7,1877,amazon,,2 Days,,,CSV,Dell,4,25.0,True,Mid Range
office chair ergonomic,LG office chair ergonomic Model 721,29876.0,,4.9,2562,croma,,Free Delivery,,,CSV,LG,2,50.0,True,Luxury
office chair ergonomic,HP office chair ergonomic Model 674,25437.0,,3.0,2042,croma,,2 Days,,,CSV,HP,21,4.761904761904762,False,Luxury
microwave oven convection,Samsung microwave oven convection Model 355,19714.0,,2.5,658,amazon,,Free Delivery,,,CSV,Samsung,26,3.8461538461538463,False,Premium
men running shoes,HP men running shoes Model 182,47672.0,,3.9,,reliance digital,,2 Days,,,CSV,HP,12,8.333333333333332,False,Luxury
men running shoes,HP men running shoes Model 331,29643.0,,4.6,359,reliance digital,,2 Days,,,CSV,HP,5,20.0,True,Luxury
power bank fast charging,Sony power bank fast charging Model 702,26131.0,,4.7,4883,croma,,5 Days,,,CSV,Sony,4,25.0,True,Luxury
office chair ergonomic,Boat office chair ergonomic Model 293,14351.0,,3.9,1098,flipkart,,5 Days,,,CSV,Boat,12,8.333333333333332,False,Premium
air fryer India,Nike air fryer India Model 642,6086.0,,3.8,4274,flipkart,,5 Days,,,CSV,Nike,13,7.6923076923076925,False,Premium
air fryer India,HP air fryer India Model 311,43097.0,,3.6,1168,reliance digital,,2 Days,,,CSV,HP,15,6.666666666666667,False,Luxury
office chair ergonomic,HP office chair ergonomic Model 929,48052.0,,3.8,37,croma,,2 Days,,,CSV,HP,13,7.6923076923076925,False,Luxury
office chair ergonomic,Nike office chair ergonomic Model 400,14284.0,,4.7,1381,croma,,Free Delivery,,,CSV,Nike,4,25.0,True,Premium
men running shoes,Nike men running shoes Model 617,17198.0,,3.8,3865,croma,,5 Days,,,CSV,Nike,13,7.6923076923076925,False,Premium
power bank fast charging,HP power bank fast charging Model 745,30753.0,,4.6,884,reliance digital,,2 Days,,,CSV,HP,5,20.0,True,Luxury
men running shoes,Philips men running shoes Model 827,22065.0,,2.7,2023,flipkart,,Free Delivery,,,CSV,Philips,24,4.166666666666666,False,Premium
microwave oven convection,LG microwave oven convection Model 103,45883.0,,4.5,1488,flipkart,,2 Days,,,CSV,LG,6,16.666666666666664,True,Luxury
microwave oven convection,Nike microwave oven convection Model 484,35539.0,,3.8,461,reliance digital,,Free Delivery,,,CSV,Nike,13,7.6923076923076925,False,Luxury
microwave oven convection,Nike microwave oven convection Model 744,14102.0,,3.3,355,reliance digital,,Free Delivery,,,CSV,Nike,18,5.555555555555555,False,Premium
power bank fast charging,HP power bank fast charging Model 251,29650.0,,4.0,2211,amazon,,5 Days,,,CSV,HP,11,9.090909090909092,False,Luxury
men running shoes,Nike men running shoes Model 881,22065.0,,4.3,3162,amazon,,Free Delivery,,,CSV,Nike,8,12.5,True,Premium
men running shoes,Philips men running shoes Model 830,37227.0,,3.2,2415,flipkart,,Free Delivery,,,CSV,Philips,19,5.263157894736842,False,Luxury
men running shoes,Sony men running shoes Model 146,15396.0,,4.5,1884,flipkart,,5 Days,,,CSV,Sony,6,16.666666666666664,True,Premium
power bank fast charging,Puma power bank fast charging Model 127,10720.0,,4.3,629,reliance digital,,Free Delivery,,,CSV,Puma,8,12.5,True,Premium
men running shoes,Samsung men running shoes Model 413,14199.0,,3.9,4628,reliance digital,,Free Delivery,,,CSV,Samsung,12,8.333333333333332,False,Premium
air fryer India,Samsung air fryer India Model 611,3868.0,,2.7,4042,croma,,2 Days,,,CSV,Samsung,24,4.166666666666666,False,Mid Range
power bank fast charging,LG power bank fast charging Model 130,49897.0,,3.0,2424,reliance digital,,5 Days,,,CSV,LG,21,4.761904761904762,False,Luxury
office chair ergonomic,Nike office chair ergonomic Model 962,23925.5,,4.6,2246,flipkart,,5 Days,,,CSV,Nike,5,20.0,True,Premium
office chair ergonomic,Boat office chair ergonomic Model 306,33632.0,,3.7,803,reliance digital,,2 Days,,,CSV,Boat,14,7.142857142857142,False,Luxury
microwave oven convection,Boat microwave oven convection Model 962,13198.0,,4.3,3270,amazon,,2 Days,,,CSV,Boat,8,12.5,True,Premium
microwave oven convection,Puma microwave oven convection Model 409,19446.0,,3.8,2308,croma,,2 Days,,,CSV,Puma,13,7.6923076923076925,False,Premium
air fryer India,HP air fryer India Model 794,27642.0,,4.9,22,reliance digital,,5 Days,,,CSV,HP,2,50.0,True,Luxury
power bank fast charging,Boat power bank fast charging Model 410,7209.0,,3.8,4713,flipkart,,Free Delivery,,,CSV,Boat,13,7.6923076923076925,False,Premium
microwave oven convection,Boat microwave oven convection Model 217,4482.0,,3.2,779,croma,,2 Days,,,CSV,Boat,19,5.263157894736842,False,Mid Range
power bank fast charging,LG power bank fast charging Model 610,32170.0,,3.4,852,reliance digital,,Free Delivery,,,CSV,LG,17,5.88235294117647,False,Luxury
power bank fast charging,Samsung power bank fast charging Model 384,11076.0,,4.4,2498,amazon,,Free Delivery,,,CSV,Samsung,7,14.285714285714285,True,Premium
air fryer India,Puma air fryer India Model 890,22607.0,,3.3,2977,reliance digital,,2 Days,,,CSV,Puma,18,5.555555555555555,False,Premium
microwave oven convection,HP microwave oven convection Model 255,22546.5,,4.8,644,reliance digital,,Free Delivery,,,CSV,HP,3,33.33333333333333,True,Premium
microwave oven convection,LG microwave oven convection Model 538,22546.5,,4.3,3962,reliance digital,,5 Days,,,CSV,LG,8,12.5,True,Premium
men running shoes,Nike men running shoes Model 445,6514.0,,3.1,3970,amazon,,Free Delivery,,,CSV,Nike,20,5.0,False,Premium
power bank fast charging,Nike power bank fast charging Model 184,26131.0,,2.8,1599,croma,,2 Days,,,CSV,Nike,23,4.3478260869565215,False,Luxury
power bank fast charging,Puma power bank fast charging Model 391,21690.0,,3.2,3331,flipkart,,2 Days,,,CSV,Puma,19,5.263157894736842,False,Premium
office chair ergonomic,LG office chair ergonomic Model 994,13287.0,,4.6,414,croma,,Free Delivery,,,CSV,LG,5,20.0,True,Premium
microwave oven convection,Sony microwave oven convection Model 718,22546.5,,4.0,1163,croma,,5 Days,,,CSV,Sony,11,9.090909090909092,False,Premium
power bank fast charging,Philips power bank fast charging Model 285,26131.0,,3.0,2704,amazon,,5 Days,,,CSV,Philips,21,4.761904761904762,False,Luxury
men running shoes,HP men running shoes Model 483,22065.0,,3.3,4703,amazon,,2 Days,,,CSV,HP,18,5.555555555555555,False,Premium
men running shoes,Boat men running shoes Model 963,1439.0,,3.7,2268,reliance digital,,Free Delivery,,,CSV,Boat,14,7.142857142857142,False,Mid Range
air fryer India,Sony air fryer India Model 556,4039.0,,3.1,2150,amazon,,5 Days,,,CSV,Sony,20,5.0,False,Mid Range
microwave oven convection,Nike microwave oven convection Model 557,26380.0,,4.7,3235,flipkart,,Free Delivery,,,CSV,Nike,4,25.0,True,Luxury
microwave oven convection,HP microwave oven convection Model 907,38823.0,,3.2,214,croma,,2 Days,,,CSV,HP,19,5.263157894736842,False,Luxury
air fryer India,Nike air fryer India Model 938,6967.0,,2.7,2732,reliance digital,,5 Days,,,CSV,Nike,24,4.166666666666666,False,Premium
microwave oven convection,Philips microwave oven convection Model 214,22546.5,,2.5,343,reliance digital,,Free Delivery,,,CSV,Philips,26,3.8461538461538463,False,Premium
office chair ergonomic,LG office chair ergonomic Model 506,41093.0,,3.2,3648,flipkart,,5 Days,,,CSV,LG,19,5.263157894736842,False,Luxury
men running shoes,Nike men running shoes Model 469,8496.0,,4.5,969,croma,,2 Days,,,CSV,Nike,6,16.666666666666664,True,Premium
air fryer India,HP air fryer India Model 735,6304.0,,3.9,3336,amazon,,5 Days,,,CSV,HP,12,8.333333333333332,False,Premium
men running shoes,Samsung men running shoes Model 267,27684.0,,4.4,2165,flipkart,,5 Days,,,CSV,Samsung,7,14.285714285714285,True,Luxury
men running shoes,LG men running shoes Model 927,10893.0,,3.7,3220,flipkart,,Free Delivery,,,CSV,LG,14,7.142857142857142,False,Premium
air fryer India,Boat air fryer India Model 822,23754.5,,3.8,912,reliance digital,,2 Days,,,CSV,Boat,13,7.6923076923076925,False,Premium
power bank fast charging,Boat power bank fast charging Model 237,40605.0,,4.1,4794,reliance digital,,Free Delivery,,,CSV,Boat,10,10.0,True,Luxury
men running shoes,Samsung men running shoes Model 400,49074.0,,3.4,3514,reliance digital,,2 Days,,,CSV,Samsung,17,5.88235294117647,False,Luxury
air fryer India,Sony air fryer India Model 728,40235.0,,4.9,1832,croma,,Free Delivery,,,CSV,Sony,2,50.0,True,Luxury
office chair ergonomic,Boat office chair ergonomic Model 324,23925.5,,4.1,3258,amazon,,Free Delivery,,,CSV,Boat,10,10.0,True,Premium
microwave oven convection,Puma microwave oven convection Model 672,32574.0,,3.8,4159,reliance digital,,2 Days,,,CSV,Puma,13,7.6923076923076925,False,Luxury
office chair ergonomic,LG office chair ergonomic Model 906,47981.0,,3.7,4032,flipkart,,5 Days,,,CSV,LG,14,7.142857142857142,False,Luxury
air fryer India,Nike air fryer India Model 478,18795.0,,4.7,4940,reliance digital,,Free Delivery,,,CSV,Nike,4,25.0,True,Premium
office chair ergonomic,Puma office chair ergonomic Model 268,19653.0,,3.7,2571,amazon,,5 Days,,,CSV,Puma,14,7.142857142857142,False,Premium
microwave oven convection,Philips microwave oven convection Model 749,12002.0,,4.2,1195,flipkart,,2 Days,,,CSV,Philips,9,11.11111111111111,True,Premium
microwave oven convection,Puma microwave oven convection Model 481,35873.0,,3.1,4742,amazon,,5 Days,,,CSV,Puma,20,5.0,False,Luxury
power bank fast charging,LG power bank fast charging Model 622,13442.0,,4.9,2243,amazon,,5 Days,,,CSV,LG,2,50.0,True,Premium
microwave oven convection,LG microwave oven convection Model 140,48117.0,,2.7,1141,flipkart,,5 Days,,,CSV,LG,24,4.166666666666666,False,Luxury
air fryer India,Philips air fryer India Model 646,11773.0,,4.6,2746,croma,,Free Delivery,,,CSV,Philips,5,20.0,True,Premium
office chair ergonomic,Puma office chair ergonomic Model 799,7517.0,,3.7,2856,croma,,2 Days,,,CSV,Puma,14,7.142857142857142,False,Premium
power bank fast charging,Sony power bank fast charging Model 905,21605.0,,3.2,4282,flipkart,,5 Days,,,CSV,Sony,19,5.263157894736842,False,Premium
men running shoes,LG men running shoes Model 336,10645.0,,2.6,1588,amazon,,2 Days,,,CSV,LG,25,4.0,False,Premium
microwave oven convection,HP microwave oven convection Model 797,22546.5,,4.1,3378,amazon,,Free Delivery,,,CSV,HP,10,10.0,True,Premium
office chair ergonomic,Sony office chair ergonomic Model 805,33876.0,,4.2,4729,flipkart,,2 Days,,,CSV,Sony,9,11.11111111111111,True,Luxury
air fryer India,Sony air fryer India Model 387,23754.5,,3.4,3668,flipkart,,2 Days,,,CSV,Sony,17,5.88235294117647,False,Premium
microwave oven convection,LG microwave oven convection Model 265,36060.0,,2.7,1104,amazon,,Free Delivery,,,CSV,LG,24,4.166666666666666,False,Luxury
men running shoes,Boat men running shoes Model 103,11594.0,,3.9,3659,amazon,,5 Days,,,CSV,Boat,12,8.333333333333332,False,Premium
microwave oven convection,LG microwave oven convection Model 421,1377.0,,5.0,1203,reliance digital,,Free Delivery,,,CSV,LG,1,100.0,True,Mid Range
power bank fast charging,Sony power bank fast charging Model 720,8143.0,,5.0,1895,amazon,,2 Days,,,CSV,Sony,1,100.0,True,Premium
power bank fast charging,HP power bank fast charging Model 730,8200.0,,2.7,633,flipkart,,5 Days,,,CSV,HP,24,4.166666666666666,False,Premium
microwave oven convection,Boat microwave oven convection Model 912,14301.0,,3.4,3397,croma,,5 Days,,,CSV,Boat,17,5.88235294117647,False,Premium
air fryer India,Philips air fryer India Model 480,48641.0,,3.4,436,flipkart,,Free Delivery,,,CSV,Philips,17,5.88235294117647,False,Luxury
office chair ergonomic,Samsung office chair ergonomic Model 401,17691.0,,4.1,4739,flipkart,,2 Days,,,CSV,Samsung,10,10.0,True,Premium
air fryer India,HP air fryer India Model 467,24241.0,,3.6,2577,croma,,5 Days,,,CSV,HP,15,6.666666666666667,False,Luxury
microwave oven convection,Philips microwave oven convection Model 811,40899.0,,3.1,4061,croma,,5 Days,,,CSV,Philips,20,5.0,False,Luxury
office chair ergonomic,HP office chair ergonomic Model 686,40569.0,,4.9,2457,amazon,,2 Days,,,CSV,HP,2,50.0,True,Luxury
men running shoes,Samsung men running shoes Model 708,44224.0,,3.7,4643,reliance digital,,Free Delivery,,,CSV,Samsung,14,7.142857142857142,False,Luxury
air fryer India,Sony air fryer India Model 785,23754.5,,2.8,460,amazon,,Free Delivery,,,CSV,Sony,23,4.3478260869565215,False,Premium
microwave oven convection,Dell microwave oven convection Model 732,22414.0,,4.5,4065,flipkart,,2 Days,,,CSV,Dell,6,16.666666666666664,True,Premium
air fryer India,Philips air fryer India Model 717,21851.0,,4.4,1283,reliance digital,,2 Days,,,CSV,Philips,7,14.285714285714285,True,Premium
air fryer India,Philips air fryer India Model 486,32783.0,,3.0,3444,reliance digital,,Free Delivery,,,CSV,Philips,21,4.761904761904762,False,Luxury
men running shoes,Samsung men running shoes Model 420,25585.0,,4.4,382,reliance digital,,Free Delivery,,,CSV,Samsung,7,14.285714285714285,True,Luxury
men running shoes,HP men running shoes Model 244,27366.0,,4.7,171,amazon,,5 Days,,,CSV,HP,4,25.0,True,Luxury
office chair ergonomic,Samsung office chair ergonomic Model 268,23925.5,,3.8,1147,reliance digital,,Free Delivery,,,CSV,Samsung,13,7.6923076923076925,False,Premium
men running shoes,Boat men running shoes Model 359,22065.0,,3.6,4967,croma,,2 Days,,,CSV,Boat,15,6.666666666666667,False,Premium
office chair ergonomic,Sony office chair ergonomic Model 515,28389.0,,4.6,685,croma,,Free Delivery,,,CSV,Sony,5,20.0,True,Luxury
office chair ergonomic,Philips office chair ergonomic Model 257,17699.0,,2.6,1407,flipkart,,Free Delivery,,,CSV,Philips,25,4.0,False,Premium
microwave oven convection,Dell microwave oven convection Model 900,36248.0,,2.9,3267,flipkart,,Free Delivery,,,CSV,Dell,22,4.545454545454546,False,Luxury
men running shoes,Dell men running shoes Model 531,7064.0,,4.9,2725,reliance digital,,2 Days,,,CSV,Dell,2,50.0,True,Premium
men running shoes,HP men running shoes Model 526,45586.0,,3.7,483,reliance digital,,2 Days,,,CSV,HP,14,7.142857142857142,False,Luxury
men running shoes,Nike men running shoes Model 884,22065.0,,4.0,1629,flipkart,,2 Days,,,CSV,Nike,11,9.090909090909092,False,Premium
men running shoes,Sony men running shoes Model 823,22065.0,,3.7,3112,flipkart,,Free Delivery,,,CSV,Sony,14,7.142857142857142,False,Premium
men running shoes,Puma men running shoes Model 666,23630.0,,3.4,982,flipkart,,5 Days,,,CSV,Puma,17,5.88235294117647,False,Premium
air fryer India,Sony air fryer India Model 991,7436.0,,4.9,1081,flipkart,,Free Delivery,,,CSV,Sony,2,50.0,True,Premium
power bank fast charging,Boat power bank fast charging Model 457,18723.0,,3.9,3760,amazon,,2 Days,,,CSV,Boat,12,8.333333333333332,False,Premium
men running shoes,Nike men running shoes Model 985,5261.0,,4.0,947,reliance digital,,2 Days,,,CSV,Nike,11,9.090909090909092,False,Premium
office chair ergonomic,Philips office chair ergonomic Model 290,12568.0,,3.3,1037,amazon,,Free Delivery,,,CSV,Philips,18,5.555555555555555,False,Premium
office chair ergonomic,Samsung office chair ergonomic Model 945,23925.5,,3.0,3165,amazon,,Free Delivery,,,CSV,Samsung,21,4.761904761904762,False,Premium
power bank fast charging,Boat power bank fast charging Model 929,26131.0,,2.7,1299,flipkart,,2 Days,,,CSV,Boat,24,4.166666666666666,False,Luxury
microwave oven convection,HP microwave oven convection Model 705,21357.0,,4.3,1751,amazon,,2 Days,,,CSV,HP,8,12.5,True,Premium
microwave oven convection,LG microwave oven convection Model 704,22546.5,,2.6,4942,flipkart,,Free Delivery,,,CSV,LG,25,4.0,False,Premium
men running shoes,Samsung men running shoes Model 751,49670.0,,4.6,900,reliance digital,,2 Days,,,CSV,Samsung,5,20.0,True,Luxury
men running shoes,LG men running shoes Model 786,22065.0,,3.1,3910,croma,,2 Days,,,CSV,LG,20,5.0,False,Premium
office chair ergonomic,Dell office chair ergonomic Model 101,23925.5,,3.0,3442,reliance digital,,2 Days,,,CSV,Dell,21,4.761904761904762,False,Premium
air fryer India,Dell air fryer India Model 609,23754.5,,3.8,862,reliance digital,,2 Days,,,CSV,Dell,13,7.6923076923076925,False,Premium
microwave oven convection,LG microwave oven convection Model 443,11089.0,,4.4,3882,amazon,,2 Days,,,CSV,LG,7,14.285714285714285,True,Premium
microwave oven convection,Dell microwave oven convection Model 722,25560.0,,4.3,844,reliance digital,,Free Delivery,,,CSV,Dell,8,12.5,True,Luxury
men running shoes,Philips men running shoes Model 308,42168.0,,3.6,667,reliance digital,,5 Days,,,CSV,Philips,15,6.666666666666667,False,Luxury
men running shoes,Philips men running shoes Model 169,45637.0,,3.1,3481,amazon,,5 Days,,,CSV,Philips,20,5.0,False,Luxury
office chair ergonomic,HP office chair ergonomic Model 913,15034.0,,3.3,3503,reliance digital,,5 Days,,,CSV,HP,18,5.555555555555555,False,Premium
office chair ergonomic,Philips office chair ergonomic Model 989,8904.0,,3.0,3739,amazon,,2 Days,,,CSV,Philips,21,4.761904761904762,False,Premium
office chair ergonomic,Puma office chair ergonomic Model 321,44831.0,,4.3,4897,flipkart,,Free Delivery,,,CSV,Puma,8,12.5,True,Luxury
power bank fast charging,HP power bank fast charging Model 100,9092.0,,3.8,811,croma,,Free Delivery,,,CSV,HP,13,7.6923076923076925,False,Premium
power bank fast charging,HP power bank fast charging Model 956,49324.0,,4.9,4798,amazon,,5 Days,,,CSV,HP,2,50.0,True,Luxury
office chair ergonomic,HP office chair ergonomic Model 726,49015.0,,2.9,3373,reliance digital,,5 Days,,,CSV,HP,22,4.545454545454546,False,Luxury
microwave oven convection,Samsung microwave oven convection Model 999,12362.0,,3.6,3512,croma,,5 Days,,,CSV,Samsung,15,6.666666666666667,False,Premium
men running shoes,Dell men running shoes Model 938,18469.0,,3.7,3920,amazon,,5 Days,,,CSV,Dell,14,7.142857142857142,False,Premium
men running shoes,Boat men running shoes Model 821,11806.0,,3.7,3346,amazon,,2 Days,,,CSV,Boat,14,7.142857142857142,False,Premium
microwave oven convection,Sony microwave oven convection Model 983,9278.0,,3.2,937,amazon,,Free Delivery,,,CSV,Sony,19,5.263157894736842,False,Premium
power bank fast charging,Samsung power bank fast charging Model 567,2958.0,,4.1,4103,croma,,2 Days,,,CSV,Samsung,10,10.0,True,Mid Range
office chair ergonomic,HP office chair ergonomic Model 586,3054.0,,3.7,2790,reliance digital,,2 Days,,,CSV,HP,14,7.142857142857142,False,Mid Range
men running shoes,LG men running shoes Model 131,43158.0,,4.2,184,flipkart,,2 Days,,,CSV,LG,9,11.11111111111111,True,Luxury
power bank fast charging,Samsung power bank fast charging Model 205,26131.0,,3.9,2729,flipkart,,5 Days,,,CSV,Samsung,12,8.333333333333332,False,Luxury
microwave oven convection,LG microwave oven convection Model 469,23503.0,,3.7,712,reliance digital,,2 Days,,,CSV,LG,14,7.142857142857142,False,Premium
power bank fast charging,Puma power bank fast charging Model 586,7191.0,,3.9,1373,croma,,2 Days,,,CSV,Puma,12,8.333333333333332,False,Premium
men running shoes,Nike men running shoes Model 359,14330.0,,3.9,4643,amazon,,Free Delivery,,,CSV,Nike,12,8.333333333333332,False,Premium
air fryer India,Boat air fryer India Model 311,36987.0,,4.2,1543,amazon,,Free Delivery,,,CSV,Boat,9,11.11111111111111,True,Luxury
air fryer India,HP air fryer India Model 211,39993.0,,3.8,149,amazon,,Free Delivery,,,CSV,HP,13,7.6923076923076925,False,Luxury
men running shoes,Puma men running shoes Model 305,49243.0,,3.5,515,croma,,2 Days,,,CSV,Puma,16,6.25,False,Luxury
microwave oven convection,Boat microwave oven convection Model 453,44884.0,,4.0,122,flipkart,,Free Delivery,,,CSV,Boat,11,9.090909090909092,False,Luxury
microwave oven convection,HP microwave oven convection Model 472,42957.0,,3.2,3026,croma,,5 Days,,,CSV,HP,19,5.263157894736842,False,Luxury
microwave oven convection,Dell microwave oven convection Model 838,22546.5,,2.8,2066,reliance digital,,5 Days,,,CSV,Dell,23,4.3478260869565215,False,Premium
power bank fast charging,Sony power bank fast charging Model 509,38591.0,,2.7,969,reliance digital,,5 Days,,,CSV,Sony,24,4.166666666666666,False,Luxury
microwave oven convection,Sony microwave oven convection Model 848,9020.0,,3.0,1410,amazon,,2 Days,,,CSV,Sony,21,4.761904761904762,False,Premium
power bank fast charging,Philips power bank fast charging Model 190,38421.0,,3.9,234,flipkart,,Free Delivery,,,CSV,Philips,12,8.333333333333332,False,Luxury
men running shoes,LG men running shoes Model 449,15824.0,,2.9,2382,reliance digital,,2 Days,,,CSV,LG,22,4.545454545454546,False,Premium
office chair ergonomic,Philips office chair ergonomic Model 887,9713.0,,3.7,3026,flipkart,,2 Days,,,CSV,Philips,14,7.142857142857142,False,Premium
men running shoes,Nike men running shoes Model 850,38043.0,,3.3,2625,flipkart,,2 Days,,,CSV,Nike,18,5.555555555555555,False,Luxury
office chair ergonomic,Nike office chair ergonomic Model 830,22701.0,,4.6,868,amazon,,Free Delivery,,,CSV,Nike,5,20.0,True,Premium
men running shoes,Samsung men running shoes Model 677,31281.0,,3.2,1859,amazon,,5 Days,,,CSV,Samsung,19,5.263157894736842,False,Luxury
microwave oven convection,Samsung microwave oven convection Model 830,39906.0,,3.7,2247,reliance digital,,Free Delivery,,,CSV,Samsung,14,7.142857142857142,False,Luxury
power bank fast charging,Nike power bank fast charging Model 406,26131.0,,3.9,3636,reliance digital,,Free Delivery,,,CSV,Nike,12,8.333333333333332,False,Luxury
air fryer India,Puma air fryer India Model 297,15008.0,,4.6,3256,croma,,5 Days,,,CSV,Puma,5,20.0,True,Premium
microwave oven convection,Philips microwave oven convection Model 423,15450.0,,3.5,2281,croma,,2 Days,,,CSV,Philips,16,6.25,False,Premium
power bank fast charging,Dell power bank fast charging Model 417,26131.0,,3.5,1552,flipkart,,Free Delivery,,,CSV,Dell,16,6.25,False,Luxury
office chair ergonomic,Dell office chair ergonomic Model 787,40869.0,,3.4,141,reliance digital,,5 Days,,,CSV,Dell,17,5.88235294117647,False,Luxury
power bank fast charging,Philips power bank fast charging Model 149,4795.0,,4.1,942,croma,,2 Days,,,CSV,Philips,10,10.0,True,Mid Range
power bank fast charging,Philips power bank fast charging Model 528,26131.0,,2.6,3719,amazon,,5 Days,,,CSV,Philips,25,4.0,False,Luxury
men running shoes,Nike men running shoes Model 733,22065.0,,4.1,4924,flipkart,,Free Delivery,,,CSV,Nike,10,10.0,True,Premium
power bank fast charging,Sony power bank fast charging Model 747,29596.0,,4.3,934,reliance digital,,2 Days,,,CSV,Sony,8,12.5,True,Luxury
microwave oven convection,Sony microwave oven convection Model 408,41193.0,,3.8,2034,amazon,,2 Days,,,CSV,Sony,13,7.6923076923076925,False,Luxury
power bank fast charging,Nike power bank fast charging Model 824,26131.0,,4.1,3827,croma,,Free Delivery,,,CSV,Nike,10,10.0,True,Luxury
microwave oven convection,Samsung microwave oven convection Model 326,2525.0,,3.8,3415,croma,,5 Days,,,CSV,Samsung,13,7.6923076923076925,False,Mid Range
men running shoes,Samsung men running shoes Model 836,712.0,,4.6,819,flipkart,,2 Days,,,CSV,Samsung,5,20.0,True,Mid Range
power bank fast charging,HP power bank fast charging Model 709,24141.0,,3.2,2688,croma,,2 Days,,,CSV,HP,19,5.263157894736842,False,Luxury
microwave oven convection,Puma microwave oven convection Model 523,44457.0,,4.5,760,croma,,2 Days,,,CSV,Puma,6,16.666666666666664,True,Luxury
power bank fast charging,Sony power bank fast charging Model 711,10504.0,,3.5,3408,croma,,Free Delivery,,,CSV,Sony,16,6.25,False,Premium
microwave oven convection,Sony microwave oven convection Model 360,42530.0,,3.4,4316,flipkart,,2 Days,,,CSV,Sony,17,5.88235294117647,False,Luxury
men running shoes,Puma men running shoes Model 511,19924.0,,4.5,902,flipkart,,2 Days,,,CSV,Puma,6,16.666666666666664,True,Premium
microwave oven convection,Samsung microwave oven convection Model 533,6933.0,,3.8,4407,croma,,5 Days,,,CSV,Samsung,13,7.6923076923076925,False,Premium
office chair ergonomic,Samsung office chair ergonomic Model 192,20680.0,,2.8,934,amazon,,2 Days,,,CSV,Samsung,23,4.3478260869565215,False,Premium
men running shoes,Dell men running shoes Model 277,10071.0,,4.9,4560,croma,,5 Days,,,CSV,Dell,2,50.0,True,Premium
power bank fast charging,Samsung power bank fast charging Model 321,34057.0,,4.5,3652,amazon,,5 Days,,,CSV,Samsung,6,16.666666666666664,True,Luxury
air fryer India,Sony air fryer India Model 833,15593.0,,3.1,4956,croma,,5 Days,,,CSV,Sony,20,5.0,False,Premium
air fryer India,LG air fryer India Model 739,21483.0,,4.4,1545,flipkart,,Free Delivery,,,CSV,LG,7,14.285714285714285,True,Premium
air fryer India,Dell air fryer India Model 150,5659.0,,4.2,270,amazon,,5 Days,,,CSV,Dell,9,11.11111111111111,True,Premium
air fryer India,Nike air fryer India Model 258,17028.0,,3.0,3583,flipkart,,5 Days,,,CSV,Nike,21,4.761904761904762,False,Premium
office chair ergonomic,Sony office chair ergonomic Model 546,11042.0,,3.0,571,flipkart,,Free Delivery,,,CSV,Sony,21,4.761904761904762,False,Premium
microwave oven convection,HP microwave oven convection Model 690,47857.0,,3.3,4944,amazon,,Free Delivery,,,CSV,HP,18,5.555555555555555,False,Luxury
air fryer India,Boat air fryer India Model 361,23754.5,,3.0,3322,flipkart,,5 Days,,,CSV,Boat,21,4.761904761904762,False,Premium
power bank fast charging,Philips power bank fast charging Model 708,12594.0,,4.1,4687,reliance digital,,Free Delivery,,,CSV,Philips,10,10.0,True,Premium
office chair ergonomic,Boat office chair ergonomic Model 303,9335.0,,3.7,844,reliance digital,,Free Delivery,,,CSV,Boat,14,7.142857142857142,False,Premium
air fryer India,HP air fryer India Model 426,23754.5,,3.2,1962,amazon,,2 Days,,,CSV,HP,19,5.263157894736842,False,Premium
office chair ergonomic,Nike office chair ergonomic Model 994,33453.0,,4.3,1126,reliance digital,,Free Delivery,,,CSV,Nike,8,12.5,True,Luxury
air fryer India,Samsung air fryer India Model 440,18612.0,,2.6,3055,croma,,5 Days,,,CSV,Samsung,25,4.0,False,Premium
office chair ergonomic,LG office chair ergonomic Model 874,35478.0,,4.9,3461,amazon,,5 Days,,,CSV,LG,2,50.0,True,Luxury
air fryer India,LG air fryer India Model 428,8757.0,,4.9,2023,croma,,Free Delivery,,,CSV,LG,2,50.0,True,Premium
men running shoes,Boat men running shoes Model 882,29336.0,,2.8,199,flipkart,,5 Days,,,CSV,Boat,23,4.3478260869565215,False,Luxury
office chair ergonomic,Samsung office chair ergonomic Model 854,23925.5,,3.7,4401,reliance digital,,5 Days,,,CSV,Samsung,14,7.142857142857142,False,Premium
microwave oven convection,HP microwave oven convection Model 721,38318.0,,3.8,2831,reliance digital,,5 Days,,,CSV,HP,13,7.6923076923076925,False,Luxury
power bank fast charging,Nike power bank fast charging Model 593,26131.0,,3.9,1615,amazon,,Free Delivery,,,CSV,Nike,12,8.333333333333332,False,Luxury
power bank fast charging,Puma power bank fast charging Model 333,7947.0,,3.3,3734,croma,,5 Days,,,CSV,Puma,18,5.555555555555555,False,Premium
power bank fast charging,Nike power bank fast charging Model 373,49953.0,,4.9,2218,flipkart,,Free Delivery,,,CSV,Nike,2,50.0,True,Luxury
office chair ergonomic,LG office chair ergonomic Model 643,23925.5,,3.3,3552,reliance digital,,5 Days,,,CSV,LG,18,5.555555555555555,False,Premium
power bank fast charging,Sony power bank fast charging Model 300,9342.0,,3.9,3843,croma,,2 Days,,,CSV,Sony,12,8.333333333333332,False,Premium
air fryer India,HP air fryer India Model 869,38110.0,,4.6,4859,flipkart,,2 Days,,,CSV,HP,5,20.0,True,Luxury
microwave oven convection,Dell microwave oven convection Model 140,36301.0,,3.8,2443,amazon,,5 Days,,,CSV,Dell,13,7.6923076923076925,False,Luxury
power bank fast charging,Sony power bank fast charging Model 678,44668.0,,3.2,2300,flipkart,,5 Days,,,CSV,Sony,19,5.263157894736842,False,Luxury
microwave oven convection,Sony microwave oven convection Model 705,10551.0,,3.0,1713,croma,,Free Delivery,,,CSV,Sony,21,4.761904761904762,False,Premium
men running shoes,Dell men running shoes Model 628,22065.0,,4.6,4015,croma,,5 Days,,,CSV,Dell,5,20.0,True,Premium
men running shoes,Nike men running shoes Model 571,10750.0,,4.4,586,croma,,2 Days,,,CSV,Nike,7,14.285714285714285,True,Premium
men running shoes,Sony men running shoes Model 922,29370.0,,4.6,1501,amazon,,Free Delivery,,,CSV,Sony,5,20.0,True,Luxury
air fryer India,LG air fryer India Model 691,43902.0,,4.8,2395,croma,,5 Days,,,CSV,LG,3,33.33333333333333,True,Luxury
air fryer India,Puma air fryer India Model 696,8987.0,,4.8,2999,reliance digital,,Free Delivery,,,CSV,Puma,3,33.33333333333333,True,Premium
office chair ergonomic,Philips office chair ergonomic Model 733,2022.0,,3.7,,flipkart,,2 Days,,,CSV,Philips,14,7.142857142857142,False,Mid Range
men running shoes,Boat men running shoes Model 961,3146.0,,2.9,521,amazon,,Free Delivery,,,CSV,Boat,22,4.545454545454546,False,Mid Range
air fryer India,HP air fryer India Model 627,22353.0,,4.0,4304,flipkart,,2 Days,,,CSV,HP,11,9.090909090909092,False,Premium
air fryer India,LG air fryer India Model 628,41688.0,,3.0,987,reliance digital,,Free Delivery,,,CSV,LG,21,4.761904761904762,False,Luxury
power bank fast charging,Boat power bank fast charging Model 932,15951.0,,4.9,3521,reliance digital,,2 Days,,,CSV,Boat,2,50.0,True,Premium
microwave oven convection,Dell microwave oven convection Model 915,17906.0,,4.2,1947,amazon,,2 Days,,,CSV,Dell,9,11.11111111111111,True,Premium
power bank fast charging,Puma power bank fast charging Model 122,26131.0,,4.7,3770,croma,,2 Days,,,CSV,Puma,4,25.0,True,Luxury
office chair ergonomic,HP office chair ergonomic Model 117,19227.0,,4.4,3149,reliance digital,,2 Days,,,CSV,HP,7,14.285714285714285,True,Premium
air fryer India,Nike air fryer India Model 240,45088.0,,4.2,3926,amazon,,2 Days,,,CSV,Nike,9,11.11111111111111,True,Luxury
air fryer India,HP air fryer India Model 114,15280.0,,4.2,4970,reliance digital,,5 Days,,,CSV,HP,9,11.11111111111111,True,Premium
power bank fast charging,HP power bank fast charging Model 526,20759.0,,4.2,1884,amazon,,5 Days,,,CSV,HP,9,11.11111111111111,True,Premium
microwave oven convection,Dell microwave oven convection Model 367,32317.0,,3.6,434,amazon,,Free Delivery,,,CSV,Dell,15,6.666666666666667,False,Luxury
air fryer India,HP air fryer India Model 618,9220.0,,2.9,326,croma,,Free Delivery,,,CSV,HP,22,4.545454545454546,False,Premium
microwave oven convection,Boat microwave oven convection Model 424,22546.5,,4.9,858,amazon,,2 Days,,,CSV,Boat,2,50.0,True,Premium
microwave oven convection,LG microwave oven convection Model 603,49245.0,,4.3,1944,croma,,2 Days,,,CSV,LG,8,12.5,True,Luxury
microwave oven convection,HP microwave oven convection Model 129,30496.0,,3.8,4979,amazon,,5 Days,,,CSV,HP,13,7.6923076923076925,False,Luxury
office chair ergonomic,Nike office chair ergonomic Model 106,8923.0,,4.6,2822,flipkart,,5 Days,,,CSV,Nike,5,20.0,True,Premium
air fryer India,LG air fryer India Model 774,17078.0,,3.2,2604,croma,,5 Days,,,CSV,LG,19,5.263157894736842,False,Premium
power bank fast charging,Dell power bank fast charging Model 852,27435.0,,4.3,1773,amazon,,Free Delivery,,,CSV,Dell,8,12.5,True,Luxury
air fryer India,Samsung air fryer India Model 721,23754.5,,3.8,4645,reliance digital,,5 Days,,,CSV,Samsung,13,7.6923076923076925,False,Premium
air fryer India,LG air fryer India Model 285,35864.0,,4.1,4369,amazon,,Free Delivery,,,CSV,LG,10,10.0,True,Luxury
air fryer India,HP air fryer India Model 314,23754.5,,4.3,2352,amazon,,Free Delivery,,,CSV,HP,8,12.5,True,Premium
microwave oven convection,Boat microwave oven convection Model 227,48663.0,,3.8,4019,flipkart,,Free Delivery,,,CSV,Boat,13,7.6923076923076925,False,Luxury
office chair ergonomic,Philips office chair ergonomic Model 723,45041.0,,2.6,3099,reliance digital,,5 Days,,,CSV,Philips,25,4.0,False,Luxury
men running shoes,HP men running shoes Model 425,1105.0,,3.7,69,amazon,,5 Days,,,CSV,HP,14,7.142857142857142,False,Mid Range
power bank fast charging,Boat power bank fast charging Model 924,33465.0,,3.0,939,amazon,,5 Days,,,CSV,Boat,21,4.761904761904762,False,Luxury
office chair ergonomic,Sony office chair ergonomic Model 865,17134.0,,3.5,2274,amazon,,Free Delivery,,,CSV,Sony,16,6.25,False,Premium
power bank fast charging,Puma power bank fast charging Model 422,20958.0,,3.3,427,amazon,,5 Days,,,CSV,Puma,18,5.555555555555555,False,Premium
men running shoes,Sony men running shoes Model 146,17182.0,,3.5,500,amazon,,Free Delivery,,,CSV,Sony,16,6.25,False,Premium
air fryer India,Dell air fryer India Model 222,46717.0,,4.4,4987,amazon,,2 Days,,,CSV,Dell,7,14.285714285714285,True,Luxury
air fryer India,Samsung air fryer India Model 964,40114.0,,4.5,2842,croma,,5 Days,,,CSV,Samsung,6,16.666666666666664,True,Luxury
men running shoes,Samsung men running shoes Model 589,2849.0,,2.7,4466,amazon,,2 Days,,,CSV,Samsung,24,4.166666666666666,False,Mid Range
air fryer India,Nike air fryer India Model 172,28087.0,,4.2,2788,croma,,Free Delivery,,,CSV,Nike,9,11.11111111111111,True,Luxury
microwave oven convection,Nike microwave oven convection Model 875,22546.5,,2.7,221,croma,,Free Delivery,,,CSV,Nike,24,4.166666666666666,False,Premium
microwave oven convection,HP microwave oven convection Model 749,11799.0,,3.8,2729,croma,,2 Days,,,CSV,HP,13,7.6923076923076925,False,Premium
microwave oven convection,Puma microwave oven convection Model 258,36850.0,,4.9,1104,reliance digital,,Free Delivery,,,CSV,Puma,2,50.0,True,Luxury
men running shoes,HP men running shoes Model 608,22065.0,,4.9,2727,amazon,,Free Delivery,,,CSV,HP,2,50.0,True,Premium
power bank fast charging,Puma power bank fast charging Model 468,43895.0,,4.0,4829,croma,,5 Days,,,CSV,Puma,11,9.090909090909092,False,Luxury
office chair ergonomic,Dell office chair ergonomic Model 627,25413.0,,4.4,1324,flipkart,,5 Days,,,CSV,Dell,7,14.285714285714285,True,Luxury
office chair ergonomic,Dell office chair ergonomic Model 330,35292.0,,2.7,4225,reliance digital,,2 Days,,,CSV,Dell,24,4.166666666666666,False,Luxury
men running shoes,Philips men running shoes Model 659,7470.0,,3.5,3046,croma,,2 Days,,,CSV,Philips,16,6.25,False,Premium
power bank fast charging,Dell power bank fast charging Model 883,34235.0,,2.7,200,reliance digital,,Free Delivery,,,CSV,Dell,24,4.166666666666666,False,Luxury
office chair ergonomic,HP office chair ergonomic Model 873,43509.0,,3.7,4035,reliance digital,,2 Days,,,CSV,HP,14,7.142857142857142,False,Luxury
men running shoes,Samsung men running shoes Model 200,13528.0,,3.3,2011,flipkart,,Free Delivery,,,CSV,Samsung,18,5.555555555555555,False,Premium
office chair ergonomic,Puma office chair ergonomic Model 753,1131.0,,3.9,4694,reliance digital,,2 Days,,,CSV,Puma,12,8.333333333333332,False,Mid Range
men running shoes,HP men running shoes Model 563,42681.0,,3.5,3907,flipkart,,5 Days,,,CSV,HP,16,6.25,False,Luxury
air fryer India,Dell air fryer India Model 284,44863.0,,4.8,4625,flipkart,,Free Delivery,,,CSV,Dell,3,33.33333333333333,True,Luxury
air fryer India,LG air fryer India Model 400,36846.0,,4.5,1363,croma,,2 Days,,,CSV,LG,6,16.666666666666664,True,Luxury
men running shoes,LG men running shoes Model 614,1680.0,,2.7,4120,reliance digital,,Free Delivery,,,CSV,LG,24,4.166666666666666,False,Mid Range
office chair ergonomic,Boat office chair ergonomic Model 922,11394.0,,3.7,,reliance digital,,5 Days,,,CSV,Boat,14,7.142857142857142,False,Premium
microwave oven convection,Boat microwave oven convection Model 757,22546.5,,4.1,3765,amazon,,5 Days,,,CSV,Boat,10,10.0,True,Premium
men running shoes,Boat men running shoes Model 296,10726.0,,3.7,3096,flipkart,,Free Delivery,,,CSV,Boat,14,7.142857142857142,False,Premium
men running shoes,Dell men running shoes Model 338,22065.0,,4.8,541,reliance digital,,5 Days,,,CSV,Dell,3,33.33333333333333,True,Premium
power bank fast charging,Philips power bank fast charging Model 166,43776.0,,3.3,3844,croma,,5 Days,,,CSV,Philips,18,5.555555555555555,False,Luxury
air fryer India,Puma air fryer India Model 883,23754.5,,4.3,4194,amazon,,5 Days,,,CSV,Puma,8,12.5,True,Premium
men running shoes,Sony men running shoes Model 835,5646.0,,4.2,3419,amazon,,5 Days,,,CSV,Sony,9,11.11111111111111,True,Premium
power bank fast charging,Boat power bank fast charging Model 483,26374.0,,4.4,2145,flipkart,,2 Days,,,CSV,Boat,7,14.285714285714285,True,Luxury
microwave oven convection,Boat microwave oven convection Model 957,23854.0,,4.8,3087,flipkart,,5 Days,,,CSV,Boat,3,33.33333333333333,True,Premium
men running shoes,Puma men running shoes Model 709,22065.0,,2.6,4933,amazon,,5 Days,,,CSV,Puma,25,4.0,False,Premium
power bank fast charging,Boat power bank fast charging Model 651,11700.0,,4.4,1813,reliance digital,,2 Days,,,CSV,Boat,7,14.285714285714285,True,Premium
air fryer India,HP air fryer India Model 603,46330.0,,4.4,1403,amazon,,5 Days,,,CSV,HP,7,14.285714285714285,True,Luxury
air fryer India,Dell air fryer India Model 962,33577.0,,2.9,991,amazon,,Free Delivery,,,CSV,Dell,22,4.545454545454546,False,Luxury
air fryer India,Puma air fryer India Model 736,23754.5,,3.5,2305,croma,,2 Days,,,CSV,Puma,16,6.25,False,Premium
microwave oven convection,Boat microwave oven convection Model 128,20084.0,,3.8,2575,amazon,,Free Delivery,,,CSV,Boat,13,7.6923076923076925,False,Premium
microwave oven convection,Puma microwave oven convection Model 943,18372.0,,4.2,367,croma,,5 Days,,,CSV,Puma,9,11.11111111111111,True,Premium
office chair ergonomic,Nike office chair ergonomic Model 944,21252.0,,3.0,3789,reliance digital,,2 Days,,,CSV,Nike,21,4.761904761904762,False,Premium
men running shoes,Puma men running shoes Model 319,34307.0,,4.1,1256,flipkart,,Free Delivery,,,CSV,Puma,10,10.0,True,Luxury
office chair ergonomic,Puma office chair ergonomic Model 984,23925.5,,4.6,2494,flipkart,,Free Delivery,,,CSV,Puma,5,20.0,True,Premium
air fryer India,Puma air fryer India Model 791,35653.0,,3.6,4443,reliance digital,,5 Days,,,CSV,Puma,15,6.666666666666667,False,Luxury
men running shoes,Samsung men running shoes Model 540,17273.0,,3.6,561,croma,,Free Delivery,,,CSV,Samsung,15,6.666666666666667,False,Premium
air fryer India,Boat air fryer India Model 608,10828.0,,3.3,4277,flipkart,,5 Days,,,CSV,Boat,18,5.555555555555555,False,Premium
men running shoes,Boat men running shoes Model 710,46350.0,,3.6,2345,reliance digital,,Free Delivery,,,CSV,Boat,15,6.666666666666667,False,Luxury
air fryer India,Philips air fryer India Model 545,5049.0,,4.4,557,amazon,,2 Days,,,CSV,Philips,7,14.285714285714285,True,Premium
power bank fast charging,LG power bank fast charging Model 952,43614.0,,5.0,3948,croma,,2 Days,,,CSV,LG,1,100.0,True,Luxury
microwave oven convection,LG microwave oven convection Model 640,22546.5,,3.4,2664,amazon,,Free Delivery,,,CSV,LG,17,5.88235294117647,False,Premium
microwave oven convection,Puma microwave oven convection Model 551,22546.5,,2.7,4482,amazon,,5 Days,,,CSV,Puma,24,4.166666666666666,False,Premium
power bank fast charging,Samsung power bank fast charging Model 946,17773.0,,3.6,587,amazon,,Free Delivery,,,CSV,Samsung,15,6.666666666666667,False,Premium
power bank fast charging,Boat power bank fast charging Model 239,4103.0,,4.7,4335,amazon,,2 Days,,,CSV,Boat,4,25.0,True,Mid Range
air fryer India,HP air fryer India Model 541,44752.0,,4.6,3692,reliance digital,,2 Days,,,CSV,HP,5,20.0,True,Luxury
men running shoes,Boat men running shoes Model 227,22065.0,,2.9,1574,croma,,2 Days,,,CSV,Boat,22,4.545454545454546,False,Premium
microwave oven convection,Puma microwave oven convection Model 925,32710.0,,3.1,3780,reliance digital,,2 Days,,,CSV,Puma,20,5.0,False,Luxury
men running shoes,Nike men running shoes Model 773,12222.0,,4.3,3755,amazon,,5 Days,,,CSV,Nike,8,12.5,True,Premium
microwave oven convection,LG microwave oven convection Model 518,22546.5,,3.5,2553,amazon,,5 Days,,,CSV,LG,16,6.25,False,Premium
men running shoes,Boat men running shoes Model 475,10153.0,,2.9,3274,amazon,,5 Days,,,CSV,Boat,22,4.545454545454546,False,Premium
microwave oven convection,Puma microwave oven convection Model 774,22546.5,,3.2,3544,amazon,,Free Delivery,,,CSV,Puma,19,5.263157894736842,False,Premium
air fryer India,HP air fryer India Model 607,28433.0,,3.8,2110,amazon,,2 Days,,,CSV,HP,13,7.6923076923076925,False,Luxury
power bank fast charging,Sony power bank fast charging Model 131,6862.0,,3.9,1670,croma,,5 Days,,,CSV,Sony,12,8.333333333333332,False,Premium
microwave oven convection,Samsung microwave oven convection Model 132,2008.0,,4.8,2465,croma,,5 Days,,,CSV,Samsung,3,33.33333333333333,True,Mid Range
men running shoes,Dell men running shoes Model 598,32326.0,,4.8,3889,croma,,2 Days,,,CSV,Dell,3,33.33333333333333,True,Luxury
men running shoes,Puma men running shoes Model 152,39884.0,,3.0,491,reliance digital,,2 Days,,,CSV,Puma,21,4.761904761904762,False,Luxury
microwave oven convection,Dell microwave oven convection Model 270,35994.0,,2.7,2870,flipkart,,5 Days,,,CSV,Dell,24,4.166666666666666,False,Luxury
air fryer India,Dell air fryer India Model 786,28304.0,,4.4,2261,reliance digital,,2 Days,,,CSV,Dell,7,14.285714285714285,True,Luxury
air fryer India,Samsung air fryer India Model 883,5559.0,,3.8,3803,croma,,Free Delivery,,,CSV,Samsung,13,7.6923076923076925,False,Premium
microwave oven convection,Boat microwave oven convection Model 754,2828.0,,3.2,1712,reliance digital,,5 Days,,,CSV,Boat,19,5.263157894736842,False,Mid Range
power bank fast charging,Sony power bank fast charging Model 631,35507.0,,3.1,4810,amazon,,5 Days,,,CSV,Sony,20,5.0,False,Luxury
microwave oven convection,LG microwave oven convection Model 213,40084.0,,3.6,1704,croma,,Free Delivery,,,CSV,LG,15,6.666666666666667,False,Luxury
office chair ergonomic,LG office chair ergonomic Model 315,39361.0,,3.9,405,croma,,Free Delivery,,,CSV,LG,12,8.333333333333332,False,Luxury
office chair ergonomic,Sony office chair ergonomic Model 904,32777.0,,4.4,774,croma,,Free Delivery,,,CSV,Sony,7,14.285714285714285,True,Luxury
power bank fast charging,Sony power bank fast charging Model 298,16898.0,,4.2,4324,reliance digital,,Free Delivery,,,CSV,Sony,9,11.11111111111111,True,Premium
office chair ergonomic,Puma office chair ergonomic Model 876,23925.5,,3.3,2499,flipkart,,Free Delivery,,,CSV,Puma,18,5.555555555555555,False,Premium
air fryer India,Puma air fryer India Model 363,28760.0,,4.9,1266,reliance digital,,Free Delivery,,,CSV,Puma,2,50.0,True,Luxury
office chair ergonomic,Sony office chair ergonomic Model 246,40731.0,,4.7,4537,reliance digital,,Free Delivery,,,CSV,Sony,4,25.0,True,Luxury
microwave oven convection,HP microwave oven convection Model 564,8799.0,,3.5,4884,amazon,,Free Delivery,,,CSV,HP,16,6.25,False,Premium
microwave oven convection,Puma microwave oven convection Model 837,45797.0,,4.4,3484,amazon,,5 Days,,,CSV,Puma,7,14.285714285714285,True,Luxury
microwave oven convection,Boat microwave oven convection Model 306,16492.0,,2.6,4233,reliance digital,,5 Days,,,CSV,Boat,25,4.0,False,Premium
office chair ergonomic,Sony office chair ergonomic Model 231,19356.0,,3.3,3401,reliance digital,,Free Delivery,,,CSV,Sony,18,5.555555555555555,False,Premium
microwave oven convection,Philips microwave oven convection Model 970,22546.5,,3.6,387,amazon,,5 Days,,,CSV,Philips,15,6.666666666666667,False,Premium
microwave oven convection,LG microwave oven convection Model 208,4378.0,,3.8,646,amazon,,2 Days,,,CSV,LG,13,7.6923076923076925,False,Mid Range
microwave oven convection,Samsung microwave oven convection Model 981,24681.0,,4.6,2547,flipkart,,5 Days,,,CSV,Samsung,5,20.0,True,Luxury
men running shoes,HP men running shoes Model 362,43372.0,,2.9,705,reliance digital,,5 Days,,,CSV,HP,22,4.545454545454546,False,Luxury
office chair ergonomic,HP office chair ergonomic Model 442,18356.0,,3.3,1514,croma,,5 Days,,,CSV,HP,18,5.555555555555555,False,Premium
microwave oven convection,Sony microwave oven convection Model 539,25404.0,,3.3,3211,reliance digital,,5 Days,,,CSV,Sony,18,5.555555555555555,False,Luxury
power bank fast charging,Puma power bank fast charging Model 689,44441.0,,3.3,3789,amazon,,2 Days,,,CSV,Puma,18,5.555555555555555,False,Luxury
air fryer India,Dell air fryer India Model 524,18745.0,,4.4,1310,flipkart,,Free Delivery,,,CSV,Dell,7,14.285714285714285,True,Premium
power bank fast charging,Nike power bank fast charging Model 495,45830.0,,4.5,3175,croma,,2 Days,,,CSV,Nike,6,16.666666666666664,True,Luxury
office chair ergonomic,HP office chair ergonomic Model 581,20763.0,,3.4,4476,croma,,Free Delivery,,,CSV,HP,17,5.88235294117647,False,Premium
air fryer India,LG air fryer India Model 402,20591.0,,4.8,3083,flipkart,,5 Days,,,CSV,LG,3,33.33333333333333,True,Premium
power bank fast charging,LG power bank fast charging Model 599,26131.0,,5.0,4919,croma,,2 Days,,,CSV,LG,1,100.0,True,Luxury
power bank fast charging,Philips power bank fast charging Model 444,46465.0,,3.9,451,reliance digital,,Free Delivery,,,CSV,Philips,12,8.333333333333332,False,Luxury
microwave oven convection,HP microwave oven convection Model 412,30081.0,,3.1,1743,croma,,Free Delivery,,,CSV,HP,20,5.0,False,Luxury
microwave oven convection,Boat microwave oven convection Model 458,22546.5,,3.1,1093,amazon,,5 Days,,,CSV,Boat,20,5.0,False,Premium
men running shoes,Dell men running shoes Model 919,32059.0,,4.1,692,amazon,,2 Days,,,CSV,Dell,10,10.0,True,Luxury
office chair ergonomic,Philips office chair ergonomic Model 756,28361.0,,3.7,159,reliance digital,,Free Delivery,,,CSV,Philips,14,7.142857142857142,False,Luxury
men running shoes,Philips men running shoes Model 538,18724.0,,3.7,4023,flipkart,,5 Days,,,CSV,Philips,14,7.142857142857142,False,Premium
microwave oven convection,HP microwave oven convection Model 932,22546.5,,3.7,4405,reliance digital,,5 Days,,,CSV,HP,14,7.142857142857142,False,Premium
air fryer India,Sony air fryer India Model 462,23754.5,,3.8,3710,flipkart,,2 Days,,,CSV,Sony,13,7.6923076923076925,False,Premium
men running shoes,Samsung men running shoes Model 620,10627.0,,2.6,1998,amazon,,2 Days,,,CSV,Samsung,25,4.0,False,Premium
office chair ergonomic,Nike office chair ergonomic Model 625,4607.0,,2.9,1964,reliance digital,,5 Days,,,CSV,Nike,22,4.545454545454546,False,Mid Range
microwave oven convection,Philips microwave oven convection Model 363,545.0,,4.5,3336,reliance digital,,2 Days,,,CSV,Philips,6,16.666666666666664,True,Mid Range
office chair ergonomic,Samsung office chair ergonomic Model 816,23925.5,,3.5,4253,reliance digital,,Free Delivery,,,CSV,Samsung,16,6.25,False,Premium
power bank fast charging,Puma power bank fast charging Model 877,3589.0,,3.1,2943,amazon,,2 Days,,,CSV,Puma,20,5.0,False,Mid Range
air fryer India,Nike air fryer India Model 672,23754.5,,2.6,1638,amazon,,Free Delivery,,,CSV,Nike,25,4.0,False,Premium
microwave oven convection,Boat microwave oven convection Model 689,22546.5,,4.7,4390,amazon,,5 Days,,,CSV,Boat,4,25.0,True,Premium
men running shoes,Boat men running shoes Model 745,49612.0,,3.7,4854,amazon,,Free Delivery,,,CSV,Boat,14,7.142857142857142,False,Luxury
microwave oven convection,Dell microwave oven convection Model 311,41787.0,,3.0,4005,amazon,,5 Days,,,CSV,Dell,21,4.761904761904762,False,Luxury
air fryer India,Boat air fryer India Model 698,46221.0,,3.8,1104,reliance digital,,2 Days,,,CSV,Boat,13,7.6923076923076925,False,Luxury
air fryer India,Sony air fryer India Model 515,9979.0,,4.4,424,croma,,2 Days,,,CSV,Sony,7,14.285714285714285,True,Premium
microwave oven convection,Sony microwave oven convection Model 488,22546.5,,3.1,2333,amazon,,Free Delivery,,,CSV,Sony,20,5.0,False,Premium
men running shoes,Nike men running shoes Model 468,47880.0,,3.1,3824,reliance digital,,2 Days,,,CSV,Nike,20,5.0,False,Luxury
men running shoes,Dell men running shoes Model 209,22065.0,,4.0,674,amazon,,5 Days,,,CSV,Dell,11,9.090909090909092,False,Premium
men running shoes,LG men running shoes Model 853,22065.0,,2.8,1611,croma,,5 Days,,,CSV,LG,23,4.3478260869565215,False,Premium
power bank fast charging,Nike power bank fast charging Model 679,26131.0,,4.4,209,flipkart,,5 Days,,,CSV,Nike,7,14.285714285714285,True,Luxury
microwave oven convection,Boat microwave oven convection Model 520,6468.0,,4.1,4876,amazon,,Free Delivery,,,CSV,Boat,10,10.0,True,Premium
power bank fast charging,HP power bank fast charging Model 689,46669.0,,4.3,2589,amazon,,5 Days,,,CSV,HP,8,12.5,True,Luxury
microwave oven convection,LG microwave oven convection Model 441,1788.0,,4.4,713,flipkart,,Free Delivery,,,CSV,LG,7,14.285714285714285,True,Mid Range
men running shoes,Sony men running shoes Model 238,12511.0,,4.8,910,flipkart,,2 Days,,,CSV,Sony,3,33.33333333333333,True,Premium
air fryer India,LG air fryer India Model 409,30972.0,,3.5,2526,croma,,5 Days,,,CSV,LG,16,6.25,False,Luxury
microwave oven convection,Philips microwave oven convection Model 744,12043.0,,3.9,3591,croma,,5 Days,,,CSV,Philips,12,8.333333333333332,False,Premium
power bank fast charging,Puma power bank fast charging Model 707,34331.0,,3.9,662,amazon,,5 Days,,,CSV,Puma,12,8.333333333333332,False,Luxury
air fryer India,HP air fryer India Model 138,23754.5,,4.6,1009,amazon,,5 Days,,,CSV,HP,5,20.0,True,Premium
microwave oven convection,Samsung microwave oven convection Model 702,16855.0,,3.4,1687,amazon,,Free Delivery,,,CSV,Samsung,17,5.88235294117647,False,Premium
air fryer India,Samsung air fryer India Model 320,25030.0,,3.7,3449,reliance digital,,Free Delivery,,,CSV,Samsung,14,7.142857142857142,False,Luxury
men running shoes,HP men running shoes Model 115,6514.0,,3.7,2024,amazon,,Free Delivery,,,CSV,HP,14,7.142857142857142,False,Premium
men running shoes,Boat men running shoes Model 613,37203.0,,3.5,4794,reliance digital,,5 Days,,,CSV,Boat,16,6.25,False,Luxury
air fryer India,LG air fryer India Model 455,14463.0,,4.6,3414,reliance digital,,2 Days,,,CSV,LG,5,20.0,True,Premium
microwave oven convection,Sony microwave oven convection Model 900,22546.5,,3.8,,reliance digital,,Free Delivery,,,CSV,Sony,13,7.6923076923076925,False,Premium
power bank fast charging,LG power bank fast charging Model 410,14986.0,,3.1,2293,reliance digital,,5 Days,,,CSV,LG,20,5.0,False,Premium
office chair ergonomic,LG office chair ergonomic Model 901,10247.0,,3.6,2696,reliance digital,,2 Days,,,CSV,LG,15,6.666666666666667,False,Premium
air fryer India,Sony air fryer India Model 538,23754.5,,4.0,39,flipkart,,Free Delivery,,,CSV,Sony,11,9.090909090909092,False,Premium
power bank fast charging,Philips power bank fast charging Model 534,35646.0,,4.7,2485,amazon,,Free Delivery,,,CSV,Philips,4,25.0,True,Luxury
men running shoes,Philips men running shoes Model 324,24783.0,,3.0,1077,croma,,2 Days,,,CSV,Philips,21,4.761904761904762,False,Luxury
air fryer India,Sony air fryer India Model 915,21233.0,,4.6,57,croma,,2 Days,,,CSV,Sony,5,20.0,True,Premium
office chair ergonomic,Dell office chair ergonomic Model 372,23925.5,,3.6,389,croma,,2 Days,,,CSV,Dell,15,6.666666666666667,False,Premium
men running shoes,Boat men running shoes Model 178,22065.0,,4.9,2712,croma,,Free Delivery,,,CSV,Boat,2,50.0,True,Premium
power bank fast charging,HP power bank fast charging Model 937,45235.0,,2.5,1819,reliance digital,,2 Days,,,CSV,HP,26,3.8461538461538463,False,Luxury
men running shoes,Nike men running shoes Model 692,6110.0,,2.9,3598,croma,,2 Days,,,CSV,Nike,22,4.545454545454546,False,Premium
power bank fast charging,HP power bank fast charging Model 815,5912.0,,3.6,80,reliance digital,,Free Delivery,,,CSV,HP,15,6.666666666666667,False,Premium
men running shoes,Dell men running shoes Model 679,22065.0,,3.5,19,reliance digital,,5 Days,,,CSV,Dell,16,6.25,False,Premium
power bank fast charging,Sony power bank fast charging Model 101,35363.0,,4.4,2354,amazon,,Free Delivery,,,CSV,Sony,7,14.285714285714285,True,Luxury
power bank fast charging,Puma power bank fast charging Model 415,8944.0,,3.7,2974,amazon,,2 Days,,,CSV,Puma,14,7.142857142857142,False,Premium
air fryer India,HP air fryer India Model 947,26570.0,,4.9,1076,croma,,2 Days,,,CSV,HP,2,50.0,True,Luxury
microwave oven convection,Puma microwave oven convection Model 212,12632.0,,3.0,2291,flipkart,,Free Delivery,,,CSV,Puma,21,4.761904761904762,False,Premium
office chair ergonomic,HP office chair ergonomic Model 314,40602.0,,4.0,4062,amazon,,Free Delivery,,,CSV,HP,11,9.090909090909092,False,Luxury
air fryer India,Nike air fryer India Model 150,26407.0,,2.9,3910,reliance digital,,Free Delivery,,,CSV,Nike,22,4.545454545454546,False,Luxury
men running shoes,HP men running shoes Model 129,42006.0,,4.5,3287,flipkart,,5 Days,,,CSV,HP,6,16.666666666666664,True,Luxury
air fryer India,Dell air fryer India Model 363,23530.0,,4.0,641,flipkart,,2 Days,,,CSV,Dell,11,9.090909090909092,False,Premium
men running shoes,Nike men running shoes Model 347,31724.0,,3.1,612,reliance digital,,2 Days,,,CSV,Nike,20,5.0,False,Luxury
microwave oven convection,Philips microwave oven convection Model 280,23316.0,,2.5,1090,flipkart,,2 Days,,,CSV,Philips,26,3.8461538461538463,False,Premium
power bank fast charging,Samsung power bank fast charging Model 440,13597.0,,3.6,4156,amazon,,2 Days,,,CSV,Samsung,15,6.666666666666667,False,Premium
microwave oven convection,Philips microwave oven convection Model 635,12598.0,,4.1,3062,amazon,,2 Days,,,CSV,Philips,10,10.0,True,Premium
men running shoes,Sony men running shoes Model 596,12685.0,,5.0,1964,flipkart,,2 Days,,,CSV,Sony,1,100.0,True,Premium
air fryer India,LG air fryer India Model 884,3840.0,,4.9,2735,croma,,5 Days,,,CSV,LG,2,50.0,True,Mid Range
air fryer India,Nike air fryer India Model 458,9171.0,,2.5,3658,reliance digital,,2 Days,,,CSV,Nike,26,3.8461538461538463,False,Premium
men running shoes,Samsung men running shoes Model 561,22065.0,,3.5,4897,amazon,,2 Days,,,CSV,Samsung,16,6.25,False,Premium
men running shoes,Boat men running shoes Model 997,44964.0,,3.6,802,amazon,,2 Days,,,CSV,Boat,15,6.666666666666667,False,Luxury
air fryer India,LG air fryer India Model 348,23754.5,,4.3,806,reliance digital,,Free Delivery,,,CSV,LG,8,12.5,True,Premium
power bank fast charging,Puma power bank fast charging Model 235,44793.0,,4.2,4777,flipkart,,5 Days,,,CSV,Puma,9,11.11111111111111,True,Luxury
microwave oven convection,Sony microwave oven convection Model 224,5069.0,,4.3,2597,reliance digital,,2 Days,,,CSV,Sony,8,12.5,True,Premium
office chair ergonomic,Puma office chair ergonomic Model 226,14746.0,,3.1,1199,croma,,2 Days,,,CSV,Puma,20,5.0,False,Premium
power bank fast charging,Nike power bank fast charging Model 262,19476.0,,4.0,4865,amazon,,Free Delivery,,,CSV,Nike,11,9.090909090909092,False,Premium
men running shoes,HP men running shoes Model 563,26629.0,,3.8,371,croma,,Free Delivery,,,CSV,HP,13,7.6923076923076925,False,Luxury
office chair ergonomic,LG office chair ergonomic Model 315,23925.5,,2.5,517,amazon,,Free Delivery,,,CSV,LG,26,3.8461538461538463,False,Premium
microwave oven convection,Dell microwave oven convection Model 822,22546.5,,2.8,4732,croma,,5 Days,,,CSV,Dell,23,4.3478260869565215,False,Premium
power bank fast charging,Philips power bank fast charging Model 553,26131.0,,4.6,1856,flipkart,,Free Delivery,,,CSV,Philips,5,20.0,True,Luxury
power bank fast charging,HP power bank fast charging Model 573,34168.0,,4.3,1223,flipkart,,2 Days,,,CSV,HP,8,12.5,True,Luxury
microwave oven convection,Sony microwave oven convection Model 911,1095.0,,3.5,2227,reliance digital,,5 Days,,,CSV,Sony,16,6.25,False,Mid Range
microwave oven convection,Puma microwave oven convection Model 342,24507.0,,2.7,389,amazon,,5 Days,,,CSV,Puma,24,4.166666666666666,False,Luxury
microwave oven convection,Sony microwave oven convection Model 764,26390.0,,4.1,1905,croma,,Free Delivery,,,CSV,Sony,10,10.0,True,Luxury
men running shoes,Boat men running shoes Model 978,42076.0,,3.7,2971,amazon,,5 Days,,,CSV,Boat,14,7.142857142857142,False,Luxury
microwave oven convection,Samsung microwave oven convection Model 210,11972.0,,3.6,629,flipkart,,2 Days,,,CSV,Samsung,15,6.666666666666667,False,Premium
microwave oven convection,HP microwave oven convection Model 133,3630.0,,3.7,4648,amazon,,Free Delivery,,,CSV,HP,14,7.142857142857142,False,Mid Range
office chair ergonomic,Puma office chair ergonomic Model 837,13147.0,,4.2,32,croma,,5 Days,,,CSV,Puma,9,11.11111111111111,True,Premium
air fryer India,Puma air fryer India Model 186,23754.5,,3.8,1856,flipkart,,2 Days,,,CSV,Puma,13,7.6923076923076925,False,Premium
microwave oven convection,Puma microwave oven convection Model 541,18499.0,,3.4,2522,reliance digital,,2 Days,,,CSV,Puma,17,5.88235294117647,False,Premium
power bank fast charging,Sony power bank fast charging Model 286,12239.0,,3.7,4088,croma,,2 Days,,,CSV,Sony,14,7.142857142857142,False,Premium
power bank fast charging,Puma power bank fast charging Model 383,45126.0,,3.0,3458,amazon,,2 Days,,,CSV,Puma,21,4.761904761904762,False,Luxury
office chair ergonomic,Dell office chair ergonomic Model 133,5073.0,,3.3,515,reliance digital,,2 Days,,,CSV,Dell,18,5.555555555555555,False,Premium
power bank fast charging,HP power bank fast charging Model 103,9195.0,,4.3,426,amazon,,5 Days,,,CSV,HP,8,12.5,True,Premium
office chair ergonomic,LG office chair ergonomic Model 731,23925.5,,3.0,3496,amazon,,Free Delivery,,,CSV,LG,21,4.761904761904762,False,Premium
microwave oven convection,Puma microwave oven convection Model 554,7198.0,,4.8,4075,amazon,,5 Days,,,CSV,Puma,3,33.33333333333333,True,Premium
power bank fast charging,Puma power bank fast charging Model 535,42894.0,,4.0,387,flipkart,,Free Delivery,,,CSV,Puma,11,9.090909090909092,False,Luxury
air fryer India,Puma air fryer India Model 114,19237.0,,4.2,2847,croma,,Free Delivery,,,CSV,Puma,9,11.11111111111111,True,Premium
office chair ergonomic,LG office chair ergonomic Model 168,23925.5,,3.2,2872,flipkart,,2 Days,,,CSV,LG,19,5.263157894736842,False,Premium
office chair ergonomic,Nike office chair ergonomic Model 171,48035.0,,4.6,4068,flipkart,,Free Delivery,,,CSV,Nike,5,20.0,True,Luxury
microwave oven convection,Puma microwave oven convection Model 226,45427.0,,3.8,3127,flipkart,,Free Delivery,,,CSV,Puma,13,7.6923076923076925,False,Luxury
power bank fast charging,Sony power bank fast charging Model 726,2163.0,,3.5,1528,reliance digital,,Free Delivery,,,CSV,Sony,16,6.25,False,Mid Range
office chair ergonomic,Boat office chair ergonomic Model 626,21070.0,,3.5,2232,amazon,,5 Days,,,CSV,Boat,16,6.25,False,Premium
microwave oven convection,HP microwave oven convection Model 277,36657.0,,4.7,4480,croma,,Free Delivery,,,CSV,HP,4,25.0,True,Luxury
air fryer India,HP air fryer India Model 527,38330.0,,3.3,1963,flipkart,,Free Delivery,,,CSV,HP,18,5.555555555555555,False,Luxury
men running shoes,Boat men running shoes Model 948,10068.0,,4.5,3869,reliance digital,,2 Days,,,CSV,Boat,6,16.666666666666664,True,Premium
power bank fast charging,LG power bank fast charging Model 896,47595.0,,4.1,2583,reliance digital,,Free Delivery,,,CSV,LG,10,10.0,True,Luxury
air fryer India,LG air fryer India Model 404,23754.5,,3.4,4079,amazon,,5 Days,,,CSV,LG,17,5.88235294117647,False,Premium
office chair ergonomic,Dell office chair ergonomic Model 164,45070.0,,4.1,2690,flipkart,,2 Days,,,CSV,Dell,10,10.0,True,Luxury
air fryer India,Nike air fryer India Model 194,31793.0,,3.8,2201,amazon,,5 Days,,,CSV,Nike,13,7.6923076923076925,False,Luxury
microwave oven convection,Boat microwave oven convection Model 173,47111.0,,3.6,2074,reliance digital,,Free Delivery,,,CSV,Boat,15,6.666666666666667,False,Luxury
microwave oven convection,Samsung microwave oven convection Model 145,44221.0,,4.5,4997,croma,,5 Days,,,CSV,Samsung,6,16.666666666666664,True,Luxury
microwave oven convection,Puma microwave oven convection Model 321,28313.0,,3.5,4186,reliance digital,,Free Delivery,,,CSV,Puma,16,6.25,False,Luxury
air fryer India,LG air fryer India Model 163,22657.0,,3.8,3631,croma,,5 Days,,,CSV,LG,13,7.6923076923076925,False,Premium
microwave oven convection,Philips microwave oven convection Model 889,861.0,,5.0,1382,amazon,,2 Days,,,CSV,Philips,1,100.0,True,Mid Range
power bank fast charging,Nike power bank fast charging Model 172,26131.0,,3.0,263,croma,,2 Days,,,CSV,Nike,21,4.761904761904762,False,Luxury
power bank fast charging,Philips power bank fast charging Model 541,46064.0,,4.9,3147,reliance digital,,Free Delivery,,,CSV,Philips,2,50.0,True,Luxury
air fryer India,Philips air fryer India Model 594,41057.0,,3.6,3166,reliance digital,,2 Days,,,CSV,Philips,15,6.666666666666667,False,Luxury
office chair ergonomic,HP office chair ergonomic Model 891,42516.0,,4.6,2855,croma,,Free Delivery,,,CSV,HP,5,20.0,True,Luxury
office chair ergonomic,HP office chair ergonomic Model 552,46946.0,,2.7,3568,flipkart,,2 Days,,,CSV,HP,24,4.166666666666666,False,Luxury
microwave oven convection,Nike microwave oven convection Model 509,8160.0,,3.8,4917,reliance digital,,Free Delivery,,,CSV,Nike,13,7.6923076923076925,False,Premium
microwave oven convection,Sony microwave oven convection Model 163,30641.0,,4.0,3963,flipkart,,Free Delivery,,,CSV,Sony,11,9.090909090909092,False,Luxury
men running shoes,Samsung men running shoes Model 605,40321.0,,3.9,2672,croma,,5 Days,,,CSV,Samsung,12,8.333333333333332,False,Luxury
office chair ergonomic,Samsung office chair ergonomic Model 229,23925.5,,2.7,439,amazon,,2 Days,,,CSV,Samsung,24,4.166666666666666,False,Premium
air fryer India,Puma air fryer India Model 553,41567.0,,4.5,2251,amazon,,Free Delivery,,,CSV,Puma,6,16.666666666666664,True,Luxury
power bank fast charging,Puma power bank fast charging Model 990,27357.0,,3.7,1960,croma,,5 Days,,,CSV,Puma,14,7.142857142857142,False,Luxury
office chair ergonomic,Boat office chair ergonomic Model 178,5007.0,,4.5,543,amazon,,2 Days,,,CSV,Boat,6,16.666666666666664,True,Premium
power bank fast charging,LG power bank fast charging Model 658,19178.0,,4.9,4495,reliance digital,,2 Days,,,CSV,LG,2,50.0,True,Premium
microwave oven convection,Nike microwave oven convection Model 392,18929.0,,3.7,4407,amazon,,Free Delivery,,,CSV,Nike,14,7.142857142857142,False,Premium
air fryer India,HP air fryer India Model 426,22209.0,,3.8,1544,reliance digital,,Free Delivery,,,CSV,HP,13,7.6923076923076925,False,Premium
office chair ergonomic,Dell office chair ergonomic Model 777,11887.0,,2.7,153,flipkart,,2 Days,,,CSV,Dell,24,4.166666666666666,False,Premium
office chair ergonomic,Philips office chair ergonomic Model 798,23925.5,,3.6,,flipkart,,5 Days,,,CSV,Philips,15,6.666666666666667,False,Premium
air fryer India,Nike air fryer India Model 948,17183.0,,2.7,130,croma,,2 Days,,,CSV,Nike,24,4.166666666666666,False,Premium
microwave oven convection,HP microwave oven convection Model 218,1280.0,,3.8,4982,flipkart,,Free Delivery,,,CSV,HP,13,7.6923076923076925,False,Mid Range
microwave oven convection,Philips microwave oven convection Model 209,27815.0,,3.2,4406,reliance digital,,5 Days,,,CSV,Philips,19,5.263157894736842,False,Luxury
men running shoes,Puma men running shoes Model 923,49220.0,,2.8,3066,flipkart,,5 Days,,,CSV,Puma,23,4.3478260869565215,False,Luxury
air fryer India,Boat air fryer India Model 706,23754.5,,2.8,750,reliance digital,,Free Delivery,,,CSV,Boat,23,4.3478260869565215,False,Premium
power bank fast charging,LG power bank fast charging Model 398,4006.0,,3.9,3536,reliance digital,,Free Delivery,,,CSV,LG,12,8.333333333333332,False,Mid Range
air fryer India,Philips air fryer India Model 348,14376.0,,4.6,2307,croma,,5 Days,,,CSV,Philips,5,20.0,True,Premium
men running shoes,Sony men running shoes Model 458,7058.0,,3.1,516,reliance digital,,2 Days,,,CSV,Sony,20,5.0,False,Premium
power bank fast charging,Dell power bank fast charging Model 451,26131.0,,3.4,3942,croma,,2 Days,,,CSV,Dell,17,5.88235294117647,False,Luxury
microwave oven convection,Sony microwave oven convection Model 143,27040.0,,3.5,3942,reliance digital,,5 Days,,,CSV,Sony,16,6.25,False,Luxury
power bank fast charging,LG power bank fast charging Model 902,36998.0,,5.0,2677,reliance digital,,Free Delivery,,,CSV,LG,1,100.0,True,Luxury
office chair ergonomic,HP office chair ergonomic Model 168,20097.0,,3.5,2880,croma,,2 Days,,,CSV,HP,16,6.25,False,Premium
power bank fast charging,Dell power bank fast charging Model 817,8299.0,,3.7,,flipkart,,5 Days,,,CSV,Dell,14,7.142857142857142,False,Premium
microwave oven convection,Samsung microwave oven convection Model 436,38648.0,,4.2,2095,croma,,2 Days,,,CSV,Samsung,9,11.11111111111111,True,Luxury
air fryer India,LG air fryer India Model 921,16964.0,,2.7,4354,reliance digital,,2 Days,,,CSV,LG,24,4.166666666666666,False,Premium
air fryer India,LG air fryer India Model 351,23754.5,,4.1,3041,amazon,,2 Days,,,CSV,LG,10,10.0,True,Premium
men running shoes,Sony men running shoes Model 584,22065.0,,4.1,411,croma,,5 Days,,,CSV,Sony,10,10.0,True,Premium
microwave oven convection,Nike microwave oven convection Model 675,2014.0,,3.7,1428,reliance digital,,5 Days,,,CSV,Nike,14,7.142857142857142,False,Mid Range
air fryer India,Dell air fryer India Model 399,3266.0,,3.2,3596,amazon,,Free Delivery,,,CSV,Dell,19,5.263157894736842,False,Mid Range
office chair ergonomic,Puma office chair ergonomic Model 305,15697.0,,3.7,1940,flipkart,,2 Days,,,CSV,Puma,14,7.142857142857142,False,Premium
air fryer India,Sony air fryer India Model 459,23754.5,,3.8,3674,reliance digital,,5 Days,,,CSV,Sony,13,7.6923076923076925,False,Premium
microwave oven convection,Sony microwave oven convection Model 852,4773.0,,4.5,3005,croma,,2 Days,,,CSV,Sony,6,16.666666666666664,True,Mid Range
microwave oven convection,Sony microwave oven convection Model 440,4334.0,,2.5,2041,flipkart,,5 Days,,,CSV,Sony,26,3.8461538461538463,False,Mid Range
air fryer India,Nike air fryer India Model 186,21352.0,,3.3,2849,croma,,5 Days,,,CSV,Nike,18,5.555555555555555,False,Premium
men running shoes,Dell men running shoes Model 200,31794.0,,4.0,354,amazon,,2 Days,,,CSV,Dell,11,9.090909090909092,False,Luxury
power bank fast charging,HP power bank fast charging Model 577,38962.0,,2.9,99,croma,,2 Days,,,CSV,HP,22,4.545454545454546,False,Luxury
power bank fast charging,Dell power bank fast charging Model 966,28133.0,,4.4,2950,flipkart,,Free Delivery,,,CSV,Dell,7,14.285714285714285,True,Luxury
office chair ergonomic,Philips office chair ergonomic Model 470,37042.0,,4.9,4107,flipkart,,2 Days,,,CSV,Philips,2,50.0,True,Luxury
power bank fast charging,Philips power bank fast charging Model 136,26131.0,,3.4,2456,reliance digital,,Free Delivery,,,CSV,Philips,17,5.88235294117647,False,Luxury
men running shoes,Boat men running shoes Model 839,2510.0,,2.5,3356,croma,,2 Days,,,CSV,Boat,26,3.8461538461538463,False,Mid Range
power bank fast charging,Samsung power bank fast charging Model 918,41601.0,,2.9,2072,croma,,2 Days,,,CSV,Samsung,22,4.545454545454546,False,Luxury
microwave oven convection,Dell microwave oven convection Model 663,5712.0,,4.2,1139,amazon,,5 Days,,,CSV,Dell,9,11.11111111111111,True,Premium
air fryer India,Nike air fryer India Model 610,39140.0,,2.9,3032,amazon,,Free Delivery,,,CSV,Nike,22,4.545454545454546,False,Luxury
men running shoes,Nike men running shoes Model 799,5743.0,,3.8,1695,flipkart,,5 Days,,,CSV,Nike,13,7.6923076923076925,False,Premium
office chair ergonomic,Boat office chair ergonomic Model 649,23925.5,,4.4,4972,reliance digital,,5 Days,,,CSV,Boat,7,14.285714285714285,True,Premium
men running shoes,Sony men running shoes Model 547,2086.0,,4.6,2882,croma,,2 Days,,,CSV,Sony,5,20.0,True,Mid Range
air fryer India,Samsung air fryer India Model 355,43541.0,,3.3,2088,amazon,,5 Days,,,CSV,Samsung,18,5.555555555555555,False,Luxury
office chair ergonomic,Nike office chair ergonomic Model 983,2556.0,,3.3,951,flipkart,,Free Delivery,,,CSV,Nike,18,5.555555555555555,False,Mid Range
office chair ergonomic,Sony office chair ergonomic Model 422,40011.0,,3.9,108,reliance digital,,Free Delivery,,,CSV,Sony,12,8.333333333333332,False,Luxury
office chair ergonomic,LG office chair ergonomic Model 829,48584.0,,3.1,1055,reliance digital,,2 Days,,,CSV,LG,20,5.0,False,Luxury
power bank fast charging,HP power bank fast charging Model 549,35974.0,,4.0,3831,amazon,,5 Days,,,CSV,HP,11,9.090909090909092,False,Luxury
men running shoes,Philips men running shoes Model 919,3772.0,,3.7,1377,croma,,2 Days,,,CSV,Philips,14,7.142857142857142,False,Mid Range
air fryer India,Sony air fryer India Model 331,12621.0,,3.0,2262,flipkart,,Free Delivery,,,CSV,Sony,21,4.761904761904762,False,Premium
power bank fast charging,LG power bank fast charging Model 220,39474.0,,3.1,1988,reliance digital,,Free Delivery,,,CSV,LG,20,5.0,False,Luxury
office chair ergonomic,Sony office chair ergonomic Model 327,23925.5,,4.2,1332,amazon,,5 Days,,,CSV,Sony,9,11.11111111111111,True,Premium
men running shoes,Samsung men running shoes Model 785,7514.0,,3.1,4026,reliance digital,,5 Days,,,CSV,Samsung,20,5.0,False,Premium
men running shoes,Samsung men running shoes Model 174,47927.0,,2.7,3938,amazon,,Free Delivery,,,CSV,Samsung,24,4.166666666666666,False,Luxury
air fryer India,Philips air fryer India Model 978,23754.5,,5.0,843,amazon,,5 Days,,,CSV,Philips,1,100.0,True,Premium
men running shoes,Samsung men running shoes Model 658,33900.0,,4.0,458,reliance digital,,5 Days,,,CSV,Samsung,11,9.090909090909092,False,Luxury
men running shoes,Sony men running shoes Model 587,44061.0,,3.7,,amazon,,2 Days,,,CSV,Sony,14,7.142857142857142,False,Luxury
microwave oven convection,HP microwave oven convection Model 299,19916.0,,4.6,281,reliance digital,,5 Days,,,CSV,HP,5,20.0,True,Premium
office chair ergonomic,Boat office chair ergonomic Model 117,42880.0,,2.6,3811,flipkart,,Free Delivery,,,CSV,Boat,25,4.0,False,Luxury
microwave oven convection,Nike microwave oven convection Model 418,3327.0,,4.4,1863,flipkart,,Free Delivery,,,CSV,Nike,7,14.285714285714285,True,Mid Range
microwave oven convection,Samsung microwave oven convection Model 738,48929.0,,3.5,2114,croma,,2 Days,,,CSV,Samsung,16,6.25,False,Luxury
microwave oven convection,Sony microwave oven convection Model 316,22546.5,,4.8,760,amazon,,2 Days,,,CSV,Sony,3,33.33333333333333,True,Premium
men running shoes,Samsung men running shoes Model 250,18528.0,,4.4,4222,amazon,,2 Days,,,CSV,Samsung,7,14.285714285714285,True,Premium
microwave oven convection,Sony microwave oven convection Model 574,22546.5,,2.8,2634,amazon,,2 Days,,,CSV,Sony,23,4.3478260869565215,False,Premium
power bank fast charging,HP power bank fast charging Model 312,34695.0,,3.4,3977,reliance digital,,Free Delivery,,,CSV,HP,17,5.88235294117647,False,Luxury
men running shoes,Puma men running shoes Model 761,23220.0,,4.5,3713,flipkart,,5 Days,,,CSV,Puma,6,16.666666666666664,True,Premium
air fryer India,Sony air fryer India Model 395,18860.0,,2.6,2188,flipkart,,2 Days,,,CSV,Sony,25,4.0,False,Premium
men running shoes,Sony men running shoes Model 654,37225.0,,4.9,1798,croma,,Free Delivery,,,CSV,Sony,2,50.0,True,Luxury
microwave oven convection,Philips microwave oven convection Model 322,38800.0,,4.2,3643,croma,,Free Delivery,,,CSV,Philips,9,11.11111111111111,True,Luxury
office chair ergonomic,Sony office chair ergonomic Model 215,23925.5,,3.3,3512,reliance digital,,5 Days,,,CSV,Sony,18,5.555555555555555,False,Premium
office chair ergonomic,Nike office chair ergonomic Model 650,20379.0,,4.0,1776,croma,,5 Days,,,CSV,Nike,11,9.090909090909092,False,Premium
air fryer India,Philips air fryer India Model 933,23754.5,,4.7,4077,flipkart,,Free Delivery,,,CSV,Philips,4,25.0,True,Premium
office chair ergonomic,Boat office chair ergonomic Model 869,45800.0,,4.5,2207,reliance digital,,5 Days,,,CSV,Boat,6,16.666666666666664,True,Luxury
men running shoes,Sony men running shoes Model 120,46739.0,,4.6,3913,amazon,,2 Days,,,CSV,Sony,5,20.0,True,Luxury
microwave oven convection,Boat microwave oven convection Model 324,38021.0,,3.8,3188,croma,,2 Days,,,CSV,Boat,13,7.6923076923076925,False,Luxury
microwave oven convection,LG microwave oven convection Model 315,3378.0,,3.8,1762,reliance digital,,2 Days,,,CSV,LG,13,7.6923076923076925,False,Mid Range
microwave oven convection,Sony microwave oven convection Model 895,22546.5,,4.5,4979,croma,,2 Days,,,CSV,Sony,6,16.666666666666664,True,Premium
microwave oven convection,Nike microwave oven convection Model 828,29703.0,,2.6,3912,croma,,2 Days,,,CSV,Nike,25,4.0,False,Luxury
air fryer India,Samsung air fryer India Model 610,23754.5,,3.9,2771,croma,,Free Delivery,,,CSV,Samsung,12,8.333333333333332,False,Premium
power bank fast charging,HP power bank fast charging Model 527,30519.0,,4.9,4510,reliance digital,,2 Days,,,CSV,HP,2,50.0,True,Luxury
power bank fast charging,Sony power bank fast charging Model 610,36000.0,,3.9,3800,amazon,,2 Days,,,CSV,Sony,12,8.333333333333332,False,Luxury
air fryer India,Dell air fryer India Model 578,36341.0,,4.8,883,flipkart,,Free Delivery,,,CSV,Dell,3,33.33333333333333,True,Luxury
microwave oven convection,Boat microwave oven convection Model 347,17219.0,,4.9,4143,reliance digital,,5 Days,,,CSV,Boat,2,50.0,True,Premium
men running shoes,Nike men running shoes Model 219,34253.0,,3.7,841,flipkart,,5 Days,,,CSV,Nike,14,7.142857142857142,False,Luxury
microwave oven convection,Nike microwave oven convection Model 250,39513.0,,3.4,4537,reliance digital,,5 Days,,,CSV,Nike,17,5.88235294117647,False,Luxury
air fryer India,Dell air fryer India Model 491,25496.0,,3.4,2200,reliance digital,,2 Days,,,CSV,Dell,17,5.88235294117647,False,Luxury
men running shoes,Philips men running shoes Model 426,27021.0,,3.8,2209,amazon,,5 Days,,,CSV,Philips,13,7.6923076923076925,False,Luxury
office chair ergonomic,HP office chair ergonomic Model 267,46662.0,,3.0,359,reliance digital,,2 Days,,,CSV,HP,21,4.761904761904762,False,Luxury
office chair ergonomic,Dell office chair ergonomic Model 173,18061.0,,4.3,4758,flipkart,,Free Delivery,,,CSV,Dell,8,12.5,True,Premium
office chair ergonomic,Samsung office chair ergonomic Model 351,37724.0,,2.6,3723,reliance digital,,5 Days,,,CSV,Samsung,25,4.0,False,Luxury
power bank fast charging,Dell power bank fast charging Model 614,44089.0,,3.9,200,flipkart,,Free Delivery,,,CSV,Dell,12,8.333333333333332,False,Luxury
office chair ergonomic,Nike office chair ergonomic Model 977,41365.0,,3.8,1093,croma,,Free Delivery,,,CSV,Nike,13,7.6923076923076925,False,Luxury
microwave oven convection,LG microwave oven convection Model 911,15783.0,,3.8,2230,amazon,,5 Days,,,CSV,LG,13,7.6923076923076925,False,Premium
microwave oven convection,HP microwave oven convection Model 190,36826.0,,2.5,320,amazon,,5 Days,,,CSV,HP,26,3.8461538461538463,False,Luxury
men running shoes,Sony men running shoes Model 605,22065.0,,2.9,418,croma,,2 Days,,,CSV,Sony,22,4.545454545454546,False,Premium
power bank fast charging,Philips power bank fast charging Model 994,36273.0,,3.6,1514,reliance digital,,5 Days,,,CSV,Philips,15,6.666666666666667,False,Luxury
office chair ergonomic,Samsung office chair ergonomic Model 796,7217.0,,4.3,4830,reliance digital,,2 Days,,,CSV,Samsung,8,12.5,True,Premium
men running shoes,Samsung men running shoes Model 565,33380.0,,2.6,2274,reliance digital,,5 Days,,,CSV,Samsung,25,4.0,False,Luxury
power bank fast charging,Philips power bank fast charging Model 567,42951.0,,4.2,2692,reliance digital,,5 Days,,,CSV,Philips,9,11.11111111111111,True,Luxury
office chair ergonomic,Nike office chair ergonomic Model 620,23961.0,,3.7,913,reliance digital,,Free Delivery,,,CSV,Nike,14,7.142857142857142,False,Luxury
office chair ergonomic,Sony office chair ergonomic Model 822,23925.5,,4.1,4670,amazon,,Free Delivery,,,CSV,Sony,10,10.0,True,Premium
power bank fast charging,Philips power bank fast charging Model 275,49516.0,,4.7,571,croma,,Free Delivery,,,CSV,Philips,4,25.0,True,Luxury
office chair ergonomic,Boat office chair ergonomic Model 912,13315.0,,2.7,3479,amazon,,2 Days,,,CSV,Boat,24,4.166666666666666,False,Premium
men running shoes,HP men running shoes Model 889,46591.0,,5.0,4088,flipkart,,5 Days,,,CSV,HP,1,100.0,True,Luxury
microwave oven convection,Philips microwave oven convection Model 811,22546.5,,4.3,4360,croma,,2 Days,,,CSV,Philips,8,12.5,True,Premium
air fryer India,Philips air fryer India Model 811,24354.0,,2.7,3500,reliance digital,,2 Days,,,CSV,Philips,24,4.166666666666666,False,Luxury
microwave oven convection,Puma microwave oven convection Model 599,25806.0,,4.3,2331,flipkart,,Free Delivery,,,CSV,Puma,8,12.5,True,Luxury
air fryer India,HP air fryer India Model 506,5202.0,,3.6,2195,croma,,2 Days,,,CSV,HP,15,6.666666666666667,False,Premium
microwave oven convection,Samsung microwave oven convection Model 571,10268.0,,4.7,3228,flipkart,,2 Days,,,CSV,Samsung,4,25.0,True,Premium
air fryer India,HP air fryer India Model 838,47909.0,,4.6,2214,amazon,,5 Days,,,CSV,HP,5,20.0,True,Luxury
air fryer India,Sony air fryer India Model 333,23754.5,,3.3,609,croma,,Free Delivery,,,CSV,Sony,18,5.555555555555555,False,Premium
air fryer India,Puma air fryer India Model 766,5958.0,,3.4,494,flipkart,,2 Days,,,CSV,Puma,17,5.88235294117647,False,Premium
men running shoes,Dell men running shoes Model 874,10730.0,,2.5,1422,reliance digital,,2 Days,,,CSV,Dell,26,3.8461538461538463,False,Premium
men running shoes,Philips men running shoes Model 202,14611.0,,2.7,4839,croma,,Free Delivery,,,CSV,Philips,24,4.166666666666666,False,Premium
power bank fast charging,Boat power bank fast charging Model 718,32604.0,,3.8,2491,croma,,Free Delivery,,,CSV,Boat,13,7.6923076923076925,False,Luxury
men running shoes,Philips men running shoes Model 793,9884.0,,3.1,1285,croma,,Free Delivery,,,CSV,Philips,20,5.0,False,Premium
microwave oven convection,Nike microwave oven convection Model 519,22546.5,,4.7,3824,flipkart,,2 Days,,,CSV,Nike,4,25.0,True,Premium
office chair ergonomic,Dell office chair ergonomic Model 304,19464.0,,3.7,1826,amazon,,5 Days,,,CSV,Dell,14,7.142857142857142,False,Premium
microwave oven convection,Boat microwave oven convection Model 657,37648.0,,3.6,249,croma,,2 Days,,,CSV,Boat,15,6.666666666666667,False,Luxury
office chair ergonomic,Samsung office chair ergonomic Model 705,42565.0,,3.7,1017,amazon,,Free Delivery,,,CSV,Samsung,14,7.142857142857142,False,Luxury
power bank fast charging,LG power bank fast charging Model 718,39901.0,,3.2,2296,reliance digital,,5 Days,,,CSV,LG,19,5.263157894736842,False,Luxury
power bank fast charging,Dell power bank fast charging Model 936,45006.0,,4.1,3694,flipkart,,5 Days,,,CSV,Dell,10,10.0,True,Luxury
microwave oven convection,Boat microwave oven convection Model 652,22546.5,,4.0,1801,amazon,,Free Delivery,,,CSV,Boat,11,9.090909090909092,False,Premium
microwave oven convection,Puma microwave oven convection Model 435,13475.0,,4.5,1862,amazon,,Free Delivery,,,CSV,Puma,6,16.666666666666664,True,Premium
power bank fast charging,HP power bank fast charging Model 544,2627.0,,4.7,512,amazon,,Free Delivery,,,CSV,HP,4,25.0,True,Mid Range
office chair ergonomic,Boat office chair ergonomic Model 509,7810.0,,2.9,3143,croma,,2 Days,,,CSV,Boat,22,4.545454545454546,False,Premium
air fryer India,HP air fryer India Model 624,23754.5,,4.3,1573,flipkart,,2 Days,,,CSV,HP,8,12.5,True,Premium
power bank fast charging,Nike power bank fast charging Model 863,39057.0,,4.1,1310,reliance digital,,5 Days,,,CSV,Nike,10,10.0,True,Luxury
air fryer India,Samsung air fryer India Model 438,23754.5,,4.6,1497,flipkart,,Free Delivery,,,CSV,Samsung,5,20.0,True,Premium
microwave oven convection,Nike microwave oven convection Model 798,13302.0,,3.0,4736,croma,,Free Delivery,,,CSV,Nike,21,4.761904761904762,False,Premium
office chair ergonomic,LG office chair ergonomic Model 482,27778.0,,3.7,1253,flipkart,,2 Days,,,CSV,LG,14,7.142857142857142,False,Luxury
men running shoes,Dell men running shoes Model 980,26143.0,,4.3,3563,amazon,,Free Delivery,,,CSV,Dell,8,12.5,True,Luxury
men running shoes,Samsung men running shoes Model 804,37654.0,,2.9,4091,reliance digital,,5 Days,,,CSV,Samsung,22,4.545454545454546,False,Luxury
power bank fast charging,LG power bank fast charging Model 629,17478.0,,3.8,835,reliance digital,,2 Days,,,CSV,LG,13,7.6923076923076925,False,Premium
power bank fast charging,Philips power bank fast charging Model 367,26131.0,,3.1,587,flipkart,,5 Days,,,CSV,Philips,20,5.0,False,Luxury
air fryer India,Puma air fryer India Model 888,32658.0,,3.4,3151,reliance digital,,Free Delivery,,,CSV,Puma,17,5.88235294117647,False,Luxury
power bank fast charging,Sony power bank fast charging Model 453,33355.0,,3.6,1888,amazon,,5 Days,,,CSV,Sony,15,6.666666666666667,False,Luxury
air fryer India,Sony air fryer India Model 957,39483.0,,3.6,3781,flipkart,,2 Days,,,CSV,Sony,15,6.666666666666667,False,Luxury
air fryer India,Dell air fryer India Model 753,6992.0,,4.4,1002,flipkart,,2 Days,,,CSV,Dell,7,14.285714285714285,True,Premium
office chair ergonomic,Sony office chair ergonomic Model 657,41830.0,,3.5,660,reliance digital,,2 Days,,,CSV,Sony,16,6.25,False,Luxury
microwave oven convection,Sony microwave oven convection Model 482,7782.0,,3.3,2054,croma,,2 Days,,,CSV,Sony,18,5.555555555555555,False,Premium
office chair ergonomic,Philips office chair ergonomic Model 288,23925.5,,3.6,4383,reliance digital,,5 Days,,,CSV,Philips,15,6.666666666666667,False,Premium
office chair ergonomic,Philips office chair ergonomic Model 414,12081.0,,3.2,1965,amazon,,Free Delivery,,,CSV,Philips,19,5.263157894736842,False,Premium
men running shoes,Sony men running shoes Model 620,27675.0,,2.8,2671,flipkart,,2 Days,,,CSV,Sony,23,4.3478260869565215,False,Luxury
air fryer India,HP air fryer India Model 412,23754.5,,4.5,1293,croma,,5 Days,,,CSV,HP,6,16.666666666666664,True,Premium
air fryer India,Samsung air fryer India Model 295,23754.5,,3.8,,reliance digital,,2 Days,,,CSV,Samsung,13,7.6923076923076925,False,Premium
men running shoes,LG men running shoes Model 675,8539.0,,2.8,1189,reliance digital,,2 Days,,,CSV,LG,23,4.3478260869565215,False,Premium
office chair ergonomic,Nike office chair ergonomic Model 559,23925.5,,3.7,3147,reliance digital,,2 Days,,,CSV,Nike,14,7.142857142857142,False,Premium
air fryer India,Puma air fryer India Model 882,23754.5,,3.8,4009,flipkart,,Free Delivery,,,CSV,Puma,13,7.6923076923076925,False,Premium
office chair ergonomic,Nike office chair ergonomic Model 213,38033.0,,3.0,2660,croma,,Free Delivery,,,CSV,Nike,21,4.761904761904762,False,Luxury
microwave oven convection,HP microwave oven convection Model 317,36440.0,,3.3,3468,reliance digital,,Free Delivery,,,CSV,HP,18,5.555555555555555,False,Luxury
office chair ergonomic,HP office chair ergonomic Model 478,23925.5,,3.5,89,croma,,5 Days,,,CSV,HP,16,6.25,False,Premium
office chair ergonomic,Nike office chair ergonomic Model 206,7079.0,,3.8,3238,amazon,,Free Delivery,,,CSV,Nike,13,7.6923076923076925,False,Premium
office chair ergonomic,LG office chair ergonomic Model 859,44020.0,,3.4,4622,reliance digital,,Free Delivery,,,CSV,LG,17,5.88235294117647,False,Luxury
power bank fast charging,HP power bank fast charging Model 880,48374.0,,3.9,2179,reliance digital,,2 Days,,,CSV,HP,12,8.333333333333332,False,Luxury
office chair ergonomic,Nike office chair ergonomic Model 716,6599.0,,4.4,1617,flipkart,,Free Delivery,,,CSV,Nike,7,14.285714285714285,True,Premium
men running shoes,Nike men running shoes Model 830,14871.0,,4.6,187,amazon,,2 Days,,,CSV,Nike,5,20.0,True,Premium
office chair ergonomic,Boat office chair ergonomic Model 688,2783.0,,3.1,1997,reliance digital,,5 Days,,,CSV,Boat,20,5.0,False,Mid Range
power bank fast charging,Philips power bank fast charging Model 262,20128.0,,4.6,1331,reliance digital,,2 Days,,,CSV,Philips,5,20.0,True,Premium
power bank fast charging,Boat power bank fast charging Model 942,42017.0,,3.2,4463,reliance digital,,Free Delivery,,,CSV,Boat,19,5.263157894736842,False,Luxury
air fryer India,Dell air fryer India Model 679,41000.0,,3.0,4008,flipkart,,Free Delivery,,,CSV,Dell,21,4.761904761904762,False,Luxury
power bank fast charging,Samsung power bank fast charging Model 221,26131.0,,2.7,4394,croma,,5 Days,,,CSV,Samsung,24,4.166666666666666,False,Luxury
office chair ergonomic,Philips office chair ergonomic Model 808,23925.5,,5.0,3347,amazon,,2 Days,,,CSV,Philips,1,100.0,True,Premium
air fryer India,Sony air fryer India Model 449,37450.0,,2.6,4046,reliance digital,,Free Delivery,,,CSV,Sony,25,4.0,False,Luxury
air fryer India,Samsung air fryer India Model 811,8748.0,,3.9,,amazon,,2 Days,,,CSV,Samsung,12,8.333333333333332,False,Premium
microwave oven convection,Boat microwave oven convection Model 555,40310.0,,3.7,,croma,,5 Days,,,CSV,Boat,14,7.142857142857142,False,Luxury
men running shoes,Samsung men running shoes Model 152,22065.0,,4.5,4319,flipkart,,2 Days,,,CSV,Samsung,6,16.666666666666664,True,Premium
power bank fast charging,Sony power bank fast charging Model 485,14257.0,,3.3,4586,flipkart,,5 Days,,,CSV,Sony,18,5.555555555555555,False,Premium
office chair ergonomic,Boat office chair ergonomic Model 957,30490.0,,2.9,4951,flipkart,,5 Days,,,CSV,Boat,22,4.545454545454546,False,Luxury
power bank fast charging,Philips power bank fast charging Model 713,33479.0,,3.5,1868,croma,,5 Days,,,CSV,Philips,16,6.25,False,Luxury
power bank fast charging,Samsung power bank fast charging Model 126,26131.0,,4.7,3626,reliance digital,,Free Delivery,,,CSV,Samsung,4,25.0,True,Luxury
air fryer India,Philips air fryer India Model 632,23754.5,,3.1,741,amazon,,2 Days,,,CSV,Philips,20,5.0,False,Premium
men running shoes,Philips men running shoes Model 197,16859.0,,2.9,3991,amazon,,5 Days,,,CSV,Philips,22,4.545454545454546,False,Premium
men running shoes,Boat men running shoes Model 599,38659.0,,4.1,3508,flipkart,,5 Days,,,CSV,Boat,10,10.0,True,Luxury
men running shoes,HP men running shoes Model 842,36141.0,,4.4,523,croma,,2 Days,,,CSV,HP,7,14.285714285714285,True,Luxury
office chair ergonomic,Dell office chair ergonomic Model 675,39908.0,,3.7,1019,amazon,,2 Days,,,CSV,Dell,14,7.142857142857142,False,Luxury
microwave oven convection,Dell microwave oven convection Model 991,2702.0,,4.1,1510,amazon,,Free Delivery,,,CSV,Dell,10,10.0,True,Mid Range
office chair ergonomic,Dell office chair ergonomic Model 968,27549.0,,3.7,1702,amazon,,2 Days,,,CSV,Dell,14,7.142857142857142,False,Luxury
office chair ergonomic,Philips office chair ergonomic Model 629,32891.0,,3.7,2641,flipkart,,Free Delivery,,,CSV,Philips,14,7.142857142857142,False,Luxury
men running shoes,LG men running shoes Model 114,22065.0,,2.7,2202,reliance digital,,2 Days,,,CSV,LG,24,4.166666666666666,False,Premium
microwave oven convection,HP microwave oven convection Model 573,31490.0,,3.1,3081,amazon,,2 Days,,,CSV,HP,20,5.0,False,Luxury
men running shoes,LG men running shoes Model 141,4134.0,,3.5,2553,reliance digital,,2 Days,,,CSV,LG,16,6.25,False,Mid Range
men running shoes,LG men running shoes Model 731,48627.0,,4.0,2347,reliance digital,,2 Days,,,CSV,LG,11,9.090909090909092,False,Luxury
microwave oven convection,Sony microwave oven convection Model 676,41297.0,,4.3,2957,croma,,5 Days,,,CSV,Sony,8,12.5,True,Luxury
men running shoes,Boat men running shoes Model 946,39259.0,,3.6,3308,amazon,,2 Days,,,CSV,Boat,15,6.666666666666667,False,Luxury
men running shoes,Boat men running shoes Model 401,22065.0,,4.4,3883,reliance digital,,Free Delivery,,,CSV,Boat,7,14.285714285714285,True,Premium
men running shoes,Dell men running shoes Model 200,4014.0,,3.4,3811,flipkart,,2 Days,,,CSV,Dell,17,5.88235294117647,False,Mid Range
power bank fast charging,Samsung power bank fast charging Model 878,9900.0,,3.4,3076,croma,,5 Days,,,CSV,Samsung,17,5.88235294117647,False,Premium
air fryer India,Nike air fryer India Model 258,7313.0,,4.8,4820,amazon,,5 Days,,,CSV,Nike,3,33.33333333333333,True,Premium
men running shoes,Dell men running shoes Model 244,23673.0,,4.5,3927,croma,,2 Days,,,CSV,Dell,6,16.666666666666664,True,Premium
men running shoes,HP men running shoes Model 771,21140.0,,3.7,2215,amazon,,5 Days,,,CSV,HP,14,7.142857142857142,False,Premium
microwave oven convection,Boat microwave oven convection Model 219,19893.0,,3.5,3165,amazon,,5 Days,,,CSV,Boat,16,6.25,False,Premium
office chair ergonomic,Nike office chair ergonomic Model 852,23925.5,,2.6,,reliance digital,,2 Days,,,CSV,Nike,25,4.0,False,Premium
microwave oven convection,Dell microwave oven convection Model 150,29474.0,,2.5,3901,croma,,2 Days,,,CSV,Dell,26,3.8461538461538463,False,Luxury
microwave oven convection,LG microwave oven convection Model 304,23499.0,,2.6,4843,amazon,,2 Days,,,CSV,LG,25,4.0,False,Premium
air fryer India,Dell air fryer India Model 406,580.0,,5.0,4288,reliance digital,,Free Delivery,,,CSV,Dell,1,100.0,True,Mid Range
power bank fast charging,Samsung power bank fast charging Model 292,2027.0,,5.0,939,amazon,,5 Days,,,CSV,Samsung,1,100.0,True,Mid Range
office chair ergonomic,LG office chair ergonomic Model 239,38994.0,,3.0,2868,reliance digital,,5 Days,,,CSV,LG,21,4.761904761904762,False,Luxury
office chair ergonomic,Philips office chair ergonomic Model 666,31575.0,,5.0,1871,reliance digital,,2 Days,,,CSV,Philips,1,100.0,True,Luxury
microwave oven convection,HP microwave oven convection Model 268,3182.0,,3.3,278,flipkart,,Free Delivery,,,CSV,HP,18,5.555555555555555,False,Mid Range
men running shoes,Philips men running shoes Model 842,33315.0,,3.7,1768,amazon,,Free Delivery,,,CSV,Philips,14,7.142857142857142,False,Luxury
office chair ergonomic,Samsung office chair ergonomic Model 950,41261.0,,4.0,808,flipkart,,5 Days,,,CSV,Samsung,11,9.090909090909092,False,Luxury
power bank fast charging,HP power bank fast charging Model 514,23139.0,,3.5,3129,amazon,,2 Days,,,CSV,HP,16,6.25,False,Premium
power bank fast charging,Boat power bank fast charging Model 872,41853.0,,3.9,762,amazon,,2 Days,,,CSV,Boat,12,8.333333333333332,False,Luxury
microwave oven convection,Puma microwave oven convection Model 666,12418.0,,3.5,4483,reliance digital,,Free Delivery,,,CSV,Puma,16,6.25,False,Premium
air fryer India,Nike air fryer India Model 114,509.0,,3.8,3324,reliance digital,,2 Days,,,CSV,Nike,13,7.6923076923076925,False,Mid Range
air fryer India,Dell air fryer India Model 326,21328.0,,4.5,2894,amazon,,2 Days,,,CSV,Dell,6,16.666666666666664,True,Premium
office chair ergonomic,Puma office chair ergonomic Model 149,48111.0,,4.1,96,croma,,Free Delivery,,,CSV,Puma,10,10.0,True,Luxury
microwave oven convection,Nike microwave oven convection Model 989,33750.0,,3.1,4457,reliance digital,,Free Delivery,,,CSV,Nike,20,5.0,False,Luxury
microwave oven convection,Puma microwave oven convection Model 243,7911.0,,4.3,3020,reliance digital,,2 Days,,,CSV,Puma,8,12.5,True,Premium
power bank fast charging,Boat power bank fast charging Model 254,4855.0,,4.8,2336,reliance digital,,Free Delivery,,,CSV,Boat,3,33.33333333333333,True,Premium
microwave oven convection,Philips microwave oven convection Model 132,22546.5,,3.8,4460,croma,,Free Delivery,,,CSV,Philips,13,7.6923076923076925,False,Premium
office chair ergonomic,Dell office chair ergonomic Model 448,44077.0,,5.0,4078,flipkart,,Free Delivery,,,CSV,Dell,1,100.0,True,Luxury
office chair ergonomic,Philips office chair ergonomic Model 849,5498.0,,2.9,1932,amazon,,Free Delivery,,,CSV,Philips,22,4.545454545454546,False,Premium
office chair ergonomic,Philips office chair ergonomic Model 137,10015.0,,3.7,2426,flipkart,,Free Delivery,,,CSV,Philips,14,7.142857142857142,False,Premium
power bank fast charging,Philips power bank fast charging Model 586,26131.0,,2.9,1312,flipkart,,5 Days,,,CSV,Philips,22,4.545454545454546,False,Luxury
men running shoes,Puma men running shoes Model 575,24405.0,,3.2,3131,reliance digital,,Free Delivery,,,CSV,Puma,19,5.263157894736842,False,Luxury
men running shoes,LG men running shoes Model 503,13904.0,,3.7,3400,croma,,2 Days,,,CSV,LG,14,7.142857142857142,False,Premium
air fryer India,HP air fryer India Model 491,12698.0,,3.8,3540,reliance digital,,Free Delivery,,,CSV,HP,13,7.6923076923076925,False,Premium
men running shoes,Dell men running shoes Model 997,12597.0,,4.2,3096,amazon,,5 Days,,,CSV,Dell,9,11.11111111111111,True,Premium
microwave oven convection,LG microwave oven convection Model 638,4845.0,,4.5,2320,croma,,5 Days,,,CSV,LG,6,16.666666666666664,True,Mid Range
men running shoes,Dell men running shoes Model 968,22065.0,,3.1,1233,reliance digital,,2 Days,,,CSV,Dell,20,5.0,False,Premium
power bank fast charging,Dell power bank fast charging Model 238,15091.0,,4.1,1955,croma,,Free Delivery,,,CSV,Dell,10,10.0,True,Premium
office chair ergonomic,LG office chair ergonomic Model 100,7656.0,,4.7,778,croma,,5 Days,,,CSV,LG,4,25.0,True,Premium
air fryer India,Nike air fryer India Model 886,23754.5,,4.7,745,flipkart,,5 Days,,,CSV,Nike,4,25.0,True,Premium
air fryer India,LG air fryer India Model 521,3501.0,,2.7,4874,flipkart,,2 Days,,,CSV,LG,24,4.166666666666666,False,Mid Range
office chair ergonomic,Samsung office chair ergonomic Model 134,2841.0,,3.7,3132,croma,,5 Days,,,CSV,Samsung,14,7.142857142857142,False,Mid Range
men running shoes,Philips men running shoes Model 661,4516.0,,4.6,1771,flipkart,,2 Days,,,CSV,Philips,5,20.0,True,Mid Range
microwave oven convection,Puma microwave oven convection Model 387,27730.0,,2.7,3521,croma,,5 Days,,,CSV,Puma,24,4.166666666666666,False,Luxury
air fryer India,Philips air fryer India Model 575,1010.0,,3.3,2030,flipkart,,2 Days,,,CSV,Philips,18,5.555555555555555,False,Mid Range
power bank fast charging,HP power bank fast charging Model 829,21387.0,,3.4,3884,reliance digital,,5 Days,,,CSV,HP,17,5.88235294117647,False,Premium
microwave oven convection,Sony microwave oven convection Model 479,22546.5,,4.3,594,reliance digital,,Free Delivery,,,CSV,Sony,8,12.5,True,Premium
office chair ergonomic,HP office chair ergonomic Model 981,10915.0,,3.5,2068,amazon,,Free Delivery,,,CSV,HP,16,6.25,False,Premium
power bank fast charging,HP power bank fast charging Model 839,37507.0,,3.9,574,flipkart,,2 Days,,,CSV,HP,12,8.333333333333332,False,Luxury
air fryer India,Boat air fryer India Model 227,31390.0,,2.8,1021,flipkart,,Free Delivery,,,CSV,Boat,23,4.3478260869565215,False,Luxury
power bank fast charging,HP power bank fast charging Model 322,22563.0,,4.2,658,croma,,Free Delivery,,,CSV,HP,9,11.11111111111111,True,Premium
air fryer India,Samsung air fryer India Model 435,23754.5,,3.8,1347,reliance digital,,2 Days,,,CSV,Samsung,13,7.6923076923076925,False,Premium
microwave oven convection,Nike microwave oven convection Model 591,23074.0,,4.1,4557,flipkart,,2 Days,,,CSV,Nike,10,10.0,True,Premium
office chair ergonomic,Puma office chair ergonomic Model 795,32346.0,,3.7,15,flipkart,,5 Days,,,CSV,Puma,14,7.142857142857142,False,Luxury
microwave oven convection,HP microwave oven convection Model 801,1014.0,,4.8,556,flipkart,,5 Days,,,CSV,HP,3,33.33333333333333,True,Mid Range
microwave oven convection,Dell microwave oven convection Model 797,22546.5,,3.8,3318,flipkart,,5 Days,,,CSV,Dell,13,7.6923076923076925,False,Premium
office chair ergonomic,Samsung office chair ergonomic Model 182,21133.0,,2.9,2149,reliance digital,,5 Days,,,CSV,Samsung,22,4.545454545454546,False,Premium
air fryer India,Puma air fryer India Model 123,40736.0,,4.9,4282,amazon,,Free Delivery,,,CSV,Puma,2,50.0,True,Luxury
air fryer India,Samsung air fryer India Model 923,20041.0,,4.6,1686,reliance digital,,Free Delivery,,,CSV,Samsung,5,20.0,True,Premium
office chair ergonomic,Dell office chair ergonomic Model 771,27544.0,,4.4,923,flipkart,,5 Days,,,CSV,Dell,7,14.285714285714285,True,Luxury
air fryer India,Samsung air fryer India Model 992,27560.0,,4.8,982,flipkart,,Free Delivery,,,CSV,Samsung,3,33.33333333333333,True,Luxury
office chair ergonomic,LG office chair ergonomic Model 452,44069.0,,4.5,563,reliance digital,,2 Days,,,CSV,LG,6,16.666666666666664,True,Luxury
men running shoes,Dell men running shoes Model 605,5013.0,,3.7,511,flipkart,,Free Delivery,,,CSV,Dell,14,7.142857142857142,False,Premium
power bank fast charging,Philips power bank fast charging Model 289,13988.0,,3.7,694,croma,,2 Days,,,CSV,Philips,14,7.142857142857142,False,Premium
men running shoes,Samsung men running shoes Model 544,10486.0,,2.7,2100,reliance digital,,5 Days,,,CSV,Samsung,24,4.166666666666666,False,Premium
power bank fast charging,Samsung power bank fast charging Model 407,26131.0,,3.0,384,reliance digital,,5 Days,,,CSV,Samsung,21,4.761904761904762,False,Luxury
microwave oven convection,Sony microwave oven convection Model 712,22546.5,,3.0,2924,croma,,Free Delivery,,,CSV,Sony,21,4.761904761904762,False,Premium
air fryer India,Puma air fryer India Model 487,24376.0,,2.7,2426,croma,,2 Days,,,CSV,Puma,24,4.166666666666666,False,Luxury
office chair ergonomic,Puma office chair ergonomic Model 894,16173.0,,3.7,3831,reliance digital,,5 Days,,,CSV,Puma,14,7.142857142857142,False,Premium
men running shoes,Dell men running shoes Model 708,21749.0,,4.4,3471,croma,,2 Days,,,CSV,Dell,7,14.285714285714285,True,Premium
air fryer India,Dell air fryer India Model 411,2793.0,,4.1,804,flipkart,,Free Delivery,,,CSV,Dell,10,10.0,True,Mid Range
air fryer India,Samsung air fryer India Model 307,28309.0,,3.8,2822,reliance digital,,5 Days,,,CSV,Samsung,13,7.6923076923076925,False,Luxury
microwave oven convection,LG microwave oven convection Model 544,41392.0,,4.9,4441,reliance digital,,Free Delivery,,,CSV,LG,2,50.0,True,Luxury
men running shoes,Dell men running shoes Model 229,49252.0,,2.5,612,croma,,Free Delivery,,,CSV,Dell,26,3.8461538461538463,False,Luxury
power bank fast charging,HP power bank fast charging Model 954,18558.0,,3.1,2253,flipkart,,5 Days,,,CSV,HP,20,5.0,False,Premium
men running shoes,Samsung men running shoes Model 521,15845.0,,3.7,1366,reliance digital,,5 Days,,,CSV,Samsung,14,7.142857142857142,False,Premium
microwave oven convection,Nike microwave oven convection Model 578,42039.0,,2.9,3804,reliance digital,,5 Days,,,CSV,Nike,22,4.545454545454546,False,Luxury
air fryer India,HP air fryer India Model 965,21550.0,,3.8,3219,reliance digital,,5 Days,,,CSV,HP,13,7.6923076923076925,False,Premium
air fryer India,Boat air fryer India Model 677,31799.0,,4.5,1392,flipkart,,2 Days,,,CSV,Boat,6,16.666666666666664,True,Luxury
air fryer India,HP air fryer India Model 976,12662.0,,3.8,1032,flipkart,,5 Days,,,CSV,HP,13,7.6923076923076925,False,Premium
power bank fast charging,LG power bank fast charging Model 916,36164.0,,4.2,582,croma,,5 Days,,,CSV,LG,9,11.11111111111111,True,Luxury
air fryer India,Boat air fryer India Model 950,35032.0,,3.9,2261,reliance digital,,2 Days,,,CSV,Boat,12,8.333333333333332,False,Luxury
men running shoes,LG men running shoes Model 509,22065.0,,2.9,3271,amazon,,Free Delivery,,,CSV,LG,22,4.545454545454546,False,Premium
office chair ergonomic,Nike office chair ergonomic Model 411,11726.0,,4.3,3164,croma,,5 Days,,,CSV,Nike,8,12.5,True,Premium
office chair ergonomic,Boat office chair ergonomic Model 710,8682.0,,4.5,3068,flipkart,,Free Delivery,,,CSV,Boat,6,16.666666666666664,True,Premium
air fryer India,Samsung air fryer India Model 217,23754.5,,4.2,4838,flipkart,,5 Days,,,CSV,Samsung,9,11.11111111111111,True,Premium
men running shoes,Boat men running shoes Model 728,22065.0,,2.6,4871,croma,,Free Delivery,,,CSV,Boat,25,4.0,False,Premium
men running shoes,Puma men running shoes Model 718,22065.0,,2.7,3002,reliance digital,,Free Delivery,,,CSV,Puma,24,4.166666666666666,False,Premium
office chair ergonomic,Philips office chair ergonomic Model 400,23925.5,,4.6,3440,flipkart,,5 Days,,,CSV,Philips,5,20.0,True,Premium
power bank fast charging,HP power bank fast charging Model 949,26131.0,,3.6,4390,reliance digital,,2 Days,,,CSV,HP,15,6.666666666666667,False,Luxury
men running shoes,LG men running shoes Model 951,32489.0,,4.7,1071,croma,,2 Days,,,CSV,LG,4,25.0,True,Luxury
microwave oven convection,LG microwave oven convection Model 223,16266.0,,2.6,841,flipkart,,2 Days,,,CSV,LG,25,4.0,False,Premium
microwave oven convection,Sony microwave oven convection Model 208,3190.0,,3.7,3485,reliance digital,,Free Delivery,,,CSV,Sony,14,7.142857142857142,False,Mid Range
power bank fast charging,HP power bank fast charging Model 782,32123.0,,2.6,4498,croma,,Free Delivery,,,CSV,HP,25,4.0,False,Luxury
office chair ergonomic,Philips office chair ergonomic Model 947,11703.0,,4.5,1804,flipkart,,Free Delivery,,,CSV,Philips,6,16.666666666666664,True,Premium
microwave oven convection,Boat microwave oven convection Model 156,22013.0,,4.8,,croma,,2 Days,,,CSV,Boat,3,33.33333333333333,True,Premium
microwave oven convection,Samsung microwave oven convection Model 262,22546.5,,3.8,329,amazon,,2 Days,,,CSV,Samsung,13,7.6923076923076925,False,Premium
air fryer India,Puma air fryer India Model 830,45999.0,,3.3,2092,reliance digital,,Free Delivery,,,CSV,Puma,18,5.555555555555555,False,Luxury
microwave oven convection,Boat microwave oven convection Model 107,22546.5,,3.4,4732,amazon,,5 Days,,,CSV,Boat,17,5.88235294117647,False,Premium
office chair ergonomic,Nike office chair ergonomic Model 711,39769.0,,4.9,1513,reliance digital,,Free Delivery,,,CSV,Nike,2,50.0,True,Luxury
air fryer India,Puma air fryer India Model 299,13953.0,,3.8,762,flipkart,,Free Delivery,,,CSV,Puma,13,7.6923076923076925,False,Premium
air fryer India,Boat air fryer India Model 191,1312.0,,4.3,3015,croma,,Free Delivery,,,CSV,Boat,8,12.5,True,Mid Range
air fryer India,Puma air fryer India Model 989,23754.5,,4.3,176,amazon,,Free Delivery,,,CSV,Puma,8,12.5,True,Premium
men running shoes,Philips men running shoes Model 825,22065.0,,3.9,2097,croma,,2 Days,,,CSV,Philips,12,8.333333333333332,False,Premium
power bank fast charging,Puma power bank fast charging Model 759,26131.0,,4.9,4497,reliance digital,,5 Days,,,CSV,Puma,2,50.0,True,Luxury
men running shoes,Philips men running shoes Model 691,22065.0,,3.6,2998,amazon,,Free Delivery,,,CSV,Philips,15,6.666666666666667,False,Premium
men running shoes,Puma men running shoes Model 682,31925.0,,4.1,504,flipkart,,5 Days,,,CSV,Puma,10,10.0,True,Luxury
power bank fast charging,Puma power bank fast charging Model 955,25138.0,,4.7,1783,amazon,,2 Days,,,CSV,Puma,4,25.0,True,Luxury
air fryer India,Dell air fryer India Model 426,25678.0,,4.1,3123,flipkart,,Free Delivery,,,CSV,Dell,10,10.0,True,Luxury
office chair ergonomic,Puma office chair ergonomic Model 306,23925.5,,2.6,293,flipkart,,5 Days,,,CSV,Puma,25,4.0,False,Premium
office chair ergonomic,Philips office chair ergonomic Model 358,27382.0,,4.2,2911,amazon,,5 Days,,,CSV,Philips,9,11.11111111111111,True,Luxury
power bank fast charging,Dell power bank fast charging Model 384,48358.0,,2.9,3901,flipkart,,2 Days,,,CSV,Dell,22,4.545454545454546,False,Luxury
microwave oven convection,Dell microwave oven convection Model 261,29727.0,,4.5,729,croma,,2 Days,,,CSV,Dell,6,16.666666666666664,True,Luxury
men running shoes,HP men running shoes Model 481,22065.0,,3.4,,croma,,2 Days,,,CSV,HP,17,5.88235294117647,False,Premium
men running shoes,HP men running shoes Model 580,22065.0,,4.0,3916,amazon,,2 Days,,,CSV,HP,11,9.090909090909092,False,Premium
power bank fast charging,Nike power bank fast charging Model 349,40721.0,,3.6,2624,croma,,Free Delivery,,,CSV,Nike,15,6.666666666666667,False,Luxury
office chair ergonomic,Dell office chair ergonomic Model 197,5177.0,,3.6,764,croma,,Free Delivery,,,CSV,Dell,15,6.666666666666667,False,Premium
air fryer India,Sony air fryer India Model 541,36843.0,,5.0,3896,reliance digital,,Free Delivery,,,CSV,Sony,1,100.0,True,Luxury
office chair ergonomic,Samsung office chair ergonomic Model 914,39692.0,,2.5,3206,reliance digital,,2 Days,,,CSV,Samsung,26,3.8461538461538463,False,Luxury
air fryer India,LG air fryer India Model 715,23754.5,,2.9,3483,reliance digital,,Free Delivery,,,CSV,LG,22,4.545454545454546,False,Premium
air fryer India,Philips air fryer India Model 213,23754.5,,4.4,2655,amazon,,2 Days,,,CSV,Philips,7,14.285714285714285,True,Premium
microwave oven convection,Samsung microwave oven convection Model 185,22546.5,,3.2,4994,reliance digital,,2 Days,,,CSV,Samsung,19,5.263157894736842,False,Premium
microwave oven convection,Puma microwave oven convection Model 932,43698.0,,4.6,933,croma,,5 Days,,,CSV,Puma,5,20.0,True,Luxury
office chair ergonomic,Sony office chair ergonomic Model 161,45347.0,,4.5,1603,amazon,,5 Days,,,CSV,Sony,6,16.666666666666664,True,Luxury
microwave oven convection,LG microwave oven convection Model 410,22679.0,,3.8,2444,reliance digital,,Free Delivery,,,CSV,LG,13,7.6923076923076925,False,Premium
air fryer India,Dell air fryer India Model 866,23754.5,,4.9,1352,reliance digital,,Free Delivery,,,CSV,Dell,2,50.0,True,Premium
office chair ergonomic,LG office chair ergonomic Model 829,48662.0,,4.2,771,amazon,,2 Days,,,CSV,LG,9,11.11111111111111,True,Luxury
power bank fast charging,Nike power bank fast charging Model 179,27819.0,,4.4,4685,croma,,5 Days,,,CSV,Nike,7,14.285714285714285,True,Luxury
air fryer India,LG air fryer India Model 766,14150.0,,3.9,4540,flipkart,,5 Days,,,CSV,LG,12,8.333333333333332,False,Premium
air fryer India,LG air fryer India Model 734,12278.0,,3.7,3022,flipkart,,Free Delivery,,,CSV,LG,14,7.142857142857142,False,Premium
men running shoes,Boat men running shoes Model 957,45374.0,,4.5,4979,reliance digital,,2 Days,,,CSV,Boat,6,16.666666666666664,True,Luxury
office chair ergonomic,Nike office chair ergonomic Model 597,4149.0,,3.6,2704,reliance digital,,5 Days,,,CSV,Nike,15,6.666666666666667,False,Mid Range
office chair ergonomic,Sony office chair ergonomic Model 529,26090.0,,4.7,2527,flipkart,,2 Days,,,CSV,Sony,4,25.0,True,Luxury
microwave oven convection,Nike microwave oven convection Model 978,12578.0,,2.7,788,flipkart,,2 Days,,,CSV,Nike,24,4.166666666666666,False,Premium
power bank fast charging,Samsung power bank fast charging Model 302,26131.0,,3.3,1230,croma,,Free Delivery,,,CSV,Samsung,18,5.555555555555555,False,Luxury
microwave oven convection,HP microwave oven convection Model 563,25389.0,,3.8,1359,flipkart,,Free Delivery,,,CSV,HP,13,7.6923076923076925,False,Luxury
office chair ergonomic,Boat office chair ergonomic Model 391,3892.0,,2.8,1107,reliance digital,,Free Delivery,,,CSV,Boat,23,4.3478260869565215,False,Mid Range
men running shoes,Puma men running shoes Model 181,14503.0,,3.3,259,amazon,,5 Days,,,CSV,Puma,18,5.555555555555555,False,Premium
office chair ergonomic,Nike office chair ergonomic Model 138,33684.0,,4.1,4006,croma,,5 Days,,,CSV,Nike,10,10.0,True,Luxury
men running shoes,Boat men running shoes Model 131,4525.0,,4.3,60,amazon,,Free Delivery,,,CSV,Boat,8,12.5,True,Mid Range
air fryer India,Philips air fryer India Model 708,39908.0,,3.6,3101,croma,,2 Days,,,CSV,Philips,15,6.666666666666667,False,Luxury
microwave oven convection,HP microwave oven convection Model 837,11861.0,,4.4,1200,amazon,,Free Delivery,,,CSV,HP,7,14.285714285714285,True,Premium
air fryer India,Philips air fryer India Model 898,1480.0,,4.4,4269,croma,,Free Delivery,,,CSV,Philips,7,14.285714285714285,True,Mid Range
power bank fast charging,LG power bank fast charging Model 917,28909.0,,4.2,589,reliance digital,,2 Days,,,CSV,LG,9,11.11111111111111,True,Luxury
power bank fast charging,LG power bank fast charging Model 462,35863.0,,2.6,3980,amazon,,2 Days,,,CSV,LG,25,4.0,False,Luxury
air fryer India,LG air fryer India Model 363,10393.0,,3.5,3600,croma,,2 Days,,,CSV,LG,16,6.25,False,Premium
power bank fast charging,Samsung power bank fast charging Model 274,40982.0,,2.7,1415,flipkart,,Free Delivery,,,CSV,Samsung,24,4.166666666666666,False,Luxury
office chair ergonomic,Samsung office chair ergonomic Model 666,4203.0,,4.0,3908,croma,,5 Days,,,CSV,Samsung,11,9.090909090909092,False,Mid Range
men running shoes,LG men running shoes Model 798,14557.0,,4.2,4101,flipkart,,Free Delivery,,,CSV,LG,9,11.11111111111111,True,Premium
men running shoes,HP men running shoes Model 164,25568.0,,3.8,2404,croma,,2 Days,,,CSV,HP,13,7.6923076923076925,False,Luxury
air fryer India,HP air fryer India Model 122,3007.0,,3.0,798,flipkart,,Free Delivery,,,CSV,HP,21,4.761904761904762,False,Mid Range
office chair ergonomic,LG office chair ergonomic Model 249,23925.5,,4.5,4364,flipkart,,5 Days,,,CSV,LG,6,16.666666666666664,True,Premium
power bank fast charging,Nike power bank fast charging Model 647,21053.0,,3.9,3385,amazon,,2 Days,,,CSV,Nike,12,8.333333333333332,False,Premium
power bank fast charging,Nike power bank fast charging Model 586,42301.0,,4.6,1978,flipkart,,Free Delivery,,,CSV,Nike,5,20.0,True,Luxury
power bank fast charging,HP power bank fast charging Model 169,12817.0,,4.8,3939,flipkart,,2 Days,,,CSV,HP,3,33.33333333333333,True,Premium
air fryer India,LG air fryer India Model 148,42752.0,,4.7,304,amazon,,2 Days,,,CSV,LG,4,25.0,True,Luxury
office chair ergonomic,LG office chair ergonomic Model 379,44740.0,,2.5,4236,reliance digital,,2 Days,,,CSV,LG,26,3.8461538461538463,False,Luxury
microwave oven convection,Philips microwave oven convection Model 925,26739.0,,4.8,461,reliance digital,,2 Days,,,CSV,Philips,3,33.33333333333333,True,Luxury
power bank fast charging,Nike power bank fast charging Model 403,40193.0,,4.9,4205,amazon,,Free Delivery,,,CSV,Nike,2,50.0,True,Luxury
office chair ergonomic,HP office chair ergonomic Model 389,12474.0,,5.0,1626,amazon,,5 Days,,,CSV,HP,1,100.0,True,Premium
office chair ergonomic,Sony office chair ergonomic Model 476,49990.0,,4.9,1424,croma,,2 Days,,,CSV,Sony,2,50.0,True,Luxury
office chair ergonomic,Philips office chair ergonomic Model 550,23925.5,,4.6,2088,amazon,,Free Delivery,,,CSV,Philips,5,20.0,True,Premium
men running shoes,LG men running shoes Model 597,6967.0,,3.7,1700,reliance digital,,2 Days,,,CSV,LG,14,7.142857142857142,False,Premium
office chair ergonomic,Puma office chair ergonomic Model 150,3938.0,,3.3,270,amazon,,Free Delivery,,,CSV,Puma,18,5.555555555555555,False,Mid Range
office chair ergonomic,Boat office chair ergonomic Model 756,23925.5,,3.7,665,amazon,,2 Days,,,CSV,Boat,14,7.142857142857142,False,Premium
office chair ergonomic,Philips office chair ergonomic Model 378,34748.0,,3.6,3627,flipkart,,2 Days,,,CSV,Philips,15,6.666666666666667,False,Luxury
microwave oven convection,Puma microwave oven convection Model 455,12233.0,,2.6,129,flipkart,,2 Days,,,CSV,Puma,25,4.0,False,Premium
office chair ergonomic,Samsung office chair ergonomic Model 472,23925.5,,3.7,3938,amazon,,2 Days,,,CSV,Samsung,14,7.142857142857142,False,Premium
microwave oven convection,LG microwave oven convection Model 764,41983.0,,4.7,1505,flipkart,,2 Days,,,CSV,LG,4,25.0,True,Luxury
men running shoes,HP men running shoes Model 632,22065.0,,3.5,1442,amazon,,5 Days,,,CSV,HP,16,6.25,False,Premium
power bank fast charging,Sony power bank fast charging Model 327,24058.0,,4.6,251,croma,,5 Days,,,CSV,Sony,5,20.0,True,Luxury
microwave oven convection,Puma microwave oven convection Model 155,13333.0,,5.0,14,reliance digital,,5 Days,,,CSV,Puma,1,100.0,True,Premium
air fryer India,LG air fryer India Model 541,21052.0,,2.8,3250,amazon,,2 Days,,,CSV,LG,23,4.3478260869565215,False,Premium
men running shoes,Philips men running shoes Model 473,22065.0,,4.2,3085,reliance digital,,Free Delivery,,,CSV,Philips,9,11.11111111111111,True,Premium
power bank fast charging,Puma power bank fast charging Model 349,28673.0,,4.0,1584,amazon,,2 Days,,,CSV,Puma,11,9.090909090909092,False,Luxury
air fryer India,Boat air fryer India Model 971,12775.0,,4.0,2898,reliance digital,,Free Delivery,,,CSV,Boat,11,9.090909090909092,False,Premium
office chair ergonomic,Samsung office chair ergonomic Model 195,1336.0,,4.2,3413,flipkart,,Free Delivery,,,CSV,Samsung,9,11.11111111111111,True,Mid Range
office chair ergonomic,Boat office chair ergonomic Model 668,1919.0,,2.9,1430,croma,,2 Days,,,CSV,Boat,22,4.545454545454546,False,Mid Range
microwave oven convection,Dell microwave oven convection Model 232,49064.0,,4.5,1963,croma,,5 Days,,,CSV,Dell,6,16.666666666666664,True,Luxury
office chair ergonomic,Samsung office chair ergonomic Model 196,45448.0,,3.1,465,reliance digital,,Free Delivery,,,CSV,Samsung,20,5.0,False,Luxury
men running shoes,Nike men running shoes Model 539,22398.0,,2.7,685,flipkart,,2 Days,,,CSV,Nike,24,4.166666666666666,False,Premium
microwave oven convection,Philips microwave oven convection Model 148,22546.5,,3.8,4840,reliance digital,,Free Delivery,,,CSV,Philips,13,7.6923076923076925,False,Premium
office chair ergonomic,Samsung office chair ergonomic Model 959,11870.0,,3.4,3887,flipkart,,5 Days,,,CSV,Samsung,17,5.88235294117647,False,Premium
office chair ergonomic,Samsung office chair ergonomic Model 750,24312.0,,4.6,1105,amazon,,2 Days,,,CSV,Samsung,5,20.0,True,Luxury
men running shoes,LG men running shoes Model 770,34889.0,,3.4,51,amazon,,5 Days,,,CSV,LG,17,5.88235294117647,False,Luxury
air fryer India,HP air fryer India Model 401,37436.0,,3.8,2306,croma,,5 Days,,,CSV,HP,13,7.6923076923076925,False,Luxury
office chair ergonomic,Dell office chair ergonomic Model 783,10831.0,,2.8,547,croma,,2 Days,,,CSV,Dell,23,4.3478260869565215,False,Premium
power bank fast charging,Dell power bank fast charging Model 326,12582.0,,4.4,3935,amazon,,5 Days,,,CSV,Dell,7,14.285714285714285,True,Premium
microwave oven convection,Puma microwave oven convection Model 288,49325.0,,4.8,1563,amazon,,Free Delivery,,,CSV,Puma,3,33.33333333333333,True,Luxury
microwave oven convection,Dell microwave oven convection Model 714,26693.0,,4.9,3601,croma,,Free Delivery,,,CSV,Dell,2,50.0,True,Luxury
men running shoes,Nike men running shoes Model 858,22065.0,,3.7,2110,croma,,5 Days,,,CSV,Nike,14,7.142857142857142,False,Premium
power bank fast charging,Philips power bank fast charging Model 829,26131.0,,2.6,1456,croma,,Free Delivery,,,CSV,Philips,25,4.0,False,Luxury
men running shoes,Nike men running shoes Model 627,31099.0,,3.8,3192,reliance digital,,2 Days,,,CSV,Nike,13,7.6923076923076925,False,Luxury
air fryer India,LG air fryer India Model 297,48610.0,,3.4,1148,reliance digital,,5 Days,,,CSV,LG,17,5.88235294117647,False,Luxury
power bank fast charging,Puma power bank fast charging Model 354,26131.0,,3.9,3870,flipkart,,2 Days,,,CSV,Puma,12,8.333333333333332,False,Luxury
men running shoes,Samsung men running shoes Model 646,31537.0,,4.0,2188,flipkart,,Free Delivery,,,CSV,Samsung,11,9.090909090909092,False,Luxury
office chair ergonomic,Philips office chair ergonomic Model 759,40305.0,,3.9,4930,croma,,2 Days,,,CSV,Philips,12,8.333333333333332,False,Luxury
microwave oven convection,Samsung microwave oven convection Model 305,49682.0,,4.2,4064,reliance digital,,Free Delivery,,,CSV,Samsung,9,11.11111111111111,True,Luxury
men running shoes,Boat men running shoes Model 740,18123.0,,4.5,1799,reliance digital,,5 Days,,,CSV,Boat,6,16.666666666666664,True,Premium
power bank fast charging,Philips power bank fast charging Model 373,31026.0,,4.5,,reliance digital,,2 Days,,,CSV,Philips,6,16.666666666666664,True,Luxury
power bank fast charging,Philips power bank fast charging Model 481,3252.0,,4.4,4842,amazon,,Free Delivery,,,CSV,Philips,7,14.285714285714285,True,Mid Range
power bank fast charging,HP power bank fast charging Model 232,6725.0,,3.9,800,flipkart,,Free Delivery,,,CSV,HP,12,8.333333333333332,False,Premium
men running shoes,Puma men running shoes Model 151,22065.0,,2.9,741,croma,,Free Delivery,,,CSV,Puma,22,4.545454545454546,False,Premium
microwave oven convection,LG microwave oven convection Model 323,22546.5,,3.8,1494,flipkart,,Free Delivery,,,CSV,LG,13,7.6923076923076925,False,Premium
air fryer India,Dell air fryer India Model 476,19141.0,,4.1,4829,amazon,,Free Delivery,,,CSV,Dell,10,10.0,True,Premium
office chair ergonomic,Puma office chair ergonomic Model 823,23925.5,,3.4,937,amazon,,Free Delivery,,,CSV,Puma,17,5.88235294117647,False,Premium
microwave oven convection,Boat microwave oven convection Model 294,14590.0,,4.1,877,flipkart,,5 Days,,,CSV,Boat,10,10.0,True,Premium
air fryer India,Dell air fryer India Model 696,23754.5,,3.3,1208,flipkart,,Free Delivery,,,CSV,Dell,18,5.555555555555555,False,Premium
office chair ergonomic,Nike office chair ergonomic Model 378,8156.0,,4.8,1246,croma,,5 Days,,,CSV,Nike,3,33.33333333333333,True,Premium
men running shoes,Samsung men running shoes Model 613,13410.0,,2.9,1987,reliance digital,,2 Days,,,CSV,Samsung,22,4.545454545454546,False,Premium
microwave oven convection,Samsung microwave oven convection Model 714,22546.5,,3.8,4602,flipkart,,Free Delivery,,,CSV,Samsung,13,7.6923076923076925,False,Premium
men running shoes,Boat men running shoes Model 506,27212.0,,3.1,797,croma,,2 Days,,,CSV,Boat,20,5.0,False,Luxury
men running shoes,Dell men running shoes Model 106,30345.0,,4.7,1355,amazon,,Free Delivery,,,CSV,Dell,4,25.0,True,Luxury
air fryer India,HP air fryer India Model 726,40524.0,,4.7,95,flipkart,,Free Delivery,,,CSV,HP,4,25.0,True,Luxury
microwave oven convection,Nike microwave oven convection Model 140,2510.0,,4.5,4517,croma,,Free Delivery,,,CSV,Nike,6,16.666666666666664,True,Mid Range
men running shoes,Puma men running shoes Model 934,42736.0,,3.8,500,amazon,,5 Days,,,CSV,Puma,13,7.6923076923076925,False,Luxury
air fryer India,Boat air fryer India Model 433,30954.0,,4.2,746,amazon,,5 Days,,,CSV,Boat,9,11.11111111111111,True,Luxury
power bank fast charging,Dell power bank fast charging Model 185,13896.0,,3.9,963,reliance digital,,5 Days,,,CSV,Dell,12,8.333333333333332,False,Premium
microwave oven convection,HP microwave oven convection Model 639,4261.0,,2.7,2230,flipkart,,5 Days,,,CSV,HP,24,4.166666666666666,False,Mid Range
air fryer India,Nike air fryer India Model 536,8598.0,,3.3,1641,croma,,5 Days,,,CSV,Nike,18,5.555555555555555,False,Premium
men running shoes,Puma men running shoes Model 476,48783.0,,2.7,3072,flipkart,,Free Delivery,,,CSV,Puma,24,4.166666666666666,False,Luxury
men running shoes,Sony men running shoes Model 393,8312.0,,4.8,441,croma,,Free Delivery,,,CSV,Sony,3,33.33333333333333,True,Premium
microwave oven convection,HP microwave oven convection Model 455,1099.0,,2.6,,reliance digital,,2 Days,,,CSV,HP,25,4.0,False,Mid Range
men running shoes,Philips men running shoes Model 904,28926.0,,3.2,4894,amazon,,2 Days,,,CSV,Philips,19,5.263157894736842,False,Luxury
office chair ergonomic,Puma office chair ergonomic Model 559,23925.5,,4.1,1363,croma,,Free Delivery,,,CSV,Puma,10,10.0,True,Premium
air fryer India,Boat air fryer India Model 881,44221.0,,3.8,3337,flipkart,,2 Days,,,CSV,Boat,13,7.6923076923076925,False,Luxury
power bank fast charging,Boat power bank fast charging Model 685,13683.0,,4.5,2173,croma,,2 Days,,,CSV,Boat,6,16.666666666666664,True,Premium
office chair ergonomic,Puma office chair ergonomic Model 296,12559.0,,4.4,2806,reliance digital,,Free Delivery,,,CSV,Puma,7,14.285714285714285,True,Premium
microwave oven convection,Puma microwave oven convection Model 195,12872.0,,4.4,629,amazon,,5 Days,,,CSV,Puma,7,14.285714285714285,True,Premium
microwave oven convection,Boat microwave oven convection Model 919,27029.0,,4.6,4765,croma,,5 Days,,,CSV,Boat,5,20.0,True,Luxury
air fryer India,LG air fryer India Model 497,1734.0,,4.9,1240,amazon,,Free Delivery,,,CSV,LG,2,50.0,True,Mid Range
men running shoes,Sony men running shoes Model 630,25956.0,,3.7,3445,amazon,,5 Days,,,CSV,Sony,14,7.142857142857142,False,Luxury
microwave oven convection,Boat microwave oven convection Model 727,16473.0,,3.8,4296,croma,,Free Delivery,,,CSV,Boat,13,7.6923076923076925,False,Premium
air fryer India,Dell air fryer India Model 238,8235.0,,3.0,351,croma,,5 Days,,,CSV,Dell,21,4.761904761904762,False,Premium
microwave oven convection,Philips microwave oven convection Model 652,26565.0,,2.6,3497,amazon,,2 Days,,,CSV,Philips,25,4.0,False,Luxury
microwave oven convection,Samsung microwave oven convection Model 126,29631.0,,3.6,531,amazon,,2 Days,,,CSV,Samsung,15,6.666666666666667,False,Luxury
men running shoes,Philips men running shoes Model 411,25279.0,,3.4,2261,amazon,,5 Days,,,CSV,Philips,17,5.88235294117647,False,Luxury
air fryer India,HP air fryer India Model 755,11309.0,,3.6,4502,flipkart,,2 Days,,,CSV,HP,15,6.666666666666667,False,Premium
men running shoes,Samsung men running shoes Model 188,22065.0,,3.6,4555,croma,,5 Days,,,CSV,Samsung,15,6.666666666666667,False,Premium
air fryer India,Dell air fryer India Model 243,18440.0,,2.6,3171,amazon,,Free Delivery,,,CSV,Dell,25,4.0,False,Premium
air fryer India,LG air fryer India Model 520,23754.5,,3.3,1279,croma,,2 Days,,,CSV,LG,18,5.555555555555555,False,Premium
air fryer India,Samsung air fryer India Model 896,23754.5,,3.2,2853,amazon,,2 Days,,,CSV,Samsung,19,5.263157894736842,False,Premium
office chair ergonomic,Boat office chair ergonomic Model 163,49391.0,,4.0,1681,reliance digital,,Free Delivery,,,CSV,Boat,11,9.090909090909092,False,Luxury
men running shoes,Dell men running shoes Model 873,36201.0,,3.7,600,flipkart,,5 Days,,,CSV,Dell,14,7.142857142857142,False,Luxury
power bank fast charging,LG power bank fast charging Model 346,17711.0,,3.6,608,croma,,2 Days,,,CSV,LG,15,6.666666666666667,False,Premium
power bank fast charging,Samsung power bank fast charging Model 316,29321.0,,3.8,2779,amazon,,5 Days,,,CSV,Samsung,13,7.6923076923076925,False,Luxury
microwave oven convection,Philips microwave oven convection Model 381,22546.5,,4.4,4638,croma,,5 Days,,,CSV,Philips,7,14.285714285714285,True,Premium
microwave oven convection,LG microwave oven convection Model 152,5102.0,,2.8,2118,reliance digital,,5 Days,,,CSV,LG,23,4.3478260869565215,False,Premium
microwave oven convection,HP microwave oven convection Model 770,1253.0,,3.6,1177,flipkart,,5 Days,,,CSV,HP,15,6.666666666666667,False,Mid Range
microwave oven convection,Puma microwave oven convection Model 996,42455.0,,2.7,533,croma,,2 Days,,,CSV,Puma,24,4.166666666666666,False,Luxury
power bank fast charging,Boat power bank fast charging Model 927,5855.0,,4.7,3908,croma,,2 Days,,,CSV,Boat,4,25.0,True,Premium
men running shoes,LG men running shoes Model 260,7350.0,,3.8,2107,amazon,,Free Delivery,,,CSV,LG,13,7.6923076923076925,False,Premium
power bank fast charging,Nike power bank fast charging Model 112,26131.0,,4.9,1869,reliance digital,,Free Delivery,,,CSV,Nike,2,50.0,True,Luxury
men running shoes,Samsung men running shoes Model 170,20645.0,,3.7,679,reliance digital,,Free Delivery,,,CSV,Samsung,14,7.142857142857142,False,Premium
air fryer India,Puma air fryer India Model 311,38802.0,,4.0,1316,amazon,,5 Days,,,CSV,Puma,11,9.090909090909092,False,Luxury
microwave oven convection,Dell microwave oven convection Model 924,1432.0,,4.8,2003,croma,,2 Days,,,CSV,Dell,3,33.33333333333333,True,Mid Range
office chair ergonomic,Sony office chair ergonomic Model 493,25335.0,,3.5,252,croma,,5 Days,,,CSV,Sony,16,6.25,False,Luxury
air fryer India,Dell air fryer India Model 603,18674.0,,3.8,4850,amazon,,Free Delivery,,,CSV,Dell,13,7.6923076923076925,False,Premium
microwave oven convection,LG microwave oven convection Model 741,12854.0,,4.0,1502,croma,,5 Days,,,CSV,LG,11,9.090909090909092,False,Premium
office chair ergonomic,Puma office chair ergonomic Model 946,27326.0,,4.4,3197,amazon,,5 Days,,,CSV,Puma,7,14.285714285714285,True,Luxury
office chair ergonomic,Sony office chair ergonomic Model 491,29394.0,,3.0,485,flipkart,,5 Days,,,CSV,Sony,21,4.761904761904762,False,Luxury
air fryer India,LG air fryer India Model 268,18575.0,,2.8,1910,croma,,5 Days,,,CSV,LG,23,4.3478260869565215,False,Premium
power bank fast charging,Dell power bank fast charging Model 484,26131.0,,3.0,1454,croma,,2 Days,,,CSV,Dell,21,4.761904761904762,False,Luxury
air fryer India,Dell air fryer India Model 521,28686.0,,5.0,640,flipkart,,Free Delivery,,,CSV,Dell,1,100.0,True,Luxury
air fryer India,Samsung air fryer India Model 897,32149.0,,3.9,1417,flipkart,,Free Delivery,,,CSV,Samsung,12,8.333333333333332,False,Luxury
air fryer India,Samsung air fryer India Model 509,33415.0,,3.7,418,croma,,2 Days,,,CSV,Samsung,14,7.142857142857142,False,Luxury
office chair ergonomic,Puma office chair ergonomic Model 834,26972.0,,4.4,3119,reliance digital,,Free Delivery,,,CSV,Puma,7,14.285714285714285,True,Luxury
office chair ergonomic,Sony office chair ergonomic Model 630,23925.5,,4.9,3572,reliance digital,,Free Delivery,,,CSV,Sony,2,50.0,True,Premium
air fryer India,Nike air fryer India Model 162,48988.0,,4.1,4559,flipkart,,5 Days,,,CSV,Nike,10,10.0,True,Luxury
men running shoes,Nike men running shoes Model 454,22065.0,,3.7,2249,reliance digital,,Free Delivery,,,CSV,Nike,14,7.142857142857142,False,Premium
microwave oven convection,HP microwave oven convection Model 594,2169.0,,3.8,3203,amazon,,Free Delivery,,,CSV,HP,13,7.6923076923076925,False,Mid Range
power bank fast charging,HP power bank fast charging Model 834,26131.0,,4.8,2734,reliance digital,,Free Delivery,,,CSV,HP,3,33.33333333333333,True,Luxury
men running shoes,Boat men running shoes Model 987,22065.0,,4.4,1199,amazon,,Free Delivery,,,CSV,Boat,7,14.285714285714285,True,Premium
air fryer India,Puma air fryer India Model 209,23754.5,,3.6,3271,amazon,,Free Delivery,,,CSV,Puma,15,6.666666666666667,False,Premium
men running shoes,Boat men running shoes Model 581,22065.0,,2.9,3362,amazon,,2 Days,,,CSV,Boat,22,4.545454545454546,False,Premium
power bank fast charging,HP power bank fast charging Model 605,24658.0,,4.1,2491,reliance digital,,2 Days,,,CSV,HP,10,10.0,True,Luxury
air fryer India,Boat air fryer India Model 535,33365.0,,3.6,1179,amazon,,5 Days,,,CSV,Boat,15,6.666666666666667,False,Luxury
men running shoes,Samsung men running shoes Model 931,22549.0,,2.9,2761,flipkart,,5 Days,,,CSV,Samsung,22,4.545454545454546,False,Premium
power bank fast charging,HP power bank fast charging Model 250,38959.0,,4.6,579,reliance digital,,2 Days,,,CSV,HP,5,20.0,True,Luxury
microwave oven convection,Samsung microwave oven convection Model 788,28251.0,,3.3,4604,amazon,,Free Delivery,,,CSV,Samsung,18,5.555555555555555,False,Luxury
men running shoes,Boat men running shoes Model 420,26404.0,,3.9,718,croma,,Free Delivery,,,CSV,Boat,12,8.333333333333332,False,Luxury
air fryer India,Dell air fryer India Model 323,34760.0,,4.2,2520,croma,,2 Days,,,CSV,Dell,9,11.11111111111111,True,Luxury
microwave oven convection,Samsung microwave oven convection Model 354,16888.0,,2.9,1267,reliance digital,,5 Days,,,CSV,Samsung,22,4.545454545454546,False,Premium
microwave oven convection,Philips microwave oven convection Model 565,28852.0,,3.8,4195,flipkart,,Free Delivery,,,CSV,Philips,13,7.6923076923076925,False,Luxury
power bank fast charging,Samsung power bank fast charging Model 596,26397.0,,3.3,1033,reliance digital,,Free Delivery,,,CSV,Samsung,18,5.555555555555555,False,Luxury
microwave oven convection,Nike microwave oven convection Model 845,46529.0,,4.7,1118,flipkart,,5 Days,,,CSV,Nike,4,25.0,True,Luxury
air fryer India,Puma air fryer India Model 818,4964.0,,4.1,732,flipkart,,5 Days,,,CSV,Puma,10,10.0,True,Premium
air fryer India,Nike air fryer India Model 470,33735.0,,2.7,1710,amazon,,2 Days,,,CSV,Nike,24,4.166666666666666,False,Luxury
men running shoes,LG men running shoes Model 990,22065.0,,4.0,1413,croma,,5 Days,,,CSV,LG,11,9.090909090909092,False,Premium
men running shoes,Nike men running shoes Model 785,24799.0,,3.4,246,flipkart,,5 Days,,,CSV,Nike,17,5.88235294117647,False,Luxury
office chair ergonomic,Philips office chair ergonomic Model 755,9463.0,,3.7,3340,flipkart,,Free Delivery,,,CSV,Philips,14,7.142857142857142,False,Premium
office chair ergonomic,Dell office chair ergonomic Model 884,7331.0,,4.1,2179,reliance digital,,Free Delivery,,,CSV,Dell,10,10.0,True,Premium
office chair ergonomic,Boat office chair ergonomic Model 172,28498.0,,3.7,4784,reliance digital,,Free Delivery,,,CSV,Boat,14,7.142857142857142,False,Luxury
power bank fast charging,Sony power bank fast charging Model 154,33036.0,,3.9,3288,reliance digital,,Free Delivery,,,CSV,Sony,12,8.333333333333332,False,Luxury
men running shoes,Boat men running shoes Model 762,18772.0,,3.4,347,reliance digital,,Free Delivery,,,CSV,Boat,17,5.88235294117647,False,Premium
power bank fast charging,Nike power bank fast charging Model 813,49195.0,,4.1,2711,croma,,Free Delivery,,,CSV,Nike,10,10.0,True,Luxury
microwave oven convection,LG microwave oven convection Model 306,8035.0,,4.7,4121,reliance digital,,5 Days,,,CSV,LG,4,25.0,True,Premium
power bank fast charging,Dell power bank fast charging Model 291,1087.0,,2.6,1882,croma,,5 Days,,,CSV,Dell,25,4.0,False,Mid Range
power bank fast charging,LG power bank fast charging Model 347,16861.0,,4.4,1826,croma,,2 Days,,,CSV,LG,7,14.285714285714285,True,Premium
power bank fast charging,LG power bank fast charging Model 649,26039.0,,4.1,248,flipkart,,2 Days,,,CSV,LG,10,10.0,True,Luxury
office chair ergonomic,Nike office chair ergonomic Model 210,34006.0,,4.6,2854,flipkart,,Free Delivery,,,CSV,Nike,5,20.0,True,Luxury
men running shoes,HP men running shoes Model 454,30364.0,,3.7,660,amazon,,5 Days,,,CSV,HP,14,7.142857142857142,False,Luxury
men running shoes,LG men running shoes Model 174,22065.0,,3.7,4029,amazon,,5 Days,,,CSV,LG,14,7.142857142857142,False,Premium
air fryer India,Nike air fryer India Model 543,23754.5,,3.8,4051,croma,,5 Days,,,CSV,Nike,13,7.6923076923076925,False,Premium
power bank fast charging,LG power bank fast charging Model 344,25192.0,,3.9,1871,flipkart,,Free Delivery,,,CSV,LG,12,8.333333333333332,False,Luxury
office chair ergonomic,Samsung office chair ergonomic Model 656,41403.0,,2.8,135,amazon,,Free Delivery,,,CSV,Samsung,23,4.3478260869565215,False,Luxury
power bank fast charging,LG power bank fast charging Model 620,7596.0,,2.5,3981,flipkart,,2 Days,,,CSV,LG,26,3.8461538461538463,False,Premium
microwave oven convection,Nike microwave oven convection Model 724,43854.0,,3.5,3729,croma,,5 Days,,,CSV,Nike,16,6.25,False,Luxury
men running shoes,Nike men running shoes Model 955,12436.0,,2.8,4004,amazon,,2 Days,,,CSV,Nike,23,4.3478260869565215,False,Premium
power bank fast charging,Nike power bank fast charging Model 543,19052.0,,4.2,3428,flipkart,,5 Days,,,CSV,Nike,9,11.11111111111111,True,Premium
microwave oven convection,Philips microwave oven convection Model 269,47068.0,,3.9,1802,reliance digital,,Free Delivery,,,CSV,Philips,12,8.333333333333332,False,Luxury
power bank fast charging,Dell power bank fast charging Model 653,46043.0,,4.2,1541,flipkart,,Free Delivery,,,CSV,Dell,9,11.11111111111111,True,Luxury
air fryer India,Nike air fryer India Model 396,23754.5,,2.6,,reliance digital,,5 Days,,,CSV,Nike,25,4.0,False,Premium
office chair ergonomic,Nike office chair ergonomic Model 771,29337.0,,3.6,1541,flipkart,,Free Delivery,,,CSV,Nike,15,6.666666666666667,False,Luxury
power bank fast charging,HP power bank fast charging Model 730,15938.0,,3.3,3328,amazon,,Free Delivery,,,CSV,HP,18,5.555555555555555,False,Premium
microwave oven convection,LG microwave oven convection Model 878,22546.5,,2.8,2854,amazon,,5 Days,,,CSV,LG,23,4.3478260869565215,False,Premium
air fryer India,LG air fryer India Model 168,23754.5,,2.7,2233,flipkart,,Free Delivery,,,CSV,LG,24,4.166666666666666,False,Premium
men running shoes,Philips men running shoes Model 376,22065.0,,4.4,2555,flipkart,,5 Days,,,CSV,Philips,7,14.285714285714285,True,Premium
office chair ergonomic,HP office chair ergonomic Model 674,41684.0,,3.7,3074,croma,,Free Delivery,,,CSV,HP,14,7.142857142857142,False,Luxury
air fryer India,Sony air fryer India Model 906,41305.0,,3.9,3574,reliance digital,,Free Delivery,,,CSV,Sony,12,8.333333333333332,False,Luxury
office chair ergonomic,Samsung office chair ergonomic Model 398,31075.0,,4.7,1146,amazon,,Free Delivery,,,CSV,Samsung,4,25.0,True,Luxury
men running shoes,Dell men running shoes Model 652,30140.0,,2.9,807,reliance digital,,5 Days,,,CSV,Dell,22,4.545454545454546,False,Luxury
power bank fast charging,Sony power bank fast charging Model 334,9499.0,,4.9,4207,croma,,Free Delivery,,,CSV,Sony,2,50.0,True,Premium
men running shoes,Philips men running shoes Model 277,31389.0,,4.3,4321,croma,,5 Days,,,CSV,Philips,8,12.5,True,Luxury
office chair ergonomic,Philips office chair ergonomic Model 658,4438.0,,3.7,40,amazon,,5 Days,,,CSV,Philips,14,7.142857142857142,False,Mid Range
air fryer India,Dell air fryer India Model 580,17961.0,,3.1,4995,flipkart,,2 Days,,,CSV,Dell,20,5.0,False,Premium
office chair ergonomic,Dell office chair ergonomic Model 249,9264.0,,3.3,609,reliance digital,,Free Delivery,,,CSV,Dell,18,5.555555555555555,False,Premium
microwave oven convection,LG microwave oven convection Model 223,46052.0,,4.5,2531,croma,,Free Delivery,,,CSV,LG,6,16.666666666666664,True,Luxury
air fryer India,LG air fryer India Model 237,3117.0,,3.7,748,croma,,Free Delivery,,,CSV,LG,14,7.142857142857142,False,Mid Range
air fryer India,LG air fryer India Model 520,28421.0,,4.6,2786,reliance digital,,5 Days,,,CSV,LG,5,20.0,True,Luxury
air fryer India,Dell air fryer India Model 376,48528.0,,2.6,3673,flipkart,,Free Delivery,,,CSV,Dell,25,4.0,False,Luxury
microwave oven convection,Puma microwave oven convection Model 544,48582.0,,3.1,3036,flipkart,,5 Days,,,CSV,Puma,20,5.0,False,Luxury
office chair ergonomic,HP office chair ergonomic Model 112,31474.0,,3.0,4517,croma,,Free Delivery,,,CSV,HP,21,4.761904761904762,False,Luxury
air fryer India,Nike air fryer India Model 635,23979.0,,3.8,384,amazon,,2 Days,,,CSV,Nike,13,7.6923076923076925,False,Luxury
office chair ergonomic,Philips office chair ergonomic Model 883,23925.5,,3.4,3442,amazon,,2 Days,,,CSV,Philips,17,5.88235294117647,False,Premium
office chair ergonomic,Boat office chair ergonomic Model 505,17335.0,,4.9,2038,croma,,Free Delivery,,,CSV,Boat,2,50.0,True,Premium
office chair ergonomic,Nike office chair ergonomic Model 457,6006.0,,3.4,1498,flipkart,,Free Delivery,,,CSV,Nike,17,5.88235294117647,False,Premium
air fryer India,Philips air fryer India Model 669,13652.0,,2.7,2243,amazon,,2 Days,,,CSV,Philips,24,4.166666666666666,False,Premium
men running shoes,HP men running shoes Model 974,13155.0,,3.6,2057,flipkart,,2 Days,,,CSV,HP,15,6.666666666666667,False,Premium
microwave oven convection,Sony microwave oven convection Model 861,14160.0,,5.0,1594,reliance digital,,Free Delivery,,,CSV,Sony,1,100.0,True,Premium
office chair ergonomic,Boat office chair ergonomic Model 534,49386.0,,4.1,916,croma,,Free Delivery,,,CSV,Boat,10,10.0,True,Luxury
power bank fast charging,Boat power bank fast charging Model 257,48691.0,,4.8,539,croma,,Free Delivery,,,CSV,Boat,3,33.33333333333333,True,Luxury
office chair ergonomic,Sony office chair ergonomic Model 116,39770.0,,4.2,617,reliance digital,,2 Days,,,CSV,Sony,9,11.11111111111111,True,Luxury
air fryer India,Sony air fryer India Model 725,22083.0,,2.5,3667,flipkart,,5 Days,,,CSV,Sony,26,3.8461538461538463,False,Premium
men running shoes,LG men running shoes Model 265,31009.0,,3.1,506,reliance digital,,2 Days,,,CSV,LG,20,5.0,False,Luxury
microwave oven convection,Philips microwave oven convection Model 221,14840.0,,4.3,3858,flipkart,,Free Delivery,,,CSV,Philips,8,12.5,True,Premium
men running shoes,LG men running shoes Model 272,5766.0,,3.2,973,reliance digital,,5 Days,,,CSV,LG,19,5.263157894736842,False,Premium
microwave oven convection,Puma microwave oven convection Model 738,41951.0,,4.0,1460,flipkart,,Free Delivery,,,CSV,Puma,11,9.090909090909092,False,Luxury
office chair ergonomic,HP office chair ergonomic Model 205,23925.5,,2.6,874,reliance digital,,Free Delivery,,,CSV,HP,25,4.0,False,Premium
office chair ergonomic,Samsung office chair ergonomic Model 229,20104.0,,2.7,439,amazon,,2 Days,,,CSV,Samsung,24,4.166666666666666,False,Premium
office chair ergonomic,Philips office chair ergonomic Model 798,23925.5,,3.6,1257,flipkart,,5 Days,,,CSV,Philips,15,6.666666666666667,False,Premium
power bank fast charging,Nike power bank fast charging Model 172,25092.0,,3.0,263,croma,,2 Days,,,CSV,Nike,21,4.761904761904762,False,Luxury
microwave oven convection,Boat microwave oven convection Model 156,22546.5,,4.8,4501,croma,,2 Days,,,CSV,Boat,3,33.33333333333333,True,Premium
air fryer India,Dell air fryer India Model 363,23754.5,,4.0,641,flipkart,,2 Days,,,CSV,Dell,11,9.090909090909092,False,Premium
air fryer India,Philips air fryer India Model 269,23754.5,,3.6,,flipkart,,5 Days,,,CSV,Philips,15,6.666666666666667,False,Premium
air fryer India,Dell air fryer India Model 243,23754.5,,2.6,3171,amazon,,Free Delivery,,,CSV,Dell,25,4.0,False,Premium
microwave oven convection,Boat microwave oven convection Model 458,31490.0,,3.1,1093,amazon,,5 Days,,,CSV,Boat,20,5.0,False,Luxury
power bank fast charging,Dell power bank fast charging Model 484,40635.0,,3.0,1454,croma,,2 Days,,,CSV,Dell,21,4.761904761904762,False,Luxury
office chair ergonomic,Philips office chair ergonomic Model 808,28743.0,,5.0,3347,amazon,,2 Days,,,CSV,Philips,1,100.0,True,Luxury
air fryer India,HP air fryer India Model 947,26570.0,,4.9,,croma,,2 Days,,,CSV,HP,2,50.0,True,Luxury
men running shoes,Samsung men running shoes Model 785,22065.0,,3.1,4026,reliance digital,,5 Days,,,CSV,Samsung,20,5.0,False,Premium
power bank fast charging,Philips power bank fast charging Model 136,11469.0,,3.4,2456,reliance digital,,Free Delivery,,,CSV,Philips,17,5.88235294117647,False,Premium
microwave oven convection,Sony microwave oven convection Model 852,47730.0,,4.5,3005,croma,,2 Days,,,CSV,Sony,6,16.666666666666664,True,Luxury
power bank fast charging,Boat power bank fast charging Model 295,26131.0,,3.9,,flipkart,,Free Delivery,,,CSV,Boat,12,8.333333333333332,False,Luxury
air fryer India,Nike air fryer India Model 162,23754.5,,4.1,4559,flipkart,,5 Days,,,CSV,Nike,10,10.0,True,Premium
men running shoes,HP men running shoes Model 129,22065.0,,4.5,3287,flipkart,,5 Days,,,CSV,HP,6,16.666666666666664,True,Premium
office chair ergonomic,HP office chair ergonomic Model 603,23925.5,,3.7,3241,croma,,2 Days,,,CSV,HP,14,7.142857142857142,False,Premium
power bank fast charging,Boat power bank fast charging Model 237,26131.0,,4.1,4794,reliance digital,,Free Delivery,,,CSV,Boat,10,10.0,True,Luxury
office chair ergonomic,Sony office chair ergonomic Model 116,23925.5,,4.2,617,reliance digital,,2 Days,,,CSV,Sony,9,11.11111111111111,True,Premium
air fryer India,Philips air fryer India Model 213,23754.5,,4.4,2655,amazon,,2 Days,,,CSV,Philips,7,14.285714285714285,True,Premium
office chair ergonomic,Samsung office chair ergonomic Model 472,9857.0,,3.7,3938,amazon,,2 Days,,,CSV,Samsung,14,7.142857142857142,False,Premium
power bank fast charging,Sony power bank fast charging Model 327,26131.0,,4.6,251,croma,,5 Days,,,CSV,Sony,5,20.0,True,Luxury
office chair ergonomic,Philips office chair ergonomic Model 733,2022.0,,3.7,4021,flipkart,,2 Days,,,CSV,Philips,14,7.142857142857142,False,Mid Range
men running shoes,Sony men running shoes Model 584,22065.0,,4.1,,croma,,5 Days,,,CSV,Sony,10,10.0,True,Premium
office chair ergonomic,Puma office chair ergonomic Model 306,23833.0,,2.6,293,flipkart,,5 Days,,,CSV,Puma,25,4.0,False,Premium
microwave oven convection,Dell microwave oven convection Model 367,22546.5,,3.6,434,amazon,,Free Delivery,,,CSV,Dell,15,6.666666666666667,False,Premium
microwave oven convection,Puma microwave oven convection Model 195,22546.5,,4.4,629,amazon,,5 Days,,,CSV,Puma,7,14.285714285714285,True,Premium
office chair ergonomic,Philips office chair ergonomic Model 414,12081.0,,3.2,,amazon,,Free Delivery,,,CSV,Philips,19,5.263157894736842,False,Premium
power bank fast charging,Philips power bank fast charging Model 642,26131.0,,4.6,2579,reliance digital,,2 Days,,,CSV,Philips,5,20.0,True,Luxury
men running shoes,Nike men running shoes Model 359,22065.0,,3.9,4643,amazon,,Free Delivery,,,CSV,Nike,12,8.333333333333332,False,Premium
office chair ergonomic,Philips office chair ergonomic Model 666,23925.5,,5.0,1871,reliance digital,,2 Days,,,CSV,Philips,1,100.0,True,Premium
office chair ergonomic,LG office chair ergonomic Model 829,48662.0,,4.2,,amazon,,2 Days,,,CSV,LG,9,11.11111111111111,True,Luxury
air fryer India,LG air fryer India Model 363,10393.0,,3.5,,croma,,2 Days,,,CSV,LG,16,6.25,False,Premium
microwave oven convection,Philips microwave oven convection Model 322,22546.5,,4.2,3643,croma,,Free Delivery,,,CSV,Philips,9,11.11111111111111,True,Premium
laptop,HP OmniBook 3 14 Laptop Copilot PC Snapdragon X,499.99,499.99,4.7,24,best buy,1,Free delivery by Tue,,https://encrypted-tbn2.gstatic.com/shopping?q=tbn:ANd9GcRpY-CeedxCvQnOVk9O0i2OtEilgJ6XSmThOWk4hMZjgpUlGdS9ELQFw3hVy9CuevqZKJ6aRPqg2nmOpXZ-FSRvtY1jaSnMxDKlF1Y2RRqvQcWBjJ4XjJjT,API,HP,4,25.0,True,Mid Range
laptop,Apple MacBook Neo 13 A18 Pro chip,699.99,699.99,4.8,5400,target,2,Free delivery by Sat,,https://encrypted-tbn2.gstatic.com/shopping?q=tbn:ANd9GcSVYvNSM4O7rKvLh2GAGOAFkrepbLz5e7TVcC-Km7PPfGPxpTJk3YNaCPsGpOfTho1UNW02OMpTB0-BB74iYxulD40wy-0CNFBljbwE14cvX8qYLj7_M7hxuA,API,Apple,3,33.33333333333333,True,Mid Range
laptop,Alienware 15 DA15265 153 Gaming Laptop Computer,899.0,899.0,4.6,138,walmart,3,Free delivery by Tue,,https://encrypted-tbn3.gstatic.com/shopping?q=tbn:ANd9GcSkCNKgXaA_v1ochVIZehYfQuSMv14TP3o6Z1_GZZjiFA3ZZ4J0VHI33VTeOqOw2alrjYEXPu3oe9fODfF4oyOh97EjZZ11jf2vyyDEkvY30r8XpVfp0poQ,API,Alienware,5,20.0,True,Mid Range
laptop,Lenovo IdeaPad Slim 3 Chromebook 14 2K Touchscreen Laptop,256.99,256.99,4.5,64,best buy,4,Unknown,,https://encrypted-tbn1.gstatic.com/shopping?q=tbn:ANd9GcQ5HZzLp6G0xu3qdhYjFggxDuFIWJXAmGEqQnG4Hb38n4-lngcDk4gxn4UP6qgSLUY3Hi1-pwxRhQpD6eqX5rZIJorops8kMyGvJL6K9ASqMqMheLd9Da0r0A,API,Lenovo,6,16.666666666666664,True,Budget
laptop,Acer Aspire Lite 15 AL1532P Intel Nseries N150 up to 36 GHz Win 11 Home in S mode Intel Graphics 4 GB RAM 128 GB SSD 156 IPS,229.99,229.99,4.6,9,staples,5,Free delivery by Wed,,https://encrypted-tbn3.gstatic.com/shopping?q=tbn:ANd9GcQncnUFciWjKUKs4pB8KmdFu1TbpOxp5t-qzq3WjhqgI4lKnnJU34E2B-8IFZyu89smC_tfccBtD5QYON774mUIhXBijzjn1h2POpOl7XvbQst0E8yFqDPR,API,Acer,5,20.0,True,Budget
laptop,Microsoft Surface Laptop Copilot PC 138 Snapdragon X,1399.99,1399.99,4.5,528,microsoft store,6,Free delivery by Thu,,https://encrypted-tbn3.gstatic.com/shopping?q=tbn:ANd9GcSq8TR-T5tV1CBQVZ5h31tM1D7OIaCET-iw4RgSn4jj5uLjMSrB-iVfkVedtQz5gGqUZh8VLmWmwxOphcPP45En2SKE8mRK5Nk9JUlTiNeWQ3iPvyYx14w6KA,API,Microsoft,6,16.666666666666664,True,Mid Range
laptop,Lenovo IdeaPad Slim 3i 156 Full HD Laptop,374.99,374.99,4.5,219,best buy,7,Unknown,,https://encrypted-tbn0.gstatic.com/shopping?q=tbn:ANd9GcQDmr1dd0hi8TB43GNXb4yXsidpri5tA5wDO6UK_3dRc81Htnhja1UDlULgHt88f8jTZ-3UkzKh9DDWwxdp_Bv415_1oF4zmAvvVTl-sGtr_48gLktJ3lUrhg,API,Lenovo,6,16.666666666666664,True,Mid Range
laptop,16 inch Laptop ComputerIntel Core i516GB RAM 512gb SSDWindows 11 Pro Notebook Pcms Office 2024100 sRGB Color Gamut FHD DisplayDual Band WiFi,399.99,399.99,3.6,82,walmart - tpv tech,8,Free delivery by Wed,,https://encrypted-tbn0.gstatic.com/shopping?q=tbn:ANd9GcS6vavhF-kK08jSrNprR4O6wIHcu3dYXUXoESGd2N864kBcysjMsZ4ZlRzcktoYEr6dcQRAWjy21X7UEZ_smLMKhZHgTKk9lAONPr4Ne0mc,API,16,15,6.666666666666667,False,Mid Range
laptop,Dell 156 Touchscreen Laptop Intel Core i5 Processor,539.99,539.99,4.5,221,lowe's,9,Free delivery by Thu,,https://encrypted-tbn0.gstatic.com/shopping?q=tbn:ANd9GcQBhYafPYSVGsK2X_N8mRZ5L7LEG9EDic1WzqeAWKGtZ8gPO_fm8qZyNa-O7Wfc1YXD6ZzugZ89vMEvl3ynjQU4_48UogoUDD8pFEIN5edqAT_xakCnl0A7vQ,API,Dell,6,16.666666666666664,True,Mid Range
laptop,HP 14 HD Laptop Intel Processor N150 4GB RAM,249.99,249.99,4.3,22,best buy,10,Free delivery,,https://encrypted-tbn2.gstatic.com/shopping?q=tbn:ANd9GcQ10ztHKtnKgf0JqAi6wPSEOC8aZG7pm61ymbgY8mq1S-TkxYuGRNu_dLL4l67FkmE-bwnL2humKHCuNK1zm_ngyuCMmscd9FXs3bd9bvsi7QMUsWwIQhQP,API,HP,8,12.5,True,Budget
laptop,ASUS ROG Strix G18 18 144Hz Gaming Laptop NVIDIA GeForce RTX 5060,1399.99,1399.99,4.5,,staples,11,Free delivery by Wed,,https://encrypted-tbn0.gstatic.com/shopping?q=tbn:ANd9GcRLn8vJgROf_vSAEK_j9jgMRR-eRyb9kDni5votVUJ8ID9fd8cK8qeD8BY9OlJmXSkTxRqocAAWDplEoC83aoQhHB4LK3q_Nw2LTR5bKNKRcXa8BenYsafW-g,API,ASUS,6,16.666666666666664,True,Mid Range
laptop,Microsoft 13 Surface Laptop Copilot PC,1239.99,1239.99,4.7,605,nfm,12,Unknown,,https://encrypted-tbn1.gstatic.com/shopping?q=tbn:ANd9GcQzu0gdR2NSmwEtCQcG_B3nq8YoGN9et5iWWZ1OR1seyXPhSK-pBs6uC5ydZr6NwQgYjYQTR_Z8ObZSOMgYWuOSDnmPF1240zzkoYipWcfdAm0G1TOQCv4S,API,Microsoft,4,25.0,True,Mid Range
laptop,Acer Chromebook 315 156 FHD Laptop with Google AI MediaTek Kompanio 540 4GB Memory 128GB Storage WiFi 6E,379.0,379.0,4.6,60,best buy,13,Free delivery by Tue,,https://encrypted-tbn1.gstatic.com/shopping?q=tbn:ANd9GcTMTVI1-uuqmFXpErMu96ngxLcI_vFPw0YjXdwKjw1CutO-zzrOqaQ2WNRmA41ntsuK2oYDxVtZvLxidz0YeobJ738jmZGGKYEx5C7pXKo,API,Acer,5,20.0,True,Mid Range
laptop,HP Stream 14 Laptop Intel Celeron N4120 4GB RAM 64GB eMMC,229.99,229.99,3.6,2100,walmart,14,Free delivery,,https://encrypted-tbn3.gstatic.com/shopping?q=tbn:ANd9GcRNAbrNqjr0ItSeUyup5AoCchc-etUXGcz7-cx8WX9U3H1vh0Ryu82tWofQaP0hh06D28adNf-8PqiTYt4SgpnpPugaR2FWa8anHvjRV7jG6ZGrL_aOXHKa,API,HP,15,6.666666666666667,False,Budget
laptop,Apple MacBook Air M1 7core GPU,250.0,250.0,4.7,29000,event link,15,Unknown,,https://encrypted-tbn0.gstatic.com/shopping?q=tbn:ANd9GcSyJVDkSvvn91IkArsNELNLL8HSKf-jLqD7aa7muIW7UB-0NWafT6UW4PC6QCyVQsB7uewTDuxeYboW7oc24y4zz2BUahVwVA,API,Apple,4,25.0,True,Budget
laptop,Lenovo Yoga 7 16ILL10 Copilot PC 2in1 Laptop Computer,799.99,799.99,4.7,693,best buy,16,Free delivery by Tue,,https://encrypted-tbn1.gstatic.com/shopping?q=tbn:ANd9GcTTm4SvXc-cK1dN6IiRHN3Z0IbXvJfDCeSer1mf5I6Rcx-JMyXEDuOW8PWECnxGCSamp7RWKWUKxf_mIKrC-ANMtfoCbE_EwLmbfvSDH5kEpWiijBofobJHiQ,API,Lenovo,4,25.0,True,Mid Range
laptop,Microsoft Surface Laptop 138 2K Touchscreen Snapdragon X2 Elite 2026,1399.99,1399.99,4.8,39,microsoft store,17,Free delivery by Thu,,https://encrypted-tbn2.gstatic.com/shopping?q=tbn:ANd9GcQFsRVJYtcTfL35bn3CqpWsIKrPVZi4hrgudZJr9B35hkS4jTo4YsPC0CC9k1hIT3i2KEUqoRFPeGZQYP0UwbdoVWA02Ckg0grJrhyif8kZ_-3grWL_Qv2H,API,Microsoft,3,33.33333333333333,True,Mid Range
laptop,NIMO 173 AI Laptop AMD Ryzen AI 9 HX 370 Radeon 890M,1399.99,1399.99,4.2,64,nimo,18,Free delivery,,https://encrypted-tbn1.gstatic.com/shopping?q=tbn:ANd9GcTPDPcWqmh_mE7wA-ZL-lhq2ufVmE2vtGogNkm-rrGoigsvqpN0LUyIZm3fkaKeR8i3QBs4tmqGFage0SJm5h2BeqfrgHSxaPp2L0OmX2K45OKzwxL3MGA,API,NIMO,9,11.11111111111111,True,Mid Range
laptop,Temlicolo 141 Laptop 8GB RAM PC 256GB SSD Intel Celeron N4020C up to 28GHz Windows 11 Pro Webcam 1TB SSD Expansion Silver,269.99,269.99,4.6,168,walmart - temlicolo tablet,19,Free delivery by Wed,,https://encrypted-tbn3.gstatic.com/shopping?q=tbn:ANd9GcTFdeFjkGe9VrWyBBed11Nw1ZVg0Dg-t9RTwVkiLNY0CvyIVCyLnZ7rvU0Rg0Es065bjpuWcX81VHo_vItDcC_dsLFCs1Aj9_QlWmt3PbbR-1nXMmBVLPAFRQ,API,Temlicolo,5,20.0,True,Budget
laptop,Lenovo IdeaPad Slim 3x 153 Touchscreen Copilot PC Laptop 83n,779.99,779.99,4.6,462,lenovo,20,Free delivery,,https://encrypted-tbn3.gstatic.com/shopping?q=tbn:ANd9GcR5RdrINa7RkW-UIeeBuPkbQ8y1GT7hrCFw2yNvMtc7a5Yc8k7eo79bVkFvJ9naUGbVfWJIutsq0LiC_73rjrcssl5V5jTKEXzXOKZxE_3nuQcu1qtIPEuw,API,Lenovo,5,20.0,True,Mid Range
laptop,Dell Plus 16 2in1 16 Touchscreen Laptop,909.99,909.99,4.7,1600,newegg.com - rockystone,21,Free delivery,,https://encrypted-tbn1.gstatic.com/shopping?q=tbn:ANd9GcRHFvDdX52glDWaLXCLQ4mTb_knSvsNOHURba7EV3QSHgoL4LJmrH38UdzBOQQdGqVx1vmcckMW3mlrurtuT12R7A3OdN4Wl2dCtOQoxu7X1QkRl-P4rptVNw,API,Dell,4,25.0,True,Mid Range
laptop,LG gram Book 16 Inch Copilot PC Windows 11 Home Dual AI Touchscreen Laptop AMD Ryzen AI 7 16GB RAM 1TB SSD Black,999.99,999.99,4.8,33,best buy,22,Unknown,,https://encrypted-tbn2.gstatic.com/shopping?q=tbn:ANd9GcT4mGkLrkMEKveyCs_UYOWO4n3YXHi9lOnNhIp4a9mQq1oAvutxcGFBrE7fBuQAnjZ2QBfFZ_3ihUk4G6UsfGBlxoOIZC7dR36yEZOzCirxpGUmVBYKoHvmjg,API,LG,3,33.33333333333333,True,Mid Range
laptop,Apple 133 MacBook Air,231.49,231.49,4.5,1200,walmart,23,Free delivery,,https://encrypted-tbn0.gstatic.com/shopping?q=tbn:ANd9GcRQTNyOKGgQ3xKR15EyR_QTEJMXfKfYgpdkte__niuwCHUhY-60i-3HIGxhKpA5V4T4H9afr3auCC6Ci5GZ8QVSgkXG7c5hvicevw2AsFo5,API,Apple,6,16.666666666666664,True,Budget
laptop,Microsoft Surface Pro 13 Snapdragon X2 Plus,1599.99,1599.99,4.7,32,b&h photo-video-audio,24,Free delivery by Wed,,https://encrypted-tbn0.gstatic.com/shopping?q=tbn:ANd9GcRtrqiaYICC1zjqJZKOaaglUYDACVcKXoZVRZWpTQrxF3Csa4YxG0SAMGnNliJK-7XcTLWo-JISixNUwvKW4jVSdZfwLBZ55Fj0AJq8gm50,API,Microsoft,4,25.0,True,Mid Range
laptop,GeekBook M16 Laptop Intel Ultra,849.0,849.0,4.5,139,geekompc.com,25,Free delivery by Fri,,https://encrypted-tbn2.gstatic.com/shopping?q=tbn:ANd9GcRii5leRnFUXUQqpFO0pPOOyL_9rRP6k42Yb4G7PC-9lC3QW47p8Fe5_j2sBEJBl9vdII3SzE-63RGYDwyFxU2kcKCVRG6ZZN6mDbk-DYNxgnfDN1NL9yf_jA,API,GeekBook,6,16.666666666666664,True,Mid Range
laptop,Samsung Galaxy Chromebook Go 14 LED Laptop Intel Celeron 4GB Memory 128GB 128GB SD Card Silver,349.99,349.99,4.5,,best buy,26,Unknown,,https://encrypted-tbn3.gstatic.com/shopping?q=tbn:ANd9GcQunsb98j-gBjiiiaZQNSiBaxq1ijawGQsY9V-NmekU353bWCcSivsunTunRv3xIDE5iulYadFk01TP3JQgFANfK9y3X1BQ5q7VQCb3EMVMSYNwH8N_V-_yoQ,API,Samsung,6,16.666666666666664,True,Mid Range
laptop,Lenovo IdeaPad 14 Laptop Intel Pentium Silver N6000 82LV003WUS,249.0,249.0,4.1,81,walmart,27,Free delivery,,https://encrypted-tbn0.gstatic.com/shopping?q=tbn:ANd9GcSXZN06eNpg50bteBoTsw_kV0ymquqtlTxD7bQr6DqHTcn5IgBEbDq4cfo7rLNcCiIVB5Qi1yrzOD5GOjssJUFzK7ybs816VQbgmIJx0qfU,API,Lenovo,10,10.0,True,Budget
laptop,ASUS 156 Vivobook 15 Touchscreen Laptop Intel Corei7 1355U,749.99,749.99,4.5,,electronic express,28,Free delivery,,https://encrypted-tbn3.gstatic.com/shopping?q=tbn:ANd9GcQye6Yw5e-E_NUJlpwy1dIn_cqG_i7flpxfGvMQR9ygoJe_D-XrwpqBTUaSOWpBTJiAJrG6B3Sb5hxaxZfLZeRwEMY46E0PJb-WCAI-pzTVmgfnhp6Ac-y3,API,ASUS,6,16.666666666666664,True,Mid Range
laptop,HP 840 G8core I51145g7 26ghz16gb Ram256gb,440.99,440.99,4.5,,target,29,Free delivery,,https://encrypted-tbn0.gstatic.com/shopping?q=tbn:ANd9GcRP1LQkyzluIGgc1e30cBKfozSuYp9b4RXz5VU8MlFTvsDNWTuTbjs80XNiDJ0lIt77MNtJuYnSILFdl3MhkBYJgiyUqfaBbS_bk7BhB1RFpJeTarK9sPUp,API,HP,6,16.666666666666664,True,Mid Range
laptop,Jumper Laptop 156 Inch Computer 16GB DDR3 RAM 1TB SSD i3 Intel Core FHD 1920x1080Window 11 Gray,329.98,329.98,4.5,,best buy,30,Unknown,,https://encrypted-tbn0.gstatic.com/shopping?q=tbn:ANd9GcQgfaxqbOtmXZiWo0m4rNCpimf9umBqSQJ2Cr_zDgTowTPEu6BoiBiHEeqrDPOG9f9xQWHN0wgijvpDx6pTzPfgxoETONsMXyQ8bNGsNEHAe7O6Xj8oUGuC,API,Jumper,6,16.666666666666664,True,Mid Range
laptop,156 inch Laptop12GB RAM 256gb SSDWindows 11 Pro NoteBook Pcms Office 365Intel Celeron N4000up to 26GHz Bussiness Computer Size One Size,239.89,239.89,2.3,23,walmart - tpv tech,31,Free delivery by Wed,,https://encrypted-tbn2.gstatic.com/shopping?q=tbn:ANd9GcSdZByX_AtlUNGrHo_J794GJx1b66uCmU9rwuaIHINvjaydmpsfMaKe6II3aP0qRpG8u9VyAQw5v4zxvXGBM-qPkgaC3PTfEa7aUiVU392_,API,156,28,3.571428571428571,False,Budget
laptop,HP Intel i5 13th Gen Intel Iris Xe Graphics,959.79,959.79,3.8,118,newegg.com - lone star computer,32,Free delivery,,https://encrypted-tbn1.gstatic.com/shopping?q=tbn:ANd9GcRILYKOEy_PZo_tWRVMEBfOMutBI3mZgtF2OWE5PiTY0Gl0ihdIqT0ZnXA1MRTJUEKfQSS87m5lIZ3-YnN4qibett-D9-V9Edw_r-EHmcYw87nBaj2ieB4pFTE,API,HP,13,7.6923076923076925,False,Mid Range
laptop,Lenovo ThinkPad P1 Gen 8 21q,6989.28,6989.28,4.5,,connection,33,Free delivery,,https://encrypted-tbn2.gstatic.com/shopping?q=tbn:ANd9GcSSHMVTLYI-2hqLqDUUxyrIhXpSEGe5oPHTCP-8Jk-bKsvzGRyKDypQLc-q1NmJIXKLXA9AGtNSdlHcn8QGhvkIaFMSkcK4ac4dXReZOR0DWy7-lH0-uuz7,API,Lenovo,6,16.666666666666664,True,Premium
laptop,New Lenovo Chromebook m Cosmic Blue Laptop MediaTek Kompanio 540,529.0,529.0,4.5,,best buy,34,Free delivery by Tue,,https://encrypted-tbn1.gstatic.com/shopping?q=tbn:ANd9GcQ5HZzLp6G0xu3qdhYjFggxDuFIWJXAmGEqQnG4Hb38n4-lngcDk4gxn4UP6qgSLUY3Hi1-pwxRhQpD6eqX5rZIJorops8kMyGvJL6K9ASqMqMheLd9Da0r0A,API,New,6,16.666666666666664,True,Mid Range
laptop,HP 14dq6101dx 14 Laptop Intel Core N150 4GB RAM,249.99,249.99,4.4,136,walmart - deal catcher,35,Free delivery,,https://encrypted-tbn0.gstatic.com/shopping?q=tbn:ANd9GcSpd-SWu-jZA_CqC4zIBm9_wTERW6ebYGyvDKzLIXyrh9Lzs1f8URC8rS7vVAUUn5EKUV_KzePHUOdPbqhDXpx_tTP6mvEaAMyegVGwwQ0Mg-vit_kmLXHT,API,HP,7,14.285714285714285,True,Budget
laptop,Dell Latitude 7420 14in FHD Laptop Intel i71185G7 32GB RAM 512GB SSD Windows 11 Pro 1Year Warranty,385.0,385.0,4.6,25,discount computer depot,36,Free delivery by Thu,,https://encrypted-tbn1.gstatic.com/shopping?q=tbn:ANd9GcR3oP1S7wRKxajLBTqVADUi69ZQgrSDcVJxTz5XU_z252uN240h1Z3Of1yL0Kfy4trITbBFz4B8NzNwOOgSaff5njqTikIjX_pR4vOM_oPq,API,Dell,5,20.0,True,Mid Range
laptop,Microsoft Surface Laptop Copilot PC 138 Snapdragon X Plus,1499.99,1499.99,4.3,105,microsoft store,37,Free delivery by Thu,,https://encrypted-tbn1.gstatic.com/shopping?q=tbn:ANd9GcSffE527mwivCOhDHotZ01EuSALZ7gCnBwsu4qAFWQOmqc1WaRemTcBfzknvEStUkndxQt-5-CMVe0JjY3Vf9KCPPnb-LfirjZSSqwaOHVm1JVdQ92rYKBx,API,Microsoft,8,12.5,True,Mid Range
laptop,Laptop,10.99,10.99,4.5,,fab by epic games,38,Unknown,,https://encrypted-tbn2.gstatic.com/shopping?q=tbn:ANd9GcS63qFuj6L-bygvaS2ZyEDRlA32C_GZw1QSHz7UTQrEyfL1N1msPe0VKWZQGuNovWaAODBrAeRqxCTHc3Wk7tnilIGBHpQYeyvHk4UVcVrN8KL2sy0FL5BJ,API,Laptop,6,16.666666666666664,True,Budget
laptop,Dell Pro 16 PC16250,1649.39,1649.39,4.4,748,best buy,39,Unknown,,https://encrypted-tbn1.gstatic.com/shopping?q=tbn:ANd9GcQG61RQp8zePBZY8bjXo8FrMKoQv-c-TSV61iwfH7CaU03dxNdNda9J3At_6rMsSyO-jJLYt2gh14WW5t8iJ81AW0jcDWyMny-4N0KITHdf9yh5gMetzTOf,API,Dell,7,14.285714285714285,True,Mid Range
laptop,MSI 16 Vector 16 HX AI Gaming Laptop,2299.0,2299.0,4.0,1,walmart - newegg inc.,40,Free delivery,,https://encrypted-tbn2.gstatic.com/shopping?q=tbn:ANd9GcR2HpgZlruBighghgfb-UyzUKioRqo7-mHpbK_LDwenCG_78bfj4HBbDP65Rp5OaA5eyGlong_zu5gebJOWIlWnifYnzGfO8jZYcdrId3PrirTY4Jbf1Ggz4w,API,MSI,11,9.090909090909092,False,Mid Range
laptop,Microsoft Surface Laptop Copilot PC 138 Snapdragon X,1399.99,1399.99,4.5,528,microsoft store,2,Free delivery by Thu,,https://encrypted-tbn3.gstatic.com/shopping?q=tbn:ANd9GcSq8TR-T5tV1CBQVZ5h31tM1D7OIaCET-iw4RgSn4jj5uLjMSrB-iVfkVedtQz5gGqUZh8VLmWmwxOphcPP45En2SKE8mRK5Nk9JUlTiNeWQ3iPvyYx14w6KA,API,Microsoft,6,16.666666666666664,True,Mid Range
laptop,Apple MacBook Neo 13 A18 Pro chip,699.99,699.99,4.8,5400,target,3,Free delivery by Sat,,https://encrypted-tbn2.gstatic.com/shopping?q=tbn:ANd9GcSVYvNSM4O7rKvLh2GAGOAFkrepbLz5e7TVcC-Km7PPfGPxpTJk3YNaCPsGpOfTho1UNW02OMpTB0-BB74iYxulD40wy-0CNFBljbwE14cvX8qYLj7_M7hxuA,API,Apple,3,33.33333333333333,True,Mid Range
laptop,Alienware 15 DA15265 153 Gaming Laptop Computer,899.0,899.0,4.6,138,walmart,4,Free delivery,,https://encrypted-tbn3.gstatic.com/shopping?q=tbn:ANd9GcSkCNKgXaA_v1ochVIZehYfQuSMv14TP3o6Z1_GZZjiFA3ZZ4J0VHI33VTeOqOw2alrjYEXPu3oe9fODfF4oyOh97EjZZ11jf2vyyDEkvY30r8XpVfp0poQ,API,Alienware,5,20.0,True,Mid Range
laptop,Lenovo Yoga 7 16ILL10 Copilot PC 2in1 Laptop Computer,799.99,799.99,4.7,693,best buy,6,Free delivery by Tue,,https://encrypted-tbn1.gstatic.com/shopping?q=tbn:ANd9GcTTm4SvXc-cK1dN6IiRHN3Z0IbXvJfDCeSer1mf5I6Rcx-JMyXEDuOW8PWECnxGCSamp7RWKWUKxf_mIKrC-ANMtfoCbE_EwLmbfvSDH5kEpWiijBofobJHiQ,API,Lenovo,4,25.0,True,Mid Range
laptop,Dell 156 Touchscreen Laptop Intel Core i5 Processor,539.99,539.99,4.5,221,lowe's,7,Free delivery by Thu,,https://encrypted-tbn0.gstatic.com/shopping?q=tbn:ANd9GcQBhYafPYSVGsK2X_N8mRZ5L7LEG9EDic1WzqeAWKGtZ8gPO_fm8qZyNa-O7Wfc1YXD6ZzugZ89vMEvl3ynjQU4_48UogoUDD8pFEIN5edqAT_xakCnl0A7vQ,API,Dell,6,16.666666666666664,True,Mid Range
laptop,GeekBook M16 Laptop Intel Ultra,849.0,849.0,4.5,139,geekompc.com,8,Free delivery by Fri,,https://encrypted-tbn2.gstatic.com/shopping?q=tbn:ANd9GcRii5leRnFUXUQqpFO0pPOOyL_9rRP6k42Yb4G7PC-9lC3QW47p8Fe5_j2sBEJBl9vdII3SzE-63RGYDwyFxU2kcKCVRG6ZZN6mDbk-DYNxgnfDN1NL9yf_jA,API,GeekBook,6,16.666666666666664,True,Mid Range
laptop,Microsoft 13 Surface Laptop Copilot PC,1239.99,1239.99,4.7,605,nfm,9,Unknown,,https://encrypted-tbn1.gstatic.com/shopping?q=tbn:ANd9GcQzu0gdR2NSmwEtCQcG_B3nq8YoGN9et5iWWZ1OR1seyXPhSK-pBs6uC5ydZr6NwQgYjYQTR_Z8ObZSOMgYWuOSDnmPF1240zzkoYipWcfdAm0G1TOQCv4S,API,Microsoft,4,25.0,True,Mid Range
laptop,Lenovo IdeaPad Slim 3x 153 Touchscreen Copilot PC Laptop 83n,779.99,779.99,4.6,462,lenovo,10,Free delivery,,https://encrypted-tbn3.gstatic.com/shopping?q=tbn:ANd9GcR5RdrINa7RkW-UIeeBuPkbQ8y1GT7hrCFw2yNvMtc7a5Yc8k7eo79bVkFvJ9naUGbVfWJIutsq0LiC_73rjrcssl5V5jTKEXzXOKZxE_3nuQcu1qtIPEuw,API,Lenovo,5,20.0,True,Mid Range
laptop,NIMO 173 AI Laptop AMD Ryzen AI 9 HX 370 Radeon 890M,1399.99,1399.99,4.2,64,nimo,12,Free delivery,,https://encrypted-tbn1.gstatic.com/shopping?q=tbn:ANd9GcTPDPcWqmh_mE7wA-ZL-lhq2ufVmE2vtGogNkm-rrGoigsvqpN0LUyIZm3fkaKeR8i3QBs4tmqGFage0SJm5h2BeqfrgHSxaPp2L0OmX2K45OKzwxL3MGA,API,NIMO,9,11.11111111111111,True,Mid Range
laptop,Microsoft Surface Pro 13 Snapdragon X2 Plus,1599.99,1599.99,4.7,32,b&h photo-video-audio,13,Free delivery by Wed,,https://encrypted-tbn0.gstatic.com/shopping?q=tbn:ANd9GcRtrqiaYICC1zjqJZKOaaglUYDACVcKXoZVRZWpTQrxF3Csa4YxG0SAMGnNliJK-7XcTLWo-JISixNUwvKW4jVSdZfwLBZ55Fj0AJq8gm50,API,Microsoft,4,25.0,True,Mid Range
laptop,Hp 173 inch FHD IPS Notebook AMD Ryzen 5 7430u 8GB RAM 256gb SSD Natural,479.99,479.99,3.8,14,walmart - antonline.com,14,Unknown,,https://encrypted-tbn0.gstatic.com/shopping?q=tbn:ANd9GcS0CAsmjsOxUtHy_TRbd44lXxBmY7CXk-K94NbJ2BEhOaiNslH6NlVQVXVsvkbjVfrn1bHN9gnl57Bmgt0MKI8sibKTxb4tbYldi72wum2epmNLDkfDGiEI,API,Hp,13,7.6923076923076925,False,Mid Range
laptop,LG gram Book 16 Inch Copilot PC Windows 11 Home Dual AI Touchscreen Laptop AMD Ryzen AI 7 16GB RAM 1TB SSD Black,999.99,999.99,4.8,33,best buy,15,Unknown,,https://encrypted-tbn2.gstatic.com/shopping?q=tbn:ANd9GcT4mGkLrkMEKveyCs_UYOWO4n3YXHi9lOnNhIp4a9mQq1oAvutxcGFBrE7fBuQAnjZ2QBfFZ_3ihUk4G6UsfGBlxoOIZC7dR36yEZOzCirxpGUmVBYKoHvmjg,API,LG,3,33.33333333333333,True,Mid Range
laptop,Microsoft Surface Laptop 138 2K Touchscreen Snapdragon X2 Elite 2026,1699.99,1699.99,4.8,39,microsoft store,16,Free delivery by Thu,,https://encrypted-tbn2.gstatic.com/shopping?q=tbn:ANd9GcQFsRVJYtcTfL35bn3CqpWsIKrPVZi4hrgudZJr9B35hkS4jTo4YsPC0CC9k1hIT3i2KEUqoRFPeGZQYP0UwbdoVWA02Ckg0grJrhyif8kZ_-3grWL_Qv2H,API,Microsoft,3,33.33333333333333,True,Mid Range
laptop,15inch Apple MacBook Air M5,1499.0,1499.0,4.9,1500,apple,17,Free next-day delivery,,https://encrypted-tbn0.gstatic.com/shopping?q=tbn:ANd9GcSkOCiqpXaZpaqIEJtU-Fo9yfjJR_1KkDNlBx1_MQ6llU6zPJ9S2rh5f4Q8DCfIewMJ3Qs5V5TssEVPZ5M9nxn2_lV1WyvVZa32l5-lxCrFSbbhD6vRJzZmZQ,API,15inch,2,50.0,True,Mid Range
laptop,Microsoft Surface Laptop 7 Copilot 15 Touchscreen Snapdragon X Elite,1549.99,1549.99,4.7,12,cdw,18,Unknown,,https://encrypted-tbn2.gstatic.com/shopping?q=tbn:ANd9GcS15HTwMeskfl8egKKK7aleJj128psGCyAgCzWkIIFTonjEqxzzUFIqZMODyu5qXpvoBVxe9HVxGuxvWht1QFWvhXvU-ogoqDMEYCeRx7IkFlZueGGqnIC8,API,Microsoft,4,25.0,True,Mid Range
laptop,Dell Plus 16 2in1 16 Touchscreen Laptop,909.99,909.99,4.7,1600,newegg.com - rockystone,19,Free delivery,,https://encrypted-tbn1.gstatic.com/shopping?q=tbn:ANd9GcRHFvDdX52glDWaLXCLQ4mTb_knSvsNOHURba7EV3QSHgoL4LJmrH38UdzBOQQdGqVx1vmcckMW3mlrurtuT12R7A3OdN4Wl2dCtOQoxu7X1QkRl-P4rptVNw,API,Dell,4,25.0,True,Mid Range
laptop,MSI 16 Vector 16 HX AI Gaming Laptop,2299.0,2299.0,4.0,1,walmart - newegg inc.,20,Free delivery,,https://encrypted-tbn2.gstatic.com/shopping?q=tbn:ANd9GcR2HpgZlruBighghgfb-UyzUKioRqo7-mHpbK_LDwenCG_78bfj4HBbDP65Rp5OaA5eyGlong_zu5gebJOWIlWnifYnzGfO8jZYcdrId3PrirTY4Jbf1Ggz4w,API,MSI,11,9.090909090909092,False,Mid Range
laptop,Acer Chromebook 315 156 FHD Laptop with Google AI MediaTek Kompanio 540 4GB Memory 128GB Storage WiFi 6E,379.0,379.0,4.6,60,best buy,21,Free delivery by Tue,,https://encrypted-tbn1.gstatic.com/shopping?q=tbn:ANd9GcTMTVI1-uuqmFXpErMu96ngxLcI_vFPw0YjXdwKjw1CutO-zzrOqaQ2WNRmA41ntsuK2oYDxVtZvLxidz0YeobJ738jmZGGKYEx5C7pXKo,API,Acer,5,20.0,True,Mid Range
laptop,Lenovo ThinkPad P14s Gen 6 21ql,1740.69,1740.69,4.5,183,lenovo,22,Free delivery,,https://encrypted-tbn0.gstatic.com/shopping?q=tbn:ANd9GcSgN7FQ1jPzdXZRruMIECzu_qUccgReabwSzfBZ_P9a8SfP5DwuhhfE2XV1CNOGsb3lnIwx7TjvcwaJ9SZYYSzGEL7iUeEGeaslcIqUcSrXzGRSktvoXWWIoA,API,Lenovo,6,16.666666666666664,True,Mid Range
laptop,ASUS 156 Vivobook 15 Touchscreen Laptop Intel Corei7 1355U,749.99,749.99,4.5,,electronic express,23,Free delivery,,https://encrypted-tbn3.gstatic.com/shopping?q=tbn:ANd9GcQye6Yw5e-E_NUJlpwy1dIn_cqG_i7flpxfGvMQR9ygoJe_D-XrwpqBTUaSOWpBTJiAJrG6B3Sb5hxaxZfLZeRwEMY46E0PJb-WCAI-pzTVmgfnhp6Ac-y3,API,ASUS,6,16.666666666666664,True,Mid Range
laptop,Microsoft Surface Laptop Copilot PC 138 Snapdragon X Plus,1499.99,1499.99,4.3,105,microsoft store,24,Free delivery by Thu,,https://encrypted-tbn1.gstatic.com/shopping?q=tbn:ANd9GcSffE527mwivCOhDHotZ01EuSALZ7gCnBwsu4qAFWQOmqc1WaRemTcBfzknvEStUkndxQt-5-CMVe0JjY3Vf9KCPPnb-LfirjZSSqwaOHVm1JVdQ92rYKBx,API,Microsoft,8,12.5,True,Mid Range
laptop,HP 840 G8core I51145g7 26ghz16gb Ram256gb,440.99,440.99,4.5,,target,25,Free delivery,,https://encrypted-tbn0.gstatic.com/shopping?q=tbn:ANd9GcRP1LQkyzluIGgc1e30cBKfozSuYp9b4RXz5VU8MlFTvsDNWTuTbjs80XNiDJ0lIt77MNtJuYnSILFdl3MhkBYJgiyUqfaBbS_bk7BhB1RFpJeTarK9sPUp,API,HP,6,16.666666666666664,True,Mid Range
laptop,HP Stream 14 Laptop Intel Celeron N4120 4GB RAM 64GB eMMC,229.99,229.99,3.6,2100,walmart,26,Free delivery,,https://encrypted-tbn3.gstatic.com/shopping?q=tbn:ANd9GcRNAbrNqjr0ItSeUyup5AoCchc-etUXGcz7-cx8WX9U3H1vh0Ryu82tWofQaP0hh06D28adNf-8PqiTYt4SgpnpPugaR2FWa8anHvjRV7jG6ZGrL_aOXHKa,API,HP,15,6.666666666666667,False,Budget
laptop,Apple MacBook Air M1 7core GPU,250.0,250.0,4.7,29000,event link,27,Unknown,,https://encrypted-tbn0.gstatic.com/shopping?q=tbn:ANd9GcSyJVDkSvvn91IkArsNELNLL8HSKf-jLqD7aa7muIW7UB-0NWafT6UW4PC6QCyVQsB7uewTDuxeYboW7oc24y4zz2BUahVwVA,API,Apple,4,25.0,True,Budget
laptop,New Lenovo Ideapad Slim 3 15itn9 156 N150 10ghz 8GB RAM 128GB SSD,399.99,399.99,4.7,19,best buy,28,Free delivery by Tue,,https://encrypted-tbn0.gstatic.com/shopping?q=tbn:ANd9GcQZZcjFOYTNGtC7yKyEUhgTorO-asWIc1Rsu2VPiD_LNA2th6TFsfUSgj9L1Cpuo98FJVuKdDAJIUPmRXH0FOHLWE0snDrHOAdcAWunTZlGZtMceWfnT9hB,API,New,4,25.0,True,Mid Range
laptop,HP Intel i5 13th Gen Intel Iris Xe Graphics,959.79,959.79,3.8,118,newegg.com - lone star computer,29,Free delivery,,https://encrypted-tbn1.gstatic.com/shopping?q=tbn:ANd9GcRILYKOEy_PZo_tWRVMEBfOMutBI3mZgtF2OWE5PiTY0Gl0ihdIqT0ZnXA1MRTJUEKfQSS87m5lIZ3-YnN4qibett-D9-V9Edw_r-EHmcYw87nBaj2ieB4pFTE,API,HP,13,7.6923076923076925,False,Mid Range
laptop,Microsoft 15 Surface Laptop Copilot PC,1599.99,1599.99,4.3,138,microsoft store,30,Free delivery by Thu,,https://encrypted-tbn1.gstatic.com/shopping?q=tbn:ANd9GcSffE527mwivCOhDHotZ01EuSALZ7gCnBwsu4qAFWQOmqc1WaRemTcBfzknvEStUkndxQt-5-CMVe0JjY3Vf9KCPPnb-LfirjZSSqwaOHVm1JVdQ92rYKBx,API,Microsoft,8,12.5,True,Mid Range
laptop,NIMO 156 Laptop AMD Ryzen 7 8745HS 32GB DDR5 RAM 1TB SSD Radeon 780M,729.99,729.99,4.2,6,nimo,31,Free delivery,,https://encrypted-tbn0.gstatic.com/shopping?q=tbn:ANd9GcRUwLwspdZ4HuSJ5gGXWexm4LePuwy709vd1sXxOfQrHM-_u-Zse8rj3YDhCHZl62Ri3Dp0I4Ro6m_D991Km8M-Ga-mZMsTcLI6RLyyA3NbNRxoZuI3kraW,API,NIMO,9,11.11111111111111,True,Mid Range
laptop,Temlicolo 141 Laptop 8GB RAM PC 256GB SSD Intel Celeron N4020C up to 28GHz Windows 11 Pro Webcam 1TB SSD Expansion Silver,269.99,269.99,4.6,168,walmart - temlicolo tablet,32,Free delivery by Wed,,https://encrypted-tbn3.gstatic.com/shopping?q=tbn:ANd9GcTFdeFjkGe9VrWyBBed11Nw1ZVg0Dg-t9RTwVkiLNY0CvyIVCyLnZ7rvU0Rg0Es065bjpuWcX81VHo_vItDcC_dsLFCs1Aj9_QlWmt3PbbR-1nXMmBVLPAFRQ,API,Temlicolo,5,20.0,True,Budget
laptop,Apple MacBook Pro 14inch M5,2389.0,2389.0,4.8,542,expercom - apple premier partner,33,Unknown,,https://encrypted-tbn0.gstatic.com/shopping?q=tbn:ANd9GcRmuy3jZ_Dar-WeUTlnIKn3MWwd2zNk5LY5Kq1UEIk03LZXgAbhBj0f9vClZkhn8PiM6xEYsxqdw5AWX2N4A--RccqfMycbPWOvr-lfqTopQflzuE5cCqUb,API,Apple,3,33.33333333333333,True,Mid Range
laptop,Jumper Laptop 156 Inch Computer 16GB DDR3 RAM 1TB SSD i3 Intel Core FHD 1920x1080Window 11 Gray,329.98,329.98,4.5,,best buy,34,Unknown,,https://encrypted-tbn0.gstatic.com/shopping?q=tbn:ANd9GcQgfaxqbOtmXZiWo0m4rNCpimf9umBqSQJ2Cr_zDgTowTPEu6BoiBiHEeqrDPOG9f9xQWHN0wgijvpDx6pTzPfgxoETONsMXyQ8bNGsNEHAe7O6Xj8oUGuC,API,Jumper,6,16.666666666666664,True,Mid Range
laptop,Samsung Galaxy Book6 Ultra in Grey,2699.99,2699.99,4.2,12,newegg.com,35,Free delivery,,https://encrypted-tbn0.gstatic.com/shopping?q=tbn:ANd9GcQXr8noP4QyCA1kWENikEkn38FCiUZUN5HWuWsxVgRCRACTrIWLxEcVUX53klnQQhsYEZsM4kjTVuBvpM3-w9foezNYBdaalsXSBlFXumywZCiSO4C0UT-a_g,API,Samsung,9,11.11111111111111,True,Mid Range
laptop,Dell Spldell Chromebook 11 CC11260,398.41,398.41,4.8,9,provantage,36,Free delivery,,https://encrypted-tbn2.gstatic.com/shopping?q=tbn:ANd9GcSfl4DflySr7v5yb1fnMYdUPw3X2I6li6k8zM5gD3jPFNtGH-J-7nBAhm7_GbPOvc7p0gZwqK0vbe4DRbECDfzm9BGbKPW8Z83FgItDlkeg7CIcpTrc-X9xMw,API,Dell,3,33.33333333333333,True,Mid Range
laptop,HP 14 HD Laptop Intel Processor N150 4GB RAM,249.0,249.0,4.6,47,walmart - deal catcher,37,Free delivery,,https://encrypted-tbn2.gstatic.com/shopping?q=tbn:ANd9GcRczv3Kh83PUp7WqLLxAjXYXOtPmwJelD7z6O8DNAYOqHrvVp_0xSC3_8GzdFeN_ggiNFV2okXncOYz757wZpjYlaYgWRWiiGf0-pRsNo4,API,HP,5,20.0,True,Budget
laptop,Apple CTO MacBook Pro 14 inch with M5 Pro 18 Core Cpu,3299.0,3299.0,5.0,6,adorama,38,Free delivery by Wed,,https://encrypted-tbn0.gstatic.com/shopping?q=tbn:ANd9GcQ0Cuht-D0JqvdGzDEVBn0vCzDCsm3jASXTIP5OAfW_F4Apl2jyhaXmTeh6p2zcG4dJU8i3OJ2CUaKIkrzjr5g-pfRAEDiisUFeW-rVuy4dq2UGqr0mc--iZg,API,Apple,1,100.0,True,Mid Range
laptop,GeekBook X14 Pro Ultra Light Metal Laptop with Quiet Efficient Cooling,849.0,849.0,4.5,127,geekompc.com,39,Free delivery by Fri,,https://encrypted-tbn1.gstatic.com/shopping?q=tbn:ANd9GcTPhX7OoYYhzJWLWQhn9Oa_-VxreDAU6LP4X4sOhoyXsiGB2kAJl_KUcBneLlhmfODeL_31Ng00tBG4G9lHFfXwPsQch2KpeD2pOwHQsgxAonBdRar8CRLk,API,GeekBook,6,16.666666666666664,True,Mid Range
laptop,HP 14dq6101dx 14 Laptop Intel Core N150 4GB RAM,249.99,249.99,4.4,136,best buy,40,Free delivery by Tue,,https://encrypted-tbn3.gstatic.com/shopping?q=tbn:ANd9GcQq0PKHi_gBcMCjG24Whn-Q9F7WeXr7RQAfO-0c3xTVaH-Kasz7kgKukvPwnuaGphlEhRbK_Wh6KhF1oL1jVQFgKltONQuKVtVPI07Vrj6I,API,HP,7,14.285714285714285,True,Budget
laptop,Acer Chromebook 315 156 FHD Laptop with Google AI MediaTek Kompanio 540 4GB Memory 128GB Storage WiFi 6E,379.0,379.0,4.5,33,best buy,1,Free delivery by Tue,,https://encrypted-tbn1.gstatic.com/shopping?q=tbn:ANd9GcTMTVI1-uuqmFXpErMu96ngxLcI_vFPw0YjXdwKjw1CutO-zzrOqaQ2WNRmA41ntsuK2oYDxVtZvLxidz0YeobJ738jmZGGKYEx5C7pXKo,API,Acer,6,16.666666666666664,True,Mid Range
laptop,Acer Chromebook Plus Spin 514 14 WUXGA Touch Laptop MediaTek Kompanio Ultra12GB RAM 256GB Storage WiFi 7 Google AI Platinum Silver,549.0,549.0,4.5,,best buy,2,Free delivery by Tue,,https://encrypted-tbn2.gstatic.com/shopping?q=tbn:ANd9GcR2e6ohBByRqk3ins0YvmNukCuPoGxsoya3wzeLFAKLIyffM2-6lEyv2rNhYn77nLawX01IaLsCZcqlKRvtF01cG_3BmzE3seaZkF5o8fQfRJ-dtSO1ksyS,API,Acer,6,16.666666666666664,True,Mid Range
laptop,Panasonic Lets Note CFSX2 Intel Core i5 SSD 128GB GB 8GB,119.0,119.0,4.5,,ebay,3,Unknown,,https://encrypted-tbn2.gstatic.com/shopping?q=tbn:ANd9GcSQqLqoTYH_eKn4Bp8aBGOim6jIRLt73r2gICDuguSKrGDMJMLPX2WfiRCFJJTSgLaDym5LRTpXF0-NGzK_KRK8NHMKKYOCbgWLoIN82QyX,API,Panasonic,6,16.666666666666664,True,Budget
laptop,156 Gaming LaptopIPS Fhd AMD Ryzen 7 8745hs Radeon 780m GPU Beat R9 6900hx up to 49GHz 32gb Ddr5 RAM 1TB SSD 100w TypeC Computer with,1079.99,1079.99,4.5,,walmart - esoor,4,Free delivery,,https://encrypted-tbn3.gstatic.com/shopping?q=tbn:ANd9GcS61P6k3UKTKtCCmbkeDYXwFI63p1eX0yBs2F-VrtdvJc0piwuhI4AMYnOXO1bZ0wWgSkx3IMfGcsvGbXjbNuVYNzjTwFACDa1W5ligOHLewVseufius-g2zA,API,156,6,16.666666666666664,True,Mid Range
laptop,Laptop APPLE MacBook Neo 13 mhfc4cra A18 Pro 8GB 512GB SSD Apple 5Core GPU 13 24081506 IPS macOS srebrni,1090.49,1090.49,5.0,5500,links,5,Unknown,,https://encrypted-tbn3.gstatic.com/shopping?q=tbn:ANd9GcRMquHUegQOB2QJw5rPVhmeZft-K7t0A1domiXaEUwtwgg2d53PnTMLCfR8LyvTLBJpXXqAPBtN6nKQei7yRdZpsbsqbg-gHrMi0jkzxenIq_sVW9Go5jM0,API,Laptop,1,100.0,True,Mid Range
laptop,Dell Pro 16 Plus PB16250,3107.3,3107.3,4.5,,jtf corp,6,Unknown,,https://encrypted-tbn0.gstatic.com/shopping?q=tbn:ANd9GcQBr0p1KeGFKMpp8cr9_BEkUTjltFRuo36y40ldfchace7at-iVAN7A_PlZVRybvdKvpefHqhEV9ptCWkyFNDNDgRa-wKEEqg,API,Dell,6,16.666666666666664,True,Mid Range
laptop,Dell Pro 16 Plus PB16250,2919.07,2919.07,4.5,,jtf corp,7,Unknown,,https://encrypted-tbn1.gstatic.com/shopping?q=tbn:ANd9GcQ-b_KX2KNS6ZZSuK39FJ192RWzreVQymdvetrP_kqgf3V-3d2QNz7zsu2bd4XFtxIwLk3vbMdqpP_P9Tl10xLB-cXHa7XQ,API,Dell,6,16.666666666666664,True,Mid Range
laptop,Hp Omnibook 3 14 2k Touch Snapdragon X X126100 8 Upto 32gb Ddr5x,1487.84,1487.84,4.5,,ebay - oriongadgethub,8,Free delivery,,https://encrypted-tbn2.gstatic.com/shopping?q=tbn:ANd9GcQd6XEWVRj5jMz2PpODAI6mot50-Ma_0M6gUdGu9nDdxLQXYfBY3UaGgsBi5xFwTY-hc4YAiE0AM4qwzZB-HebXmawrC4NfXM0qI_5m3167CQc2TtHC1JkceQ,API,Hp,6,16.666666666666664,True,Mid Range
laptop,Dell Pro 16 Plus PB16250,1603.21,1603.21,4.5,,jtf corp,9,"Free delivery on $500,000+",,https://encrypted-tbn2.gstatic.com/shopping?q=tbn:ANd9GcQMz9ze5Fah6OcgoomlrKnlo059xhYQ-taOQUSG5Yh2KvTksm7nhh2ThJ5R2PDxYSK5vaFWvupbtUL0r61UwqkiBLR5MTCdSN6RaiGuFXk5zUnDb8dtsA,API,Dell,6,16.666666666666664,True,Mid Range
laptop,HP Laptop 14CF2111WM 14 Inch N4120 8 GB RAM 64 GB SSD Windows 10 Home,140.17,140.17,1.7,11,ebay - itembazaar,10,Free delivery by Fri,,https://encrypted-tbn3.gstatic.com/shopping?q=tbn:ANd9GcSK7M6s9b2V0UfjVSCeEFYw7XJSF5LBevHYu4QnUTPTBM0LPBWZ6rNPZhAteyD2WUxvH5qibD4yEgHLFtrbbZD5vldQkV1_qQidD-ySvv0oSKWH8sqACRTvbw,API,HP,33,3.0303030303030303,False,Budget
laptop,Hp 15fd0133wm 156 Laptop Intel I3 N305 16gb Ram 256gb Ssd Silver,499.0,499.0,4.5,,ebay,11,Unknown,,https://encrypted-tbn2.gstatic.com/shopping?q=tbn:ANd9GcQ0mz4sCGWlc7bfDhJf8qvYj961Ljz4mmSkY4wgUY0Z7y92uzzdv_SR1oVEFNYwRscRvzihYSt1H7ERSkGieNJOrTPGEtOgyNpMqObqDmywnTDVnoRye8JQDw,API,Hp,6,16.666666666666664,True,Mid Range
laptop,Asus Chromebook Plus Cx3402cba 14 I31215u 38ghz 8gb 128gb,311.39,311.39,2.6,1,ebay - electro_room,12,Free delivery,,https://encrypted-tbn0.gstatic.com/shopping?q=tbn:ANd9GcTz-sF7SGFyRGMPzkJtkamhnea99E_siM7j-i6WE6MuZifx77m4D4t5TFg9DAU1ww3J1c_HJNj2ydI_yEfoQwFOBmdeSPFN411WxzAEeR-PGiHEBgpDwCl4dA,API,Asus,25,4.0,False,Mid Range
laptop,Lenovo Upgraded Yoga 14 2K Touch Copilot PC LaptopSnapdragon X2E8010016GB RAM512GB SSD1TB Dock SetBacklitWin 11Pro Blue,1759.0,1759.0,4.5,,best buy,13,Unknown,,https://encrypted-tbn2.gstatic.com/shopping?q=tbn:ANd9GcQsyrEqCptunwGFUbAS-3eROec3NvP7GVYHNfH6w6X5dcdvlBARCVvGn1iSH5XzsneZcPO87Z8mXux1FIy8IDSt0vcJWtU0m-crOY-oNIw,API,Lenovo,6,16.666666666666664,True,Mid Range
laptop,Bundle Apple MacBook Neo 13inch Laptop A18 Pro chip with 6core CPU and 5core GPU 8GB Memory 512GB SSD Accessories Indigo,889.99,889.99,3.0,5400,best buy,14,Unknown,,https://encrypted-tbn1.gstatic.com/shopping?q=tbn:ANd9GcS7f4pkRdPvnL40zFT4eZR1MqFRQ9UqwYX2gA-HUZs5tzfFWHzF0XTDJWMVB7rmTslkcMXfdX8nOpaNC4rkb4WzzuAfXUbAIQA3vM9_Zn2ZJRLYsbXnZeHH,API,Bundle,21,4.761904761904762,False,Mid Range
laptop,SD Lenovo 500e Yoga Chromebook Gen 4 Graphite Grey 82w5x,483.99,483.99,4.5,,office depot,15,Free delivery,,https://encrypted-tbn0.gstatic.com/shopping?q=tbn:ANd9GcQzfePkoAhAatFZ6TbHUYc_sQ9HSTSiDDve310Ddy7t_riQBTOCQ6u7bEr5wim5bk3IZA9JE_hP1i3I2IRRBAadDOb1ljKScjRmYuEXD65y1wuFnFS5Kyip,API,SD,6,16.666666666666664,True,Mid Range
laptop,ASUS Chromebook Plus Electronics Color White,200.0,200.0,4.5,,mercari,16,Free delivery,,https://encrypted-tbn3.gstatic.com/shopping?q=tbn:ANd9GcSxUJK7CX7hM5ePAp4i2b6L7bA0vd8NbBVrcFoO5p23AotyWeKhrIZMd2BwmDYvZiuhmNYhP_BOdlwFSbjIeAYWk1mHZP6TQqxENa1ignkEAJodtz_eYXhs4A,API,ASUS,6,16.666666666666664,True,Budget
laptop,Dell Pro 14 Plus PB14250,2899.0,2899.0,3.0,310,buydig.com,17,Free delivery by Fri,,https://encrypted-tbn2.gstatic.com/shopping?q=tbn:ANd9GcSk3dhZHdNUamV-j2jg_7C-U7domnXThhvchaHM7d_dRaGFFTA-1FmM5v9rmmtgkcAq_SMjxzG-08P7zqYxQafi4vsWQuby63VNCtKV9yrM,API,Dell,21,4.761904761904762,False,Mid Range
laptop,Apple 13 MacBook Neo with A18 Pro Chip and Accessories IndigoCelestial,999.99,999.99,4.5,,hsn,18,Unknown,,https://encrypted-tbn1.gstatic.com/shopping?q=tbn:ANd9GcR67EWxGJw64qFgLH1CrGAF4TEKWNEfqsBepR-zrVj2xgSOYz_pkXkqXpQYla8ZcqxkXVL_8gRtJGHIO_CzK9UasjaDK-ks6An6DX9WIvjim62A795uigLuSw,API,Apple,6,16.666666666666664,True,Mid Range
laptop,Hp 173 inch FHD IPS Notebook AMD Ryzen 5 7430u 8GB RAM 256gb SSD Natural,479.99,479.99,2.4,34,walmart - antonline.com,19,Unknown,,https://encrypted-tbn0.gstatic.com/shopping?q=tbn:ANd9GcS0CAsmjsOxUtHy_TRbd44lXxBmY7CXk-K94NbJ2BEhOaiNslH6NlVQVXVsvkbjVfrn1bHN9gnl57Bmgt0MKI8sibKTxb4tbYldi72wum2epmNLDkfDGiEI,API,Hp,27,3.7037037037037033,False,Mid Range
laptop,HP 156 Inch HD Windows Laptop Intel Processor 128 GB 4 GB 15159in 37 GHz,286.9,286.9,4.1,411,ebay - renleys,20,Free delivery,,https://encrypted-tbn0.gstatic.com/shopping?q=tbn:ANd9GcSpAyOCWVs1b55f5zUcuzsGo2XeEl1A_-LsZp-G4yShgBu1MSTGxN-stiWuiRBJw-_D_fjnW9mFLMDRP8jGF-1-62SdsJmC3ZapCINmK4sLnO2HoTxod8XT,API,HP,10,10.0,True,Budget
laptop,HP Victus 15 Ryzen 5 8645HS RTX 4050 8GB DDR5 RAM 156 inch,1070.0,1070.0,4.5,,ezonelb.com,21,Unknown,,https://encrypted-tbn3.gstatic.com/shopping?q=tbn:ANd9GcR2h2MXyxE8QG3JC5ip29WVkXs2iPl5jz4miEbHhoXnrrL-yLOVYzcwlyuBttVmMcQSCbq62w8yZgK3xdB6bJL_GEZTdOlc,API,HP,6,16.666666666666664,True,Mid Range
laptop,Temlicolo 141 Laptop 8GB RAM PC 256GB SSD Intel Celeron N4020C up to 28GHz Windows 11 Pro Webcam 1TB SSD Expansion Silver,269.99,269.99,5.0,134,walmart - temlicolo tablet,22,Free delivery by Wed,,https://encrypted-tbn3.gstatic.com/shopping?q=tbn:ANd9GcTFdeFjkGe9VrWyBBed11Nw1ZVg0Dg-t9RTwVkiLNY0CvyIVCyLnZ7rvU0Rg0Es065bjpuWcX81VHo_vItDcC_dsLFCs1Aj9_QlWmt3PbbR-1nXMmBVLPAFRQ,API,Temlicolo,1,100.0,True,Budget
laptop,HP 156 FHD Laptop Intel Core i3 Processor,589.0,589.0,2.9,538,best buy,23,Unknown,,https://encrypted-tbn0.gstatic.com/shopping?q=tbn:ANd9GcT1Ohyr3304aCRqGc1VWMkHnp9oJceoWV9flw3rcDCdHPHjWdG8tcJYRYyjTYVhLXwL_riwG0xpp50KKoD_WZT3P9vdwIrDBqrZ3LL_XGsSBJ2qGtbSKVjx9Q,API,HP,22,4.545454545454546,False,Mid Range
laptop,16 inch Laptop ComputerIntel Core i516GB RAM 512gb SSDWindows 11 Pro Notebook Pcms Office 2024100 sRGB Color Gamut FHD DisplayDual Band WiFi,399.99,399.99,3.4,176,walmart - tpv tech,24,Free delivery by Wed,,https://encrypted-tbn0.gstatic.com/shopping?q=tbn:ANd9GcS6vavhF-kK08jSrNprR4O6wIHcu3dYXUXoESGd2N864kBcysjMsZ4ZlRzcktoYEr6dcQRAWjy21X7UEZ_smLMKhZHgTKk9lAONPr4Ne0mc,API,16,17,5.88235294117647,False,Mid Range
laptop,Acer Chromebook Plus 516 Laptop 16 WUXGA Display Intel i31315U 8GB LPDDR5 128GB Storage WiFi 6E,649.0,649.0,2.9,221,best buy,25,Free delivery by Tue,,https://encrypted-tbn3.gstatic.com/shopping?q=tbn:ANd9GcQ1ug-j-E7IttyHLii5TWJaQyqCuVKdvcoUdrBDM9QO8ewKibxtbyJy2Sx5sabncCXilFip3l3oYVLEs2UJg53iUXc99W5LKOAqCK_MU7g8,API,Acer,22,4.545454545454546,False,Mid Range
laptop,Lenovo Upgraded Yoga 14 2K Touch Copilot PC LaptopSnapdragon X2E8010016GB RAM1TB SSD1TB Dock SetBacklitWin 11 Pro Blue,1839.0,1839.0,4.5,,best buy,26,Unknown,,https://encrypted-tbn0.gstatic.com/shopping?q=tbn:ANd9GcRopVC1u6yyx2G130WHE81mOPqZkbuMKzJBO00n51dSocVxsIMmAYbJj2cWFAcaVR23sVvN5AyKCFZ15_vmjs2UURmw0Y1ZPJKcr4rx8hBk,API,Lenovo,6,16.666666666666664,True,Mid Range
laptop,Apple 13 MacBook Neo with A18 Pro Chip and Accessories Silver,999.99,999.99,4.5,,hsn,27,Unknown,,https://encrypted-tbn3.gstatic.com/shopping?q=tbn:ANd9GcT9y8uhvIMBsqdr8FPyxjLx22a3yGclXGckWEX6XeePkYEkUug5QqQ--ZB4_ecSHLppesxNVAE0vNrmqyL7-BSKF05FdciBbYMHtAOYyYuQPtx_U69JYYYX,API,Apple,6,16.666666666666664,True,Mid Range
laptop,Dell Pro 16 Plus 16 IPS AI Laptop Intel Core Ultra 5 32GB RAM 256GB SSD 126 Hour Battery Win Quill,2044.19,2044.19,2.8,419,quill,28,Free delivery by Thu,,https://encrypted-tbn3.gstatic.com/shopping?q=tbn:ANd9GcS0It5e4NZSTjcbafbwr3tBKRvrQlysGom--j8E12t6vMFomkpstcYytmnqFgdWmMLPq9UGHY9DFQ6nrMOXN3nUattlJjDj00WE0iAElsym93oDn8_thqZbtQ,API,Dell,23,4.3478260869565215,False,Mid Range
laptop,Apple 13 MacBook Neo with A18 Pro Chip and Accessories IndigoCapri,999.99,999.99,4.5,,hsn,29,Unknown,,https://encrypted-tbn1.gstatic.com/shopping?q=tbn:ANd9GcR67EWxGJw64qFgLH1CrGAF4TEKWNEfqsBepR-zrVj2xgSOYz_pkXkqXpQYla8ZcqxkXVL_8gRtJGHIO_CzK9UasjaDK-ks6An6DX9WIvjim62A795uigLuSw,API,Apple,6,16.666666666666664,True,Mid Range
laptop,Apple 13 MacBook Neo with A18 Pro Chip and Accessories Multi,999.99,999.99,4.5,,hsn,30,Unknown,,https://encrypted-tbn1.gstatic.com/shopping?q=tbn:ANd9GcR67EWxGJw64qFgLH1CrGAF4TEKWNEfqsBepR-zrVj2xgSOYz_pkXkqXpQYla8ZcqxkXVL_8gRtJGHIO_CzK9UasjaDK-ks6An6DX9WIvjim62A795uigLuSw,API,Apple,6,16.666666666666664,True,Mid Range
laptop,Apple 13 MacBook Neo with A18 Pro Chip and Accessories BlushCapri,999.99,999.99,4.5,,hsn,31,Unknown,,https://encrypted-tbn1.gstatic.com/shopping?q=tbn:ANd9GcR67EWxGJw64qFgLH1CrGAF4TEKWNEfqsBepR-zrVj2xgSOYz_pkXkqXpQYla8ZcqxkXVL_8gRtJGHIO_CzK9UasjaDK-ks6An6DX9WIvjim62A795uigLuSw,API,Apple,6,16.666666666666664,True,Mid Range
laptop,Apple 13 MacBook Neo with A18 Pro Chip and Accessories CitrusCelestial,999.99,999.99,4.5,,hsn,32,Unknown,,https://encrypted-tbn1.gstatic.com/shopping?q=tbn:ANd9GcR67EWxGJw64qFgLH1CrGAF4TEKWNEfqsBepR-zrVj2xgSOYz_pkXkqXpQYla8ZcqxkXVL_8gRtJGHIO_CzK9UasjaDK-ks6An6DX9WIvjim62A795uigLuSw,API,Apple,6,16.666666666666664,True,Mid Range
laptop,Apple 13 MacBook Neo with A18 Pro Chip and Accessories SilverCelestial,999.99,999.99,4.5,,hsn,33,Unknown,,https://encrypted-tbn1.gstatic.com/shopping?q=tbn:ANd9GcR67EWxGJw64qFgLH1CrGAF4TEKWNEfqsBepR-zrVj2xgSOYz_pkXkqXpQYla8ZcqxkXVL_8gRtJGHIO_CzK9UasjaDK-ks6An6DX9WIvjim62A795uigLuSw,API,Apple,6,16.666666666666664,True,Mid Range
laptop,HP 156 inch Full HD Laptop AMD Ryzen 3 7320U,509.99,509.99,2.7,1,small dog electronics,34,Free delivery,,https://encrypted-tbn1.gstatic.com/shopping?q=tbn:ANd9GcSkj0Dpfg56KYUw7Y6IYK1SFKODTxZGoJQmujsOWs4oy6QPKDXmwXz6Z3_q5ZgzwFSUIPWzSbQxK-fKBaPsmF62rplvnfAcYMpEtv4ZpX_OIF5mU19hA8Ow,API,HP,24,4.166666666666666,False,Mid Range
laptop,Package Lenovo Yoga 7i 2in1 Copilot PC 16 2K Touchscreen Laptop Intel Core Ultra 5 Processor 2024 16GB Memory 512GB SSD Luna Grey,909.98,909.98,4.5,,best buy,35,Unknown,,https://encrypted-tbn0.gstatic.com/shopping?q=tbn:ANd9GcRaGOsYaXzttlMnE7r0vQVROy-MRevHgA4iFm99NsNkFeUun4pCfSKz8WrjcqlACw75fsyYY_slZGomFyMN9uElZsAbD-kGaQ,API,Package,6,16.666666666666664,True,Mid Range
laptop,Bundle HP OmniBook 3 16 2K Touchscreen Laptop AMD Ryzen 5 40 2025 256GB SSD Glacier Silver Carry Case Monitor,599.99,599.99,4.5,,best buy,36,Unknown,,https://encrypted-tbn0.gstatic.com/shopping?q=tbn:ANd9GcRrCmcfzymy6NTm93ffCKvOsk-1TFs0NXf76-IKuQqXlzZiuWg3qST3QtzpSjF2q9BRMRG4L1kBGkhdrqBiRtRmO73PtSXILuonu9Npsoyow47i-EEablyL5A,API,Bundle,6,16.666666666666664,True,Mid Range
laptop,Lenovo Chromebook Plus 2in1 14 Full HD Touchscreen Laptop Intel Core 3 Processor N355 2025 8GB Memory 128GB UFS256SD 256GB SD Card,639.99,639.99,5.0,148,best buy,37,Unknown,,https://encrypted-tbn3.gstatic.com/shopping?q=tbn:ANd9GcRF8ZW2XcftWnGQPxqnMkmXfU13ICUBup5WMsz6N5VlYQ3k6tLPrvXNX8c10tJdYaR9A3aROE5iaDAZGrTYWu2XMLakm8EN88AkcwEb8aJkqBq4TgI9QoPaPg,API,Lenovo,1,100.0,True,Mid Range
laptop,173 Gaming Laptop AMD Ryzen 9 8945hs Beats i913900H Up to 52GHz Featuring Radeon 780m Graphics 16gb Ram 1TB Ssd 100w PD and AIEnhanced,949.99,949.99,4.5,,walmart - ruly,38,Free delivery,,https://encrypted-tbn1.gstatic.com/shopping?q=tbn:ANd9GcQ7q2GjN8Ete0f9tQdgIm2XNxgYA3AEUgXTC12tqON8aUItgW35yAyaxnqqBnI2WWxfR8VflJdhgF_ceDs2tU_L80vZZ7MyObdZzBnTxMuA6ePH8hmx06dF,API,173,6,16.666666666666664,True,Mid Range
laptop,Package Lenovo Yoga 7i 2in1 Copilot PC 16 2K Touchscreen Laptop Intel Core Ultra 5 Processor 2024 16GB Memory 512GB SSD Luna Grey,1089.98,1089.98,5.0,1,best buy,39,Unknown,,https://encrypted-tbn0.gstatic.com/shopping?q=tbn:ANd9GcRaGOsYaXzttlMnE7r0vQVROy-MRevHgA4iFm99NsNkFeUun4pCfSKz8WrjcqlACw75fsyYY_slZGomFyMN9uElZsAbD-kGaQ,API,Package,1,100.0,True,Mid Range
television,Fpd 43inch Smart TV 1080p FHD Android TV with Google Play Builtin Chromecast Dolby Audio Hdr 10 Flat Television with Assistant Voice Control,237.79,237.79,4.1,15,walmart - fpd official,1,Free delivery,,https://encrypted-tbn0.gstatic.com/shopping?q=tbn:ANd9GcRNUQz1lhzbp6vxj0rvnng_ENPHJaErtf1CzkoAtRJGGOx_ACY5QmQgpPgeF5JOty2QGVgbmc9yjKXt3fRdPySeKOnLmNJSwxmr8xh_sXmMUHjekmJj8JAc,API,Fpd,10,10.0,True,Budget
television,Hisense 50 inch QLED 4K Smart TV Google Dolby Vision HDR 50QD6030G,399.99,399.99,2.2,893,ebay,2,Free delivery,,https://encrypted-tbn0.gstatic.com/shopping?q=tbn:ANd9GcRI9P3v2S6aIIoLovOsw1U38U4k4LDi1hN-Eb5zIHjutqxT2_fR58TNi-ovsvmA0OL5VdYHYh1QapfISHJglUgrdx9Y-Pf5GEG3kGu6HuvCQA3VBi6V8UKy,API,Hisense,29,3.4482758620689653,False,Mid Range
television,Insignia Class F50 Series LED 4K UHD Smart Fire TV,659.88,659.88,3.4,7900,ebay - d1stopshopla,3,Free delivery,,https://encrypted-tbn2.gstatic.com/shopping?q=tbn:ANd9GcQrQBeDKqX-IGk2ny-4hMmb-kWd62e7RQClFHPGfcu5k1iunN7wXeLlFr2eAz1-VT6GEKUFwAAEzt_kEzx7aNDbVc3FB0QfJvVwy83RCR_XMsJdNsk3tyFVsQ,API,Insignia,17,5.88235294117647,False,Mid Range
television,Vizio 24 Class HD 720p LED Smart TV Vhd24m08,189.95,189.95,4.8,1200,tiktok shop,4,Free delivery by Thu,,https://encrypted-tbn2.gstatic.com/shopping?q=tbn:ANd9GcSwA6aBE5otPMsyZkdCRMyXsIM0uK6pToJLjzER7DX15damOTN4zzwtvFzxv6Se98QYOY-DUB3Hk0AnzR-WQHoySk9pKwYmpjH5yZicsA9TYuv6MceFRZEPcQ,API,Vizio,3,33.33333333333333,True,Budget
television,Vizio Class Quantum Full HD Qled Smart TV,124.0,124.0,5.0,787,walmart,5,Free delivery,,https://encrypted-tbn0.gstatic.com/shopping?q=tbn:ANd9GcTMlbw0kdTd7gLlvAt5k0Lpry6YBXQKStFIGjfCJL4ZZrbquJm60QTOrMZn84L-681DnAjio_e8Jk-UXEKhjJOAue6oDxGStK2eH4HR1QrEBzwHvLUYp7qO,API,Vizio,1,100.0,True,Budget
television,Tcl 85 inch Q Series Qled 4K UHD HDR Smart Google TV new 2025 Dolby Vision Dolby Atmos Motion Rate 240 HDR 10 Auto Game Mode 85q51k,190.0,,4.1,954,,6,Unknown,,https://encrypted-tbn2.gstatic.com/shopping?q=tbn:ANd9GcTbnhRICiF0MUr_GdONpWaaqzfJHxF75b_Y_RhG80kmjUrLOOIpocYYMtYv-bmkfOvhtlnnNAOAi5nysr7IZYeL7UMn7xCiKRCy2WJ7AnHn1hCGOJOa7SjJLA,API,Tcl,10,10.0,True,Budget
television,Fpd 40inch Smart TV 1080p Fhd Compatible with Samsung TV Plus Smartthings Built in Gaming Hub Dolby Audio Hdr10 Voice Control Flat Television,183.99,183.99,1.0,99,walmart - fpd official,7,Free delivery,,https://encrypted-tbn1.gstatic.com/shopping?q=tbn:ANd9GcQThz2HrLhDSvzwDfR2GxoD3hawUfp4EdTUf7-tW6osRrEC7O4hQoH9uWKVA-EKZgL24WYKbZKwZ8CQEHuFYyrs7Zx47sBk0v-2WWIeA1IA_6CbhlW6-i0q,API,Fpd,37,2.7027027027027026,False,Budget
television,Furrion 22 FHD LED TV With DVD Combo CamperRVMotorhome 1080p FHD 2029 in,136.95,136.95,4.5,,ebay - funarvparts,8,Free delivery by Fri,,https://encrypted-tbn3.gstatic.com/shopping?q=tbn:ANd9GcT7Tjz0InO92KUj4sAC20XLnQ0LT2PrI6TJtF6_JRvYOcXlIOuXL1AknLkJ7zDbNYgw-NETBeXj1pDjjDiF3okhu-OL9OiL5YV2NSzfO6vnAue7m7XN4AAU,API,Furrion,6,16.666666666666664,True,Budget
television,TCL Class Q6 QLED 4K UHD HDR Smart Google TV,298.0,298.0,5.0,6500,walmart,9,Free delivery,,https://encrypted-tbn2.gstatic.com/shopping?q=tbn:ANd9GcQSgMZK3H2jYnPVWc1TEMZha0Z9XsGjm-sM2W6wjv4-EXSKeFXdk2H0u1FTXQX0Z4jP55VfnSL7pjerI7kCzHoBfGAuz6FTtioqx-98aayCWk8F7YarngOV,API,TCL,1,100.0,True,Budget
television,Hiro Roku TV 720p HD Smart TV Flat Screen LED Television with Roku TV and Dolby Audio for Streaming,99.99,99.99,3.0,147,target,10,Free delivery by Sat,,https://encrypted-tbn0.gstatic.com/shopping?q=tbn:ANd9GcTDBq-IdpIJioMWxVLlVoruh4C_eJLP3tDFja3NYa_TY84ETCxTtN_yhqvkBns2m3gGhJefU-4hKuORfKjIhR_vtkZPYm2f7hJXxWS98J35o_krNxNuVth2kw,API,Hiro,21,4.761904761904762,False,Budget
television,Fpd 40inch Smart TV 1080p Fhd LED Google TV with Google PlayCast Google Assistant Voice Control Dolby Audio Hdr10 Flat Screen Brown,188.97,188.97,3.4,84,walmart - fpd official,11,Free delivery,,https://encrypted-tbn2.gstatic.com/shopping?q=tbn:ANd9GcTdCzg5u7eDY_oBlAGOBQOkfwDxTrb-f-WbyWLxeaWII1-m78p5CBRqhvFBIEIisu29xAcl-BYzvru29NWUGSTBmQv_QasWcDaHzetuJNxxfDK6UKQQDEmiPw,API,Fpd,17,5.88235294117647,False,Budget
television,Tcl Qm51l Series QDMini LED Qled 4K UHD HDR Smart Google TV 50qm51l,398.0,398.0,4.8,1,walmart,12,Free delivery,,https://encrypted-tbn3.gstatic.com/shopping?q=tbn:ANd9GcTkFBPW9sxK-DWceLf8YNDq3eOjPupXsYGlsaEz1BVcAUWtTrlfTm2SDaroQdmyTyOBahkT3OiUwgSldm4cWJVWG5fHtkmSkbxHeKxxiYjzRVclbpTTRyqm,API,Tcl,3,33.33333333333333,True,Mid Range
television,Samsung Class M70hb Series Mini LED 4K UHD Samsung Vision AI Companion Smart Tizen TV 2026,348.0,348.0,3.3,2500,walmart,13,Free delivery,,https://encrypted-tbn3.gstatic.com/shopping?q=tbn:ANd9GcRMM6GtQeYmJzUiq1vzbijL21uVf_EGRUq-xcE26Yo4_3-Ybkjz9dRMdsmCYkrFF3NamZSUFyQ5B1G_4yDL9PCD1dfp7QIMreLnErYHu8LSNnfVZLyfmL4b0g,API,Samsung,18,5.555555555555555,False,Mid Range
television,Hisense 65 Inch QLED 4K UHD Smart Google TV HDR10 Dolby Vision Dolby Atmos VRR Gaming,65.98,65.98,4.5,,sears - tekcom shop usa,14,Free delivery,,https://encrypted-tbn1.gstatic.com/shopping?q=tbn:ANd9GcS1QtujBSrJhoqCv9ltPl9GfFYGFa4jgm7ouYnyv9G_1IQnEdzFyn1si5nsI1F87IE-GCOEnUVB5eFPL9q_SRMzsnMHBs7RTxrBwJICYR-wBjJzcsARHJl-,API,Hisense,6,16.666666666666664,True,Budget
television,Tcl Qm51l Series QDMini LED Qled 4K UHD HDR Smart Google TV 50qm51l,898.0,898.0,4.8,1,walmart,15,Free delivery,,https://encrypted-tbn3.gstatic.com/shopping?q=tbn:ANd9GcTkFBPW9sxK-DWceLf8YNDq3eOjPupXsYGlsaEz1BVcAUWtTrlfTm2SDaroQdmyTyOBahkT3OiUwgSldm4cWJVWG5fHtkmSkbxHeKxxiYjzRVclbpTTRyqm,API,Tcl,3,33.33333333333333,True,Mid Range
television,Tcl Qm51l Series QDMini LED Qled 4K UHD HDR Smart Google TV 50qm51l,498.0,498.0,4.8,1,walmart,16,Free delivery,,https://encrypted-tbn3.gstatic.com/shopping?q=tbn:ANd9GcTkFBPW9sxK-DWceLf8YNDq3eOjPupXsYGlsaEz1BVcAUWtTrlfTm2SDaroQdmyTyOBahkT3OiUwgSldm4cWJVWG5fHtkmSkbxHeKxxiYjzRVclbpTTRyqm,API,Tcl,3,33.33333333333333,True,Mid Range
television,Package LG 83 Class C5 Series OLED evo AI 4K UHD Smart webOS TV 2025 and 313 Channel SC9S Soundbar with Wireless Subwoofer Dolby Atmos WOW,4214.98,4214.98,4.5,,best buy,17,Unknown,,https://encrypted-tbn1.gstatic.com/shopping?q=tbn:ANd9GcTRKRVUJ6dmHe010KorlrjyQg39Kk_MnPjBixv5kHOIp_hP7UpMjbILSQ7ZkNJoV4gpBPFSUHmSnQeICllCyVCBymMwOfKm,API,Package,6,16.666666666666664,True,Mid Range
television,Lg 55 inch C5 Series 4K UHD Oled evo AI Smart webOS 25 TV Oled55c5pua Black,1399.99,1399.99,4.5,,walmart - seller,18,Free delivery,,https://encrypted-tbn0.gstatic.com/shopping?q=tbn:ANd9GcRCqmkVGZKyTCeIM6b8hvKRDh9Rm77V2Uitg5n-ez6PfC2z5LDnsjg4L5a4-nQ0lflg6XkK70x1QGoFKc8h2tbFzcPPwza86XvXFMLSn_U,API,Lg,6,16.666666666666664,True,Mid Range
television,LG C5 48 OLED evo AI 4K HDR Smart TV 2025 OLED48C54LA,720.0,,5.0,20000,,19,Unknown,,https://encrypted-tbn0.gstatic.com/shopping?q=tbn:ANd9GcTLN3DbaGuvWcRj9kfRXVW9BqHmcDz3glV9UDZ8BrqCIhzoanx_oo2C-H2EMi3Bika0DgVDgRhVK-KCeyWK9_kfnN0KFun8qcL-BacRRyVgo9dqb_2CnBn94Q,API,LG,1,100.0,True,Mid Range
television,LG C5 65 OLED evo AI 4K HDR Smart TV 2025 OLED65C54LA,1000.0,,4.8,20000,,20,Unknown,,https://encrypted-tbn1.gstatic.com/shopping?q=tbn:ANd9GcS-I-bBVv5cvtYOnH6-ng0_OBW1JHde-NPEC2QUYEKBml0BVfIcWbA6LC7gtwhF1z92YNf1kKVlq3ZeeCz5SSiVEz5gquCphW9WIAu6CQDDkhEYxWV8swuD9A,API,LG,3,33.33333333333333,True,Mid Range
television,Samsung S95D OLED 4K Smart TV,6710.18,6710.18,2.4,811,voomi supply,21,Unknown,,https://encrypted-tbn0.gstatic.com/shopping?q=tbn:ANd9GcSk9E44jcuO3ye097ivQZWm_x3gfbvkASZNiRaxKykfaik3UcTAvd_LX6exglHzteQwbTkC4GYNHb3bxPXXMfNtWGsFpLGNSvZvlRLsbgPlcnbc2aRFuIyU,API,Samsung,27,3.7037037037037033,False,Premium
television,TV,600.0,600.0,4.5,,mercari.com,22,Unknown,,https://encrypted-tbn1.gstatic.com/shopping?q=tbn:ANd9GcREwWNXGQunARaNHTY1j-YpYJSVWIcZ0xNJg2TEbmIZDFyTT7bodhcsFVTF7B_nlEBIwn5b9iu7WxfdKtwZ_g7SrDImHbQe1Q,API,TV,6,16.666666666666664,True,Mid Range
television,Class LG QNED AI QNED7SB Mini LED 4K Smart TV 2026,349.99,349.99,5.0,82,lg,23,Free delivery,,https://encrypted-tbn3.gstatic.com/shopping?q=tbn:ANd9GcS2wx96xAbZVkXMyXRIMbxpbikJvu7en09rAuMv0zEFP8L0F4unpiR8SE3pzL9WfPubcw0fsnIoN-YcZnJexpP_4DekHMGuTz_KJ0CecVM7EAsAP8BWC50FBg,API,Class,1,100.0,True,Mid Range
television,Samsung Class M70HD Series Mini LED 4K UHD Smart Tizen TV,327.99,327.99,4.7,692,bj's wholesale club,24,Free delivery,,https://encrypted-tbn1.gstatic.com/shopping?q=tbn:ANd9GcTuZnceDbrAmRBypLVRhtCSxniXO-gosoQUbMsvKqjyRm657Ml0j7N0rWXPgiEH-WBK9CGW3pjUDwKPELL2Djz1wmtIQ9KlVRjaaJpd8mPO9oIVbpX_SvSm,API,Samsung,4,25.0,True,Mid Range
television,VIZIO Quantum 4K QLED HDR Smart TV,298.0,298.0,4.9,14000,walmart,25,Free delivery,,https://encrypted-tbn2.gstatic.com/shopping?q=tbn:ANd9GcTAdsGsRqjLuVTPlU6mKG6QvPJDvsVgijP9kL2EVQD9X4JulFAiczY9PPXVirm6VE32BK-OS-2ydlCylQJggQnlDjMLRsDZOQqhjKn_e5u6GZDLWBmiEgko,API,VIZIO,2,50.0,True,Budget
television,Television by Roman Skaskiw Paperback,5.38,5.38,4.5,,books a million,26,Unknown,,https://encrypted-tbn1.gstatic.com/shopping?q=tbn:ANd9GcQXpYf5CDCmSOZ83glmgL7XcrMKe5CLGr4ag4v-XreOkAFtGx23pVdoScJF7I2KuhJN2ZX_Up4XMQrI0G2asr3e3j_rJS0W2mwnYC6UsklkxLnOJ0QhOGjm,API,Television,6,16.666666666666664,True,Budget
television,Onn 32 in 1080p FHD Building Block Smart Roku TV tvbb,138.0,138.0,3.9,4000,walmart,27,Free delivery,,https://encrypted-tbn0.gstatic.com/shopping?q=tbn:ANd9GcRkiOxlLevIK0asSN7JWRrNIyiSzLIw_O3rrkzEFDQYd01LumWx_wReT0bOF0rjog13Wzq9ZS40gj2xvZtRxJjBGFRaJVKMzJbjx76Nkvv_ViFJVTUZ8vjrCQ,API,Onn,12,8.333333333333332,False,Budget
television,Samsung The Frame QLED 4K Smart TV,799.99,799.99,3.0,7300,sargent appliance,28,Unknown,,https://encrypted-tbn3.gstatic.com/shopping?q=tbn:ANd9GcSLTysWzbc9mHZ2DjLRvvN_a2rWZdW7Q_e_1bMmll9OJdMUME4byZQ-bnMpwTDLq5rJEj1TumRMzefCnCQA7UsE5qEzfrTD9OBEmk5fIJkKvPJ83JC1L3B4,API,Samsung,21,4.761904761904762,False,Mid Range
television,TV,114.0,114.0,4.5,,mercari.com,29,Unknown,,https://encrypted-tbn0.gstatic.com/shopping?q=tbn:ANd9GcSqCdHer5MUBMfFOFfo-JZ9cb99_vQkHCurZ1D1091CRjjSEfNx8CsHUwOvhZtpphRLMGZOp19UqO0FGAy8dwZlgr0fr1FI,API,TV,6,16.666666666666664,True,Budget
television,Insignia Class F40 Series 1080P Full HD Direct LED Smart TV with Fire TV,149.99,149.99,4.5,,best buy,30,Free delivery,,https://encrypted-tbn2.gstatic.com/shopping?q=tbn:ANd9GcRvD9iH4QlD6FMXALafXCit-oAsvbHQPm6UzXf89lwA8l38aYyG2iPOaDbxZjNkIgndfEN6D9BVEjtTDAaUkA0r1qz_kePtEtOm_mumW3w,API,Insignia,6,16.666666666666664,True,Budget
television,Samsung Mini LED M70H 4K Vision AI TV,1281.22,1281.22,3.3,1400,sears,31,Free delivery,,https://encrypted-tbn3.gstatic.com/shopping?q=tbn:ANd9GcTKjrW7sBDqSV3FPnEqshe8RCETWNOrBP5bK3US8mDOncJJfOyT23Gp6ia6JS7rEiY5PVoEDkB51DRRP0YE4gZyxCZkzcu_QgtI996tF3CSRZpAahvSc_Kd,API,Samsung,18,5.555555555555555,False,Mid Range
television,50 4K UHD Smart TV,297.49,297.49,4.5,189,fpd,32,Free delivery by Tue,,https://encrypted-tbn2.gstatic.com/shopping?q=tbn:ANd9GcTOmL9p6AXrn5U0t7eNrNfZ6sV9jSNgnGaePCacys7V7rk4JX4YSsUBGgJRGVGCCr7GI-TEP_9rcea5b31HVUTHtuh4jzZS2PguFozbk5hdGGK-u2EPS2jWQw,API,50,6,16.666666666666664,True,Budget
television,tv flat screen,42.0,42.0,4.5,,mercari.com,33,Unknown,,https://encrypted-tbn2.gstatic.com/shopping?q=tbn:ANd9GcTSvzLgq1qoP8gKzMeVINJ6A8J0DmvHUFtKdhMGqWyT6qiuyeiT8BQZi8HK-v3dBoT7coyvUxAe1ZihPw2E1V_HqSq0ITK3UA,API,tv,6,16.666666666666664,True,Budget
television,Onn Class 4K UHD Powered by Vizio Smart Television,178.0,178.0,3.1,2000,walmart,34,Free delivery,,https://encrypted-tbn1.gstatic.com/shopping?q=tbn:ANd9GcReNwIlIv-5KPuEh-yb8eBlycDuYdCZjqmdyTWeWMfkFPHDF4meJbxAhlLqJpA-luh-RJHFhYu1ePbnH2qbAQLyRSb55H7gvLwng2YYxWvF8mv8IIMww8AT,API,Onn,20,5.0,False,Budget
television,Digital Television Technology and Standards,211.95,211.95,4.5,,books a million,35,Unknown,,https://encrypted-tbn0.gstatic.com/shopping?q=tbn:ANd9GcTRIjUACGhOIOoceafSMrkWZGuIk9-xvf1E5jqBvcC-HlUc-bLOR08MQMeaiyH4uaYTTiKR-o5j67uBj27cIufcm4SuNyK-yfdZgaDrC_8-lXSY02z5dEth3Q,API,Digital,6,16.666666666666664,True,Budget
television,tv,85.0,85.0,4.5,,mercari.com,36,Unknown,,https://encrypted-tbn2.gstatic.com/shopping?q=tbn:ANd9GcR897Q860zmzHvcuJUQlRGKDThktnoHoytghhQbYfSCcAx-HfUAKqEkZJF1iDFZnsuUH4JSVUnybaqHCEwcKQbhg8_uMpfFJQ,API,tv,6,16.666666666666664,True,Budget
television,Roku 4K HDR Smart TV with Remote Select Series,295.82,295.82,4.9,2500,walmart,37,Free delivery,,https://encrypted-tbn3.gstatic.com/shopping?q=tbn:ANd9GcRV61XngpEK9coiWP_xwk_f2tXVMjHzLLM6LdFCdlKtXESi_AyK-LVR3xEm4UOXnXqqeMVPN52QEMPUHoaqxSe5B_Nkylyl7y2TXt06vnSBmMUQnBDy11HPqA,API,Roku,2,50.0,True,Budget
television,Insignia Class F40 Series LED FHD Smart Fire TV,150.0,150.0,3.2,2800,tiktok shop,38,Free delivery,,https://encrypted-tbn1.gstatic.com/shopping?q=tbn:ANd9GcS2vhQcw-2s8vlxQE_ydENDgFXwoON4eQKI38Bel0V9-s-wsdUG0N59PYOnRHysPUyKvyYBvXWclbL5m652tW7r4Z9m3WdiKYydY4MSE24,API,Insignia,19,5.263157894736842,False,Budget
television,Roku 40 Inch Class Select Series Full HD LED Smart TV,239.99,239.99,4.1,567,walmart,39,Free delivery,,https://encrypted-tbn1.gstatic.com/shopping?q=tbn:ANd9GcQxL-WElaW5DM7rDrCnL25Mp2aJA25m4W9dlRof492UqdLHtjT7ZHA7d7dGXCha0Lj4u73-uuaEvpQ6tQ4EeQluBYmqL51btYIedC1u8KZTOzl9DsLHuhtG,API,Roku,10,10.0,True,Budget
television,Insignia Class F20 Series LED HD Smart Fire TV,69.99,69.99,5.0,2200,best buy,40,Free delivery by Tue,,https://encrypted-tbn1.gstatic.com/shopping?q=tbn:ANd9GcS9xqZkSl_2i5EbWheOpLVt_RX4hL0PxdP-MZq77CHOl5ePk5oFa1uCI_IAQYGBY4ksIiC4lug5ike8kziPubIJUrww3YNFdhLFeM5GHhDG9ZonvKTlI91V,API,Insignia,1,100.0,True,Budget
television,Class LG QNED AI QNED7SB Mini LED 4K Smart TV 2026,349.99,349.99,5.0,82,best buy,9,Free delivery by Wed,,https://encrypted-tbn0.gstatic.com/shopping?q=tbn:ANd9GcQzfSQCLomuq5Cn5FY35DL10vRvgUTBIpnK2GsRUBdtxtl-YOQrJHI-GaFLwLyvGXlgPVVOXZQPeHDz6FM9JfktVQbx9ys4-ZUo-Srs4swh2FM3WRIbyxhu,API,Class,1,100.0,True,Mid Range
television,Samsung Class M70HD Series Mini LED 4K UHD Smart Tizen TV,327.99,327.99,4.7,692,bj's wholesale club,23,Free delivery,,https://encrypted-tbn1.gstatic.com/shopping?q=tbn:ANd9GcTuZnceDbrAmRBypLVRhtCSxniXO-gosoQUbMsvKqjyRm657Ml0j7N0rWXPgiEH-WBK9CGW3pjUDwKPELL2Djz1wmtIQ9KlVRjaaJpd8mPO9oIVbpX_SvSm,API,Samsung,4,25.0,True,Mid Range
television,VIZIO Quantum 4K QLED HDR Smart TV,298.0,298.0,4.9,14000,walmart,24,Free delivery,,https://encrypted-tbn2.gstatic.com/shopping?q=tbn:ANd9GcTAdsGsRqjLuVTPlU6mKG6QvPJDvsVgijP9kL2EVQD9X4JulFAiczY9PPXVirm6VE32BK-OS-2ydlCylQJggQnlDjMLRsDZOQqhjKn_e5u6GZDLWBmiEgko,API,VIZIO,2,50.0,True,Budget
television,Television by Roman Skaskiw Paperback,5.38,5.38,4.5,,books a million,25,Unknown,,https://encrypted-tbn1.gstatic.com/shopping?q=tbn:ANd9GcQXpYf5CDCmSOZ83glmgL7XcrMKe5CLGr4ag4v-XreOkAFtGx23pVdoScJF7I2KuhJN2ZX_Up4XMQrI0G2asr3e3j_rJS0W2mwnYC6UsklkxLnOJ0QhOGjm,API,Television,6,16.666666666666664,True,Budget
television,Onn Class 4K UHD Powered by Vizio Smart Television,148.0,148.0,2.9,2100,walmart,26,Free delivery,,https://encrypted-tbn0.gstatic.com/shopping?q=tbn:ANd9GcTnKZUA28Dv-UrGpwOaRno4Bbg77TwzGFY3EqcG1l6FL7dl9EhiO6gRD2s8fd8FzZ0SI_AUEQRBeei42g79LPJD1Cs011YXulFpsqbweqBxyZbWb0BtRZTZZA,API,Onn,22,4.545454545454546,False,Budget
television,Insignia Class F40 Series LED FHD Smart Fire TV,89.99,89.99,2.9,1900,best buy,29,Free delivery by Tue,,https://encrypted-tbn1.gstatic.com/shopping?q=tbn:ANd9GcQw2_SY4cJvH7zGXeTVRImA4FPNtdquX_tVuXmQJfEW8558h2IhJtJtjPI4etWR0NqzIrf5mIUozZSfjrd0Wy1PGcj-hEhcvzNsfNiMMFQ,API,Insignia,22,4.545454545454546,False,Budget
television,TV,114.0,114.0,4.5,,mercari.com,30,Unknown,,https://encrypted-tbn0.gstatic.com/shopping?q=tbn:ANd9GcSqCdHer5MUBMfFOFfo-JZ9cb99_vQkHCurZ1D1091CRjjSEfNx8CsHUwOvhZtpphRLMGZOp19UqO0FGAy8dwZlgr0fr1FI,API,TV,6,16.666666666666664,True,Budget
television,Onn Class 4K UHD Powered by Vizio Smart Television,198.0,198.0,2.9,2100,walmart,34,Free delivery,,https://encrypted-tbn0.gstatic.com/shopping?q=tbn:ANd9GcTnKZUA28Dv-UrGpwOaRno4Bbg77TwzGFY3EqcG1l6FL7dl9EhiO6gRD2s8fd8FzZ0SI_AUEQRBeei42g79LPJD1Cs011YXulFpsqbweqBxyZbWb0BtRZTZZA,API,Onn,22,4.545454545454546,False,Budget
television,Insignia Class FE Series LED Full HD Smart Fire TV,129.99,129.99,3.3,1500,best buy,38,Free delivery by Tue,,https://encrypted-tbn3.gstatic.com/shopping?q=tbn:ANd9GcRUf9kDiT2GMcm4h_7XNvgA_hCbZh1-2RAyLJ1bCRgQRHNEE9iWK4B7t1gBY0GSm60D5xikw1HR0N1jcYIBCerayIL44ZO-S_zlx5SpSi1G,API,Insignia,18,5.555555555555555,False,Budget
television,Roku Class Select Series Smart TV 4K QLED,249.99,249.99,5.0,2100,target,40,Free delivery by Sat,,https://encrypted-tbn0.gstatic.com/shopping?q=tbn:ANd9GcT0q9REZZGf3PunRQZmkn73VI-usJdU_ql0N856VBDfSHSEAnXxDqdMj6g7EGuhWjcrouaec5GjbQOG-PwqFglsTrE_pa4u9OmBsFxjeB9f2dH5SNK4yo08vw,API,Roku,1,100.0,True,Budget
television,Vizio Class Quantum HD Qled Smart TV,77.0,77.0,4.1,139,walmart,1,Free delivery,,https://encrypted-tbn3.gstatic.com/shopping?q=tbn:ANd9GcQ4pRfD80tihAQRsUXGbCEH5WZ1_RJjf8eA4nHpE7tsBghXO5Cnb2H7lM1VAKSXDm-2mDik6QV9qeuSSP_TPOB6C1dScbNshSzcEUlnNq-Z3czvipSzd1kq,API,Vizio,10,10.0,True,Budget
television,Hiro Roku TV 720p HD Smart TV Flat Screen LED Television with Roku TV and Dolby Audio for Streaming,99.99,99.99,3.9,99,target,2,Free delivery by Sat,,https://encrypted-tbn0.gstatic.com/shopping?q=tbn:ANd9GcTDBq-IdpIJioMWxVLlVoruh4C_eJLP3tDFja3NYa_TY84ETCxTtN_yhqvkBns2m3gGhJefU-4hKuORfKjIhR_vtkZPYm2f7hJXxWS98J35o_krNxNuVth2kw,API,Hiro,12,8.333333333333332,False,Budget
television,Onn Class 4K UHD Powered by Vizio Smart Television,148.0,148.0,3.6,2000,walmart,3,Free delivery,,https://encrypted-tbn1.gstatic.com/shopping?q=tbn:ANd9GcReNwIlIv-5KPuEh-yb8eBlycDuYdCZjqmdyTWeWMfkFPHDF4meJbxAhlLqJpA-luh-RJHFhYu1ePbnH2qbAQLyRSb55H7gvLwng2YYxWvF8mv8IIMww8AT,API,Onn,15,6.666666666666667,False,Budget
television,Pioneer Class LED 4K UHD Smart Roku TV,149.99,149.99,4.7,2900,best buy,4,Free delivery by Tue,,https://encrypted-tbn1.gstatic.com/shopping?q=tbn:ANd9GcTMIg0Adz9DRCdkksk9_Zyxr_tm3qcxXQ0WhhMncgc31YmjvOSqJiEVvG4xbJRkJYu-eZHx2FpJJOI92RminYppPMFsSg8wNEjg0IoX2zGH2lf1DWUbNo_g,API,Pioneer,4,25.0,True,Budget
television,Samsung Class M70hb Series Mini LED 4K UHD Samsung Vision AI Companion Smart Tizen TV 2026,348.0,348.0,4.3,2400,walmart,5,Free delivery,,https://encrypted-tbn3.gstatic.com/shopping?q=tbn:ANd9GcRMM6GtQeYmJzUiq1vzbijL21uVf_EGRUq-xcE26Yo4_3-Ybkjz9dRMdsmCYkrFF3NamZSUFyQ5B1G_4yDL9PCD1dfp7QIMreLnErYHu8LSNnfVZLyfmL4b0g,API,Samsung,8,12.5,True,Mid Range
television,Samsung Class U8000H Series Crystal UHD 4K Vision AI Companion Smart Tizen TV,327.99,327.99,4.7,351,bj's wholesale club,6,Free delivery,,https://encrypted-tbn0.gstatic.com/shopping?q=tbn:ANd9GcRuk8pLEfr-ZzmxNEWT0kTyb7RcbEv4t7GVCA5L1Symxi_K6vMSqIwe3v6z41jKJB1T_ZvY3JkCo-4GPXGag1vKAmrCHUqZ2LYRqLwdxioSm4yBG8rAFd8p,API,Samsung,4,25.0,True,Mid Range
television,Philips 32 inch Class HD Google Smart LED TV,148.0,148.0,4.1,52,walmart,7,Free delivery,,https://encrypted-tbn3.gstatic.com/shopping?q=tbn:ANd9GcQ8oCdrTv64ev-sxfj-t9iCalFF3RkcNWvy4Nsj5P1nA2lg0CUQLKdvgn64UIm4tcrNRgnEpW3zcFk8WJvIE92uFITDxLQWGHGIdGJ7SGi0blzAbh-kio4_,API,Philips,10,10.0,True,Budget
television,Insignia Class F50 Series LED 4K UHD Smart Fire TV,149.99,149.99,4.7,1700,best buy,8,Free delivery by Tue,,https://encrypted-tbn1.gstatic.com/shopping?q=tbn:ANd9GcTcHtZte8M942rxXZPcDm_uYZ28AGe6qdCDHpHZZ4rE_UK9AqFcuC0wXB01k_5SVpz9YTUlRlwmV8IzX-41tnVW7U5S6oYeSR3DtFo2wyV0PERhCRtqj2D4kQ,API,Insignia,4,25.0,True,Budget
television,TCL Class QM6K Series QDMini LED QLED 4K UHD Smart Google TV,497.99,497.99,4.6,1200,target,9,Free delivery by Sat,,https://encrypted-tbn1.gstatic.com/shopping?q=tbn:ANd9GcQ9wp8Bbb6i0rOtiPAAznKL-Bv6w7ew0RcqeGnIhKT7DDwF6Ng6S4fSq2-EdI0IcVoHNV06nP_eDcreizhNDS-880jD3C0qMLb8XbVh5VeG1NrwcXKCJDZV,API,TCL,5,20.0,True,Mid Range
television,Class LG QNED AI QNED7SB Mini LED 4K Smart TV 2026,349.99,349.99,4.3,25,best buy,10,Free delivery by Wed,,https://encrypted-tbn0.gstatic.com/shopping?q=tbn:ANd9GcQzfSQCLomuq5Cn5FY35DL10vRvgUTBIpnK2GsRUBdtxtl-YOQrJHI-GaFLwLyvGXlgPVVOXZQPeHDz6FM9JfktVQbx9ys4-ZUo-Srs4swh2FM3WRIbyxhu,API,Class,8,12.5,True,Mid Range
television,VIZIO Quantum 4K QLED HDR Smart TV,298.0,298.0,4.2,14000,walmart,11,Free delivery,,https://encrypted-tbn2.gstatic.com/shopping?q=tbn:ANd9GcTAdsGsRqjLuVTPlU6mKG6QvPJDvsVgijP9kL2EVQD9X4JulFAiczY9PPXVirm6VE32BK-OS-2ydlCylQJggQnlDjMLRsDZOQqhjKn_e5u6GZDLWBmiEgko,API,VIZIO,9,11.11111111111111,True,Budget
television,LG Class Nano 4K UHD AI NU70 Smart TV,299.99,299.99,4.6,98,best buy,12,Free delivery by Wed,,https://encrypted-tbn2.gstatic.com/shopping?q=tbn:ANd9GcSoidIup45YQE-6X6najfxDjPQaFkM6ACoMELlEsC00sDSh6pz8FqiqKSb3-Qd9fmjq-iNhGxsYmuozPahImZduuTldjiiMS4lhQ1I9F2VYXjHsT4N6vMiVZA,API,LG,5,20.0,True,Mid Range
television,Hisense M7 MiniLED Qled 4K UHD Google Smart TV 75m7sg,284.0,284.0,4.4,121,walmart,13,Free delivery,,https://encrypted-tbn1.gstatic.com/shopping?q=tbn:ANd9GcRJTN1ibkkpSG6bCJy_5Oh5s_qa9lzOnyY4Lb7wJUVR86SSv8Cv7HDIFFmKnoOr5BhLF1lrXCbD2T57gtIwDJHkUBDTKYhishwbcF50ycKeY6Y9UCxQ0HJ20w,API,Hisense,7,14.285714285714285,True,Budget
television,Samsung Class U8000H Crystal UHD Series 4K Smart TV,297.99,297.99,4.4,1500,abt electronics & appliances,14,Unknown,,https://encrypted-tbn1.gstatic.com/shopping?q=tbn:ANd9GcQXxkbC8UOZ0gCkT4QPda86zh0CZmcalH1BTmFcughP5vyj-bfDFlRLT3HfrVxYrUs9FOyfLzflvQGr1PphlNZtRUTtUA6Y1YqI26fuWQLe,API,Samsung,7,14.285714285714285,True,Budget
television,Samsung Q7F 4K QLED Smart TV,347.99,347.99,4.6,12000,walmart,15,Free delivery,,https://encrypted-tbn0.gstatic.com/shopping?q=tbn:ANd9GcR8vDNVASbwl5J4l8-BCe8V7YHCIDHf8iY2uFKUVsCVvCy4RfmwSN1wCHWxgDvOIESz45U_dIOEbutYTcDL526MTuZFF1_fOIICwmMvI_05vlcUxEyO2DTKCQ,API,Samsung,5,20.0,True,Mid Range
television,Westinghouse 24 HD Smart Roku TV,79.99,79.99,4.7,7800,bj's wholesale club,16,Free delivery,,https://encrypted-tbn2.gstatic.com/shopping?q=tbn:ANd9GcS_52vazBnUz7oSs5TfEQHtBFqzWIMxN0TvhItPpKhLInmg5FCKcbsqbYbm-iagj-uOGEohnuGk3IzYAbmC2FMwybkvr0JhjiH1EXvwhnBVBwAkbu2EMzb7,API,Westinghouse,4,25.0,True,Budget
television,Insignia Class FE Series LED Full HD Smart Fire TV,89.99,89.99,4.6,1500,best buy,17,Free delivery by Tue,,https://encrypted-tbn2.gstatic.com/shopping?q=tbn:ANd9GcS205119BYzstcHKj_cTE4yJLdWOiIu-15jXi3Dxz2o_1jnbD84bEyex2t5RIVnaJjVNZgs90UO5zFAmtfnOb6_umC9AyhPwYdkLT2rY3uK1wx79HJ0BmUG6Q,API,Insignia,5,20.0,True,Budget
television,Vizio Mini LED Quantum 4K Qled HDR Smart TV,248.0,248.0,4.2,788,walmart,18,Free delivery,,https://encrypted-tbn1.gstatic.com/shopping?q=tbn:ANd9GcT48ta8U4GvkjNwXuGQPQC-ZtNfJT5JKtajvUZfJ_EsMxu4lzHGCPsiHkVMQ_Lc7Ybu9uUzN-xXHvmhT6kXgu8icpRWeG3iLGot6UzY-QNXrRvBlweMmep1TA,API,Vizio,9,11.11111111111111,True,Budget
television,Roku Class Select Series Smart TV 4K QLED,279.99,279.99,4.8,2100,target,19,Free delivery by Sat,,https://encrypted-tbn0.gstatic.com/shopping?q=tbn:ANd9GcQXM9LEwDhiLtGF8m9EaD2gU_GOmXzY1I30ACScfuRn4ikpIyyMnG__VTPgSyRPIWGhk0Fo8MBKEaMb9gt1kWOOLcNkl8T9DHgHXE21YxK0aZW5b0820Ev7QQ,API,Roku,3,33.33333333333333,True,Budget
television,LG 32 inch Class HD Lr60 Smart TV,138.0,138.0,4.0,479,walmart,20,Free delivery by Tue,,https://encrypted-tbn1.gstatic.com/shopping?q=tbn:ANd9GcR9Is1_o6P-y46AKawGB3AV1-7ZOxWdyV0kUAict9ZkP2AwTTGcFgM0gkk9EfJpiR4I0wXOMX2I3OBv0_1z7gCyrAl6df3w_BekdJGzs4ck8yihGF3X3AcP,API,LG,11,9.090909090909092,False,Budget
television,Samsung Class Crystal UHD U7900F 4K Smart TV,329.99,329.99,4.4,20000,best buy,21,Free delivery,,https://encrypted-tbn3.gstatic.com/shopping?q=tbn:ANd9GcTA7lTXLgNpFiCKKxne5etPYA0tmpLLe58PPOV_j19miyXhJ1hc1aVk3AwuvFDnBPUmUciVeL8Ts7IlzXB1H6_WzrmVZvLh09QnVzCLLgJjuovSGNmBMae0Ew,API,Samsung,7,14.285714285714285,True,Mid Range
television,Samsung M70H Mini LED 4K TV,297.99,297.99,4.5,1500,home depot,22,Free delivery,,https://encrypted-tbn2.gstatic.com/shopping?q=tbn:ANd9GcTB17k5_ruzmwUGrByMr4CzhARWpQ8gTaWaHgrUG5bCeqhpE7FmbSgZntbIOFKm54U8eOAMp63j6O56czviW9G_6zu8FrjWuORLDnNg7fZQE4LgMtAD_NNB,API,Samsung,6,16.666666666666664,True,Budget
television,Hisense 40Inch Class H4 Series FHD Roku Smart TV 1080p Full HD LCD Screen,138.0,138.0,4.0,11000,walmart,23,Free delivery,,https://encrypted-tbn3.gstatic.com/shopping?q=tbn:ANd9GcT_eCy7RoYw0YWp1By0LHNR3pUxqVrwrUtLJqFUQjv74xmqemXIQE8E3bKvx105gzNDgLFXTeRkGS1Zm-a8YlZgE_vq-4hOyiY7jH-UnmC9SWTCBJJ3gaz5,API,Hisense,11,9.090909090909092,False,Budget
television,Sony BRAVIA 9 II True RGB 65 Inch 4K HDR Google TV with Gemini,3598.0,3598.0,4.6,75,b&h photo-video-audio,24,Free delivery,,https://encrypted-tbn2.gstatic.com/shopping?q=tbn:ANd9GcRD3RKQnARPfdImJsXwNamr1DveUSUrnvXoUkmKQzBenf1g-Vm-pPt53EM5QvdjPkF7gPPeKy22HlFL0AWqUhiS-tTEJFyNKPNnH3kH3YI,API,Sony,5,20.0,True,Mid Range
television,Vizio Class Quantum Full HD Qled Smart TV,133.0,133.0,4.0,853,walmart,25,Free delivery,,https://encrypted-tbn1.gstatic.com/shopping?q=tbn:ANd9GcQvOoEvr9cPyQ10_fy6l9Mu4l5I9YphHZ-5ccKY_vh2rfBqkAh8zZP1CyUReiNg6qAt8cUpQgOvmuPw6zkpIDF5JSuuV7I-gYrqfEvyJOjOQYdTS9yd7lQ7,API,Vizio,11,9.090909090909092,False,Budget
television,Samsung S90F 4K OLED Smart TV,1399.99,1399.99,4.7,3800,best buy,26,Free delivery by Wed,,https://encrypted-tbn1.gstatic.com/shopping?q=tbn:ANd9GcQbucoFz25IOBVtMNViJkhEW-ZY99bK0JPIbWLA_1rJK5cs2xepbCZcaiGmZmqAjXqVnSN30aXOZXjHpJVlRcK5SEVW7U9Q-1Y2-LO4CuSsAYBolVd7jW4QEg,API,Samsung,4,25.0,True,Mid Range
television,LG 55 Class OLED evo AI C6 4K Smart TV,1499.99,1499.99,4.8,5600,bj's wholesale club,27,Free delivery,,https://encrypted-tbn3.gstatic.com/shopping?q=tbn:ANd9GcTzAwHgvIqENYwbwXZKkfXsgaeIkgBU7L9q2ekYHl6x7iR7lPRjHeqwKLwO8UZvccOIO3vStFrZPbSKj6sO9QazbaOI8uSdVWAy6UuexTAH5xCy3ItTqzrj,API,LG,3,33.33333333333333,True,Mid Range
television,Onn Fresco Art Gallery 4K UHD Google TV with Gemini Frame and Mounting Kit,698.0,698.0,3.6,5,walmart,28,Free delivery,,https://encrypted-tbn1.gstatic.com/shopping?q=tbn:ANd9GcTpLlBYEbHfXvqebmyfWKqIJd21NyJwWkq-crhaJTfQDfIeEpVL-WckJCWaJNXTHwI9MJlUTTBybI95Ic71aG_sPDy7Iz9Y_G19kUtQykHQeIT25kyQOceP8w,API,Onn,15,6.666666666666667,False,Mid Range
television,LG C6 OLED evo AI Smart 4K TV,1599.99,1599.99,4.8,5600,abc warehouse,29,Unknown,,https://encrypted-tbn1.gstatic.com/shopping?q=tbn:ANd9GcSg_4ewH6hqjoAUsAUYCE1xC1ukrtSXQIl5IAXjzwjAFhYPXMWf-zUx8TEn8cRTPuAE_llqU5eI8MpvFNwWqmSFWdps5bEONdw6if99k8NATyjjAgh8EQVS,API,LG,3,33.33333333333333,True,Mid Range
television,77 Class OLED S84F 4K Samsung Vision AI Smart TV,799.99,799.99,4.8,2000,best buy,30,Free delivery by Wed,,https://encrypted-tbn2.gstatic.com/shopping?q=tbn:ANd9GcS48K2SX055M_eDXBJuGkt7-_ZPAbqChdmcj5SFk0Aad-ile1uTOPx9L05SQzNX-Yur0n6JuTv4OomRf4SLunApzTOlRwqCoJ5JIhE5fJI,API,77,3,33.33333333333333,True,Mid Range
television,Onn 32 in 1080p FHD Building Block Smart Roku TV tvbb,138.0,138.0,4.3,4000,walmart,31,Free delivery,,https://encrypted-tbn0.gstatic.com/shopping?q=tbn:ANd9GcRkiOxlLevIK0asSN7JWRrNIyiSzLIw_O3rrkzEFDQYd01LumWx_wReT0bOF0rjog13Wzq9ZS40gj2xvZtRxJjBGFRaJVKMzJbjx76Nkvv_ViFJVTUZ8vjrCQ,API,Onn,8,12.5,True,Budget
television,Samsung QN80H Neo QLED 4K Smart TV,1197.99,1197.99,4.3,563,home depot,32,Free delivery,,https://encrypted-tbn3.gstatic.com/shopping?q=tbn:ANd9GcSrHAQuBjH8qVqP53mzHfo8cdI0kV6_guLaj1zFJdHhFGnXWT1vvk5tzR8GhnIgflX6Qbk8n0BCEmzDl9ZE92pwxRGmCU3ZTF1BA80ID38coz7naSifR51kdw,API,Samsung,8,12.5,True,Mid Range
television,Roku 43 Inch Class Select Series 4K LED Smart TV,179.99,179.99,4.8,1800,target,33,Free delivery by Sat,,https://encrypted-tbn3.gstatic.com/shopping?q=tbn:ANd9GcRs4Gq_YKjziJoNo3ybm-dhPqqYyh-KDRPnFBqeUTPneTvVqg2JayBgbGA96XGcJ8iMH1QHhuLDcG-TACR5__Oq-ebw6Fvyn_8h-ZmazSYtSCd4HtJ0il-8,API,Roku,3,33.33333333333333,True,Budget
television,LG OLED evo AI C5 4K Smart TV,1499.99,1499.99,4.8,19000,best buy,34,Free delivery,,https://encrypted-tbn0.gstatic.com/shopping?q=tbn:ANd9GcRTIzP--7TKE4k9F477cgJxIfuvm_AVOjkjzcnPI-g_ksab4LqFBfNEbhkQEIiiCihc-n2KCdUNwp4PcRmQCtFu0_gzZVAinuEZDDm7OrCmO7VjDfsPRtpcaw,API,LG,3,33.33333333333333,True,Mid Range
television,Hisense M7 Series MiniLED 4K UHD Smart Google TV,278.0,278.0,4.6,814,walmart,35,Free delivery,,https://encrypted-tbn0.gstatic.com/shopping?q=tbn:ANd9GcTcMRL33Gbn25JQpSNPB6EGS_i-xc10JOBSFRhkY_HmNRtx5z0USB0lLbwk_JFX4_fhc9sGXzKMaNI-NwUzMPLpug1HsjfOtDfadVRDd-ost1jE2Wi_g11PCw,API,Hisense,5,20.0,True,Budget
television,Samsung Class M70HD Series Mini LED 4K UHD Smart Tizen TV,997.99,997.99,4.5,726,bj's wholesale club,36,Free delivery,,https://encrypted-tbn3.gstatic.com/shopping?q=tbn:ANd9GcQjnFoqaSH1VxT_Ziy8v89EYetLDL87G9oQmgQTyYV94B9VGBEqwsaRp0ea9PEkLImWZ7GeTax85U5eBCJrPNEahejE9PIf2zZZ2V83stDvbveypE2eHlE,API,Samsung,6,16.666666666666664,True,Mid Range
television,Samsung S95H 4K OLED Vision AI Smart TV,2097.99,2097.99,4.8,398,video & audio center,37,Free delivery,,https://encrypted-tbn2.gstatic.com/shopping?q=tbn:ANd9GcT10gWoaeD1gLTVwnWRHb9G3qUcR7f_JZk7FsMOc3rXbbAbA4NrFv2dShWDYrt4VVC_Lnnsi6IBbWC8pwcqQmPWfryftzmGDpCfjCTGw9kutmYzF5s7YJqS4w,API,Samsung,3,33.33333333333333,True,Mid Range
television,Roku Smart TV Select Series 1080p Full HD,99.99,99.99,4.7,578,best buy,38,Unknown,,https://encrypted-tbn1.gstatic.com/shopping?q=tbn:ANd9GcQCh0JKXnOCuxDValrsdMMgbQ8CpMHr0jCbsbq48AO76XJX_t7R4ukqD20mn7VeV_oOuzhCfopp1apvix3GV1dX16qH8jb3agwcKrT2ONus313JlQG73xJXCw,API,Roku,4,25.0,True,Budget
television,Tcl Q Series Qled 4K UHD HDR Smart Google TV,698.0,698.0,4.0,1000,walmart,39,Free delivery,,https://encrypted-tbn2.gstatic.com/shopping?q=tbn:ANd9GcTbnhRICiF0MUr_GdONpWaaqzfJHxF75b_Y_RhG80kmjUrLOOIpocYYMtYv-bmkfOvhtlnnNAOAi5nysr7IZYeL7UMn7xCiKRCy2WJ7AnHn1hCGOJOa7SjJLA,API,Tcl,11,9.090909090909092,False,Mid Range
television,LG G6 OLED evo AI Smart 4K TV,2799.99,2799.99,4.8,3500,lg,40,Free delivery,,https://encrypted-tbn1.gstatic.com/shopping?q=tbn:ANd9GcRMVRyFavizqsyinWOAkb1_rUu2bBF48HNAb8MW0CSxD83BzA905WrU8U6PQ7j2DEyMo3rTNYZDKjrpXumYIWX65weegWWcIoN41iCDQF5ecFiXRXPRk7w22g,API,LG,3,33.33333333333333,True,Mid Range
phone,Apple iPhone 17,25.81,,4.6,15000,walmart,1,Unknown,,https://encrypted-tbn2.gstatic.com/shopping?q=tbn:ANd9GcS24b28LxDC0kfDJnlvrMrxYoBBtP-9r9IUTg3E_h7cYarxuJ6mEOK1TEkckTBrFss4D40vv_Sd,API,Apple,5,20.0,True,Budget
phone,Samsung Galaxy A17 5G,249.99,249.99,4.5,16000,best buy,2,Free delivery by Tue,,https://encrypted-tbn3.gstatic.com/shopping?q=tbn:ANd9GcQgCYAHpvm784Qbg9x68liflIPBn7yzMUDBp-TjVIAbTsKKU181WQza-i9wBw,API,Samsung,6,16.666666666666664,True,Budget
phone,Google Pixel 10,799.0,799.0,4.6,2000,google store,3,Free delivery,,https://encrypted-tbn3.gstatic.com/shopping?q=tbn:ANd9GcSyJhz24vtqekrXP3xnJzw9AQ1ciHQEt2o55SEKFqOIWXLUwpJctBx-1F7ohgIPkxloNleNtMYD,API,Google,5,20.0,True,Mid Range
phone,Samsung Galaxy S26,4.99,,4.7,8500,at&t,4,Free delivery,,https://encrypted-tbn0.gstatic.com/shopping?q=tbn:ANd9GcSE3CjkBTGuexiGHesx7P_Dg6ZkgyGV4yZpXzoEiC1S9cbFvB9EAvnTvRbTbBQ,API,Samsung,4,25.0,True,Budget
phone,Nothing Phone 5G Unlocked,699.0,699.0,4.6,135,nothing us,5,Unknown,,https://encrypted-tbn2.gstatic.com/shopping?q=tbn:ANd9GcToNB8fDYYgYcBPYH8ZEMD1Plb8yh3qwGL48g_BQ8g4AmfaJ0UZaBJW88eoNvkarYuaxUSi1gk,API,Nothing,5,20.0,True,Mid Range
phone,Motorola Moto G Power 2026 Smartphone in Evening Blue 128GB,229.99,229.99,4.6,,consumer cellular,6,Free delivery by Thu,,https://encrypted-tbn1.gstatic.com/shopping?q=tbn:ANd9GcQ5v7LV0ZPEOmOdVgp2vZzVRPiFqBC-NRLGDgCFKK8-uAwQWkLXF6ioN202yBkP1akouB-soGE,API,Motorola,5,20.0,True,Budget
phone,Google Pixel 10a,424.0,424.0,4.6,1400,best buy,7,Free delivery by Tue,,https://encrypted-tbn1.gstatic.com/shopping?q=tbn:ANd9GcQ-YTylLi0B6PXs1urbDYM4DEz0C7TRFnD5ywd3tYabr0aKBRnxw6sEbYZ1W-A,API,Google,5,20.0,True,Mid Range
phone,Samsung Galaxy A16 5G,63.98,63.98,4.2,6600,ebay - purpletechnado,8,Free delivery by Sat,,https://encrypted-tbn0.gstatic.com/shopping?q=tbn:ANd9GcSgxOFtnIIZQeEbDUGZhsPPgLy5LFoM8oIm4JfcvbrEGNqSxRaIguwzrCUGHPMVBZ14HXfzjV0,API,Samsung,9,11.11111111111111,True,Budget
phone,Unihertz Titan 2 The Latest 5G QWERTY Physical Keyboard Smartphone,489.99,489.99,4.9,152,unihertz,9,Free delivery,,https://encrypted-tbn2.gstatic.com/shopping?q=tbn:ANd9GcQ1BN4ggcHnG_UFY8PJs2x3Jh3w_h5xGOw-1E8jhW9fmamTlerR4-OGLuhEoISXizuQToUDov4,API,Unihertz,2,50.0,True,Mid Range
phone,Google Pixel 10 Pro,999.0,999.0,4.4,2300,google store,10,Free delivery,,https://encrypted-tbn1.gstatic.com/shopping?q=tbn:ANd9GcQ6B2aQFOaumD6iplRD_b30dlKmyzM2iMSxuxKtyf1gX3pICsCEiLUkPPdaGT4az5zO0tLVWCQX,API,Google,7,14.285714285714285,True,Mid Range
phone,Apple iPhone 17 Pro,1099.0,1099.0,4.5,13000,walmart - adopt-a-phone,11,Free delivery,,https://encrypted-tbn0.gstatic.com/shopping?q=tbn:ANd9GcSE34h9UYfkOBRK7TYG29X629URUgUMABJI92XQUh90FD3TquI3zgUYVwa1KomfMo1p2sBmkCM,API,Apple,6,16.666666666666664,True,Mid Range
phone,Samsung Galaxy A37 5G,374.99,374.99,4.8,3800,best buy,12,Free delivery by Tue,,https://encrypted-tbn2.gstatic.com/shopping?q=tbn:ANd9GcR1jqF1n50K0jhOTyUUScQpVzu2jhfOwq7IaDyNl_VgBOZzMh4VLTrkzg7RKg,API,Samsung,3,33.33333333333333,True,Mid Range
phone,Jitterbug Smart5 128GB Smartphone for Seniors,119.99,119.99,4.6,18,lively,13,Unknown,,https://encrypted-tbn2.gstatic.com/shopping?q=tbn:ANd9GcTrWrbcOk_nLJ2C60EuaV0lB8iO6dedMbboIb-CucQTWKOcb66DxkxbIn3MUEGKmkk_6cbD5hc,API,Jitterbug,5,20.0,True,Budget
phone,Samsung Galaxy S26 Ultra,980.0,980.0,4.8,57000,mint mobile,14,Free delivery by Fri,,https://encrypted-tbn2.gstatic.com/shopping?q=tbn:ANd9GcRdPlvPK5cDcWcKJdgJbDKZpz92Ov9D8gjcJctjiDWzZD0qZICUw1sAPp215f04QEHHBhL_mJY,API,Samsung,3,33.33333333333333,True,Mid Range
phone,Samsung Galaxy Z Fold7,55.56,,4.7,26000,at&t,15,Free delivery,,https://encrypted-tbn0.gstatic.com/shopping?q=tbn:ANd9GcRy_we4_3wSHH8cgDLVgobxsoVMNV4cfHrgTOEVCRIf0iRXatBYJOBRV3f0nphwYCyKUU2FJ1A,API,Samsung,4,25.0,True,Budget
phone,Google Pixel 11 256GB,899.0,899.0,4.6,,google store,16,Free delivery,,https://encrypted-tbn1.gstatic.com/shopping?q=tbn:ANd9GcTzT6gyIY6ty26FvH0kuwkeZsGUtTD3QuwRM06wk3sJ1zZulpcXqISYSLVzFdmeJOWXQt-c0p0F,API,Google,5,20.0,True,Mid Range
phone,Samsung Galaxy Z Fold8 Ultra,58.34,,4.9,15000,best buy,17,Free delivery by Wed,,https://encrypted-tbn0.gstatic.com/shopping?q=tbn:ANd9GcTiU3C6x3c61b2PVyceOwATmD0vLdYVqIx7Djch9e17ADFzbuYh8oyu1jnXQSA,API,Samsung,2,50.0,True,Budget
phone,Tracfone TCL Flip 3,19.88,19.88,3.7,437,walmart,18,Unknown,,https://encrypted-tbn3.gstatic.com/shopping?q=tbn:ANd9GcRZ9k5zoK8gZ7IgxNK3tzN1J0_8u7Bb2nV6IRybblAw1lyIF9aYSu8M15MlmVDnH4F_ZQjGW3m7,API,Tracfone,14,7.142857142857142,False,Budget
phone,Motorola Edge 2025 XT25191,399.99,399.99,4.0,103,motorola - united states,19,Free delivery,,https://encrypted-tbn3.gstatic.com/shopping?q=tbn:ANd9GcTdEh0LlILRn3hxUUOd1LecTKSsQnni72wLB8d7tOwbQcezEd6pGpeibk6GT_IWZ_56D3CCwcKF,API,Motorola,11,9.090909090909092,False,Mid Range
phone,Apple iPhone 16,829.0,829.0,4.4,7300,apple,20,Free delivery,,https://encrypted-tbn2.gstatic.com/shopping?q=tbn:ANd9GcTIFak-G9W-iMpD0TpabXs6JwGbmPZhDg1xa-A4YfPpW3CNHtJT5zNP0e8-xpiM_QH7eHZ30Oc,API,Apple,7,14.285714285714285,True,Mid Range
phone,BLU G54 G1090 Unlocked 66 IPS HD,109.99,109.99,4.1,144,best buy,21,Free delivery by Fri,,https://encrypted-tbn0.gstatic.com/shopping?q=tbn:ANd9GcQeuHOAfL-gtdwUs9O-WiuYmOWNDY1s4SWK1I7gsxJ1IRShP4QPLB7Bg5Oo55n8jR93qjoTEfY,API,BLU,10,10.0,True,Budget
phone,Apple iPhone 15 128GB,629.99,629.99,4.7,88,boost mobile,22,Unknown,,https://encrypted-tbn1.gstatic.com/shopping?q=tbn:ANd9GcQ-Z0QPmFxuEPz7x-U-MB5GoAPd-x5DlfRDIkxAJC3mEFDXW1IYz6VI4N8La5Y,API,Apple,4,25.0,True,Mid Range
phone,Motorola edge 2026 128GB Martini Olive,59.99,59.99,4.6,,cricket wireless,23,Free delivery,,https://encrypted-tbn2.gstatic.com/shopping?q=tbn:ANd9GcSUivYmxgPfuZZlMLE8TRG8x4ZPPhRAjipmv9M3mMHPki2geIr_eryJuJ1Dj1yLubZu5boe7A,API,Motorola,5,20.0,True,Budget
phone,Samsung Galaxy Z Flip8,1180.0,1180.0,4.9,13000,mint mobile,24,Free delivery by Fri,,https://encrypted-tbn0.gstatic.com/shopping?q=tbn:ANd9GcRaTyebtzPwM8Px-AopzoeuNu1F4mdY-cvIR95ib1ltJLhdJwxG9Lew9_Jd16Lten1z1RvA07M,API,Samsung,2,50.0,True,Mid Range
phone,Apple iPhone 17 Pro Max,1159.0,1159.0,4.4,24000,walmart - adopt-a-phone,25,Free delivery,,https://encrypted-tbn1.gstatic.com/shopping?q=tbn:ANd9GcSYAfuqUPaBegrZrmhOo4cFnIGdf73FP2GXMrxHqO9pyvGlSbGH5xVFslU3feFCmMKisxO38W8,API,Apple,7,14.285714285714285,True,Mid Range
phone,Samsung Galaxy A57 5G,474.99,474.99,4.8,12000,best buy,26,Free delivery by Tue,,https://encrypted-tbn1.gstatic.com/shopping?q=tbn:ANd9GcQOEudy7z6sIvp5UdOJccP7SqgzGb-STxnWveWBcFnuJKQiZrHql-T-eXEeMw,API,Samsung,3,33.33333333333333,True,Mid Range
phone,Google Pixel 11 Pro 256GB in Olive,1099.0,1099.0,4.8,9,google store,27,Free delivery,,https://encrypted-tbn0.gstatic.com/shopping?q=tbn:ANd9GcTfI4WT3mgH2Afejknq9SfvwlxOsMfcFkLyRqFaq3QfSjNpMvJb8X-ta36dl22v7zWZ7JGHRtE,API,Google,3,33.33333333333333,True,Mid Range
phone,Blackview XPLORE 1 Series 5G Rugged Phone,369.99,369.99,4.4,11,blackview global store,28,Free delivery,,https://encrypted-tbn0.gstatic.com/shopping?q=tbn:ANd9GcQm6IbaE-BrW2obBHGVTUu4KA4wv6OFZBvdm4kl11G-YANS4T8XcjPiIH1Fz_POBmXocnFPV0k,API,Blackview,7,14.285714285714285,True,Mid Range
phone,Samsung Galaxy A27 5G,349.99,349.99,3.7,3,boost mobile,29,Unknown,,https://encrypted-tbn1.gstatic.com/shopping?q=tbn:ANd9GcQ_XVPvzrdPS-CbH31NHIVtodJAS-BmlKtMhbaToH4DDosZ1UgQy-F2XPatAsPI7Kz0QyIIrLo,API,Samsung,14,7.142857142857142,False,Mid Range
phone,Apple iPhone 17e,699.0,699.0,4.6,3500,apple,30,Free next-day delivery,,https://encrypted-tbn0.gstatic.com/shopping?q=tbn:ANd9GcTTWY055YKcviuoH0CmytDbxBaA_8lSrlhhNupeurDi1iNnlpslS7UyGukNKIJxsoAeXIVWd4RE,API,Apple,5,20.0,True,Mid Range
phone,Nothing Phone Pro,542.99,542.99,4.8,212,best buy,31,Free delivery by Wed,,https://encrypted-tbn1.gstatic.com/shopping?q=tbn:ANd9GcRmenFMaLKhU2pYaFlHr65zHaKwK61TEYaRvQ_8NSRlGFU6CARBmfzAf7CPwzcvVmN9SEgIELAg,API,Nothing,3,33.33333333333333,True,Mid Range
phone,Samsung Galaxy S25 Ultra,699.0,699.0,4.8,108000,walmart - electronic deals inc,32,Unknown,,https://encrypted-tbn2.gstatic.com/shopping?q=tbn:ANd9GcTy41Idhy5rVUrY28Bz2B3XHeaCgbbCHvaWst95VzR2B9RATYbCfajyUGcWHZAj59SSGn2Ds_Y,API,Samsung,3,33.33333333333333,True,Mid Range
phone,Samsung Galaxy A37 5G 128GB Awesome Charcoal,49.99,49.99,4.6,,cricket wireless,33,Free delivery,,https://encrypted-tbn1.gstatic.com/shopping?q=tbn:ANd9GcTFZzlzVeMSvs-c3LgIYMW_ulCYgV1tUqjMYrIgMO9ecCgdAQoRCn8FPMj3NSK_DP5h9oV3m7WH,API,Samsung,5,20.0,True,Budget
phone,Motorola razr 2026 pbb,799.99,799.99,4.1,55,lenovo,34,Free delivery,,https://encrypted-tbn3.gstatic.com/shopping?q=tbn:ANd9GcRjEseGkor0UAnkAst4gMOGzIn-JlnaY1sEj45Wm2qoCjaol8fG9QIKnN9gA0SUNx-a1nu054SO,API,Motorola,10,10.0,True,Mid Range
phone,Google Pixel 11 Pro,1099.0,1099.0,4.8,9,google store,35,Free delivery,,https://encrypted-tbn2.gstatic.com/shopping?q=tbn:ANd9GcRfDYwdiKYDEvDdTDsh8mTQoQzDCXZiUlazevAGiZeJLyo3g-D5_9vx9sLSEbSoZp58pON1oYis,API,Google,3,33.33333333333333,True,Mid Range
phone,Samsung Galaxy S23 Ultra,388.11,388.11,4.6,2900,ebay,36,Free delivery,,https://encrypted-tbn1.gstatic.com/shopping?q=tbn:ANd9GcT1N4S17ufDaChaEGTCKi41F7Tcfa2sZmthLjqDW-p91h5rD9qqAoqieWGLtg,API,Samsung,5,20.0,True,Mid Range
phone,Att iPhone 17 Pro Max 256gb Deep Blue Size 256 GB,31.92,,4.6,,walmart,37,Unknown,,https://encrypted-tbn0.gstatic.com/shopping?q=tbn:ANd9GcTIKEdG-jj3Sgqd-Nk1dhZNrfHqPUG2UQwsWhP-7OSlPrUpc3zVt_9_vmM1NdPx6gLyqSUtPLg,API,Att,5,20.0,True,Budget
phone,Verizon Prepaid Samsung Galaxy A16 128gb,49.99,49.99,3.6,233,best buy,38,Free delivery by Tue,,https://encrypted-tbn3.gstatic.com/shopping?q=tbn:ANd9GcRgfUat3JTcQ5KS1mWQ54Q_AX_p-vjtUC3BgjDnRKQ0hAHzzfdkZWakEmnHCe8QhSccO7mfrv7t,API,Verizon,15,6.666666666666667,False,Budget
phone,Apple iPhone Air,1299.99,1299.99,4.4,3800,consumer cellular,39,Free delivery by Thu,,https://encrypted-tbn1.gstatic.com/shopping?q=tbn:ANd9GcTxJgPE0k4x7Ct7QH9mTCcmdcUAQircOCkWuaNjck67qWNFMOp04gHY8Ep9HxLATJFEbACBucdN,API,Apple,7,14.285714285714285,True,Mid Range
phone,Samsung Galaxy S26 Ultra 256GB Black,699.99,699.99,4.6,,cricket wireless,40,Free delivery,,https://encrypted-tbn2.gstatic.com/shopping?q=tbn:ANd9GcTyMjmOdD9GYF-5Lg4Fl-sgeLsVJuUm_vK5lnWd_04nb2ELdlKM-NbfsgSDvksYP4rdCEr73OY,API,Samsung,5,20.0,True,Mid Range
phone,Samsung Galaxy Z Fold7,2739.09,2739.09,3.0,26000,mcgrocer.com,1,Free delivery,,https://encrypted-tbn0.gstatic.com/shopping?q=tbn:ANd9GcTznrN3g0cHEiyYITHf9YCfU6jdtwWu9MndQ4ljUbrGDp8i0iUN2lI13rRkpuAY-WnfcLBV9CWtCnXPrZYRCS6ZkUq0QS91xX4wGJLO0G0vEyAfQ-rcSS7G,API,Samsung,21,4.761904761904762,False,Mid Range
phone,Samsung Galaxy Z Fold7 256GB Blue Shadow Verizon,1599.99,,4.6,26000,best buy,2,Free delivery by Thu,,https://encrypted-tbn0.gstatic.com/shopping?q=tbn:ANd9GcSzHSc4Rx6tpoJlgMPJ9wCg79wPbD-_6BSVemSvQvZX6xNwlYsZlleiMtO4ZPcpuNlxU-OpBht_m6vB6GnBZ2eNmFOQZyh86OOx6m6kSih2-Xz5IdhFaUQ-AA,API,Samsung,5,20.0,True,Mid Range
phone,PreOwned Apple iPhone 14 128GB GSMCDMA Unlocked Blue,429.99,429.99,4.1,14000,target,3,Free delivery by Sat,,https://encrypted-tbn0.gstatic.com/shopping?q=tbn:ANd9GcQHgAOUjDB_jiBYWO95ieDfa5kP3dUhXZjHTQAkMJJNUCQOT5AxXhnAvcNWfZAI4O0SWO4Of2dQM2d1DkR2PcrVE-hV7pTyWJTsnaGiOH72,API,PreOwned,10,10.0,True,Mid Range
phone,Apple iPhone 13 A2482 Fully Unlocked 128gb Blue,289.0,289.0,4.6,,walmart - reebelo,4,Free delivery,,https://encrypted-tbn3.gstatic.com/shopping?q=tbn:ANd9GcSM8uBXP8-ix1C6Sfnihdgm-i0ufX4102VbnuXefhMYx16ujQJQox1BvYYXeDm7qFUq1Fa42CWyZdPvkWQvIcdXLappmQ1o9aqz4WKAJ4EG,API,Apple,5,20.0,True,Budget
phone,Samsung Galaxy S26 Ultra 256GB Unlocked Sky Blue,1200.0,,5.0,57000,,5,Unknown,,https://encrypted-tbn0.gstatic.com/shopping?q=tbn:ANd9GcQ9h1WtCc-nqwzV6Z5x1ogH0At52aJdB059P2YE2_IaccPzrqq7BeRyGl2Io7sStv4HWx4mNNcmUcwDvpoJDc9sSKyFF0nUWj_mYpHS524sibQ2hTFD0tyzxA,API,Samsung,1,100.0,True,Mid Range
phone,Apple iPhone 13 128GB256GB Factory Unlocked Fair Midnight Black 256GB,775.0,775.0,4.2,43000,techdaddy accs,6,Free delivery,,https://encrypted-tbn2.gstatic.com/shopping?q=tbn:ANd9GcTSKbVl6Z0XD2fbIVYUYlISEWXnJo5isJD8pWh0jYORSVNmnfxKKfu_gfSUuR48TBub5gI6jTNloY8Ff9Ny3fassQ2tsSeR1hIbidJ71xzvy-NDtdDIocTVOA,API,Apple,9,11.11111111111111,True,Mid Range
phone,Apple iPhone 13 128GB 256GB BlueRed Unlocked Verizon 5G iOS 5G GPS 2GB RAM 120 159 MP Camera Hexa Core Processor 3D Depth Camera,338.0,338.0,3.9,43000,ebay - sarahcell,7,Free delivery by Thu,,https://encrypted-tbn3.gstatic.com/shopping?q=tbn:ANd9GcRn2wBL3E6gYmaAEYfScaXbHK1aQZ4JgyOW6woLcFAh7mcIYx96yXDIrLuSKaB6Oq1vx9RYGSn6QwVKwy2blieB1KzzzYWsdXUjrr_xWxl7SmtqdKTT1mE8,API,Apple,12,8.333333333333332,False,Mid Range
phone,Apple iPhone 13 128GB 256GB BlueRed Unlocked Verizon 5G iOS 5G GPS 2GB RAM 120 159 MP Camera Hexa Core Processor 3D Depth Camera,338.0,338.0,3.9,43000,ebay - sarahcell,8,Free delivery by Thu,,https://encrypted-tbn3.gstatic.com/shopping?q=tbn:ANd9GcRn2wBL3E6gYmaAEYfScaXbHK1aQZ4JgyOW6woLcFAh7mcIYx96yXDIrLuSKaB6Oq1vx9RYGSn6QwVKwy2blieB1KzzzYWsdXUjrr_xWxl7SmtqdKTT1mE8,API,Apple,12,8.333333333333332,False,Mid Range
phone,Apple iPhone 13 128GB 256GB BlueRed Unlocked Verizon 5G iOS 5G GPS 2GB RAM 120 159 MP Camera Hexa Core Processor 3D Depth Camera,338.0,338.0,3.9,43000,ebay - sarahcell,9,Free delivery by Thu,,https://encrypted-tbn3.gstatic.com/shopping?q=tbn:ANd9GcRn2wBL3E6gYmaAEYfScaXbHK1aQZ4JgyOW6woLcFAh7mcIYx96yXDIrLuSKaB6Oq1vx9RYGSn6QwVKwy2blieB1KzzzYWsdXUjrr_xWxl7SmtqdKTT1mE8,API,Apple,12,8.333333333333332,False,Mid Range
phone,Apple iPhone 13 128GB 256GB BlueRed Unlocked Verizon 5G iOS 5G GPS 2GB RAM 120 159 MP Camera Hexa Core Processor 3D Depth Camera,324.0,324.0,3.9,43000,ebay - sarahcell,10,Free delivery by Thu,,https://encrypted-tbn3.gstatic.com/shopping?q=tbn:ANd9GcRn2wBL3E6gYmaAEYfScaXbHK1aQZ4JgyOW6woLcFAh7mcIYx96yXDIrLuSKaB6Oq1vx9RYGSn6QwVKwy2blieB1KzzzYWsdXUjrr_xWxl7SmtqdKTT1mE8,API,Apple,12,8.333333333333332,False,Mid Range
phone,Apple iPhone 13 128GB 256GB BlueRed Unlocked Verizon 5G iOS 5G GPS 2GB RAM 120 159 MP Camera Hexa Core Processor 3D Depth Camera,294.0,294.0,3.9,43000,ebay - sarahcell,11,Free delivery by Thu,,https://encrypted-tbn3.gstatic.com/shopping?q=tbn:ANd9GcRn2wBL3E6gYmaAEYfScaXbHK1aQZ4JgyOW6woLcFAh7mcIYx96yXDIrLuSKaB6Oq1vx9RYGSn6QwVKwy2blieB1KzzzYWsdXUjrr_xWxl7SmtqdKTT1mE8,API,Apple,12,8.333333333333332,False,Budget
phone,Samsung Galaxy S26 63 12GB 256GB Purple,1039.0,1039.0,4.6,,topmarket.co.il,12,Unknown,,https://encrypted-tbn1.gstatic.com/shopping?q=tbn:ANd9GcQv7uSpAUDQya5KGcIhV4GHnsEVO97wpewP_B33ZC1OO2VwVEfy0SESjRTfuBU96FqkBx9djbUOSifbRDsvA66jsIlTJra3qI5wkaJK1JOL,API,Samsung,5,20.0,True,Mid Range
phone,Samsung,1880.0,1880.0,4.6,,ebay,13,Free delivery,,https://encrypted-tbn3.gstatic.com/shopping?q=tbn:ANd9GcTRIuWx95T9R7AYumo0WCjHY0DiJceN0HuhRGFC29Ta2dTcgwAo0U6dadn9psIKeyM7GvIO7EvnCSwb-eimYLPWxKwsbwlZomDbt8msbz8NqMcWQ97yq1S9jWM,API,Samsung,5,20.0,True,Mid Range
phone,Apple iPhone 13 128GB 256GB BlueRed Unlocked Verizon 5G iOS 5G GPS 2GB RAM 120 159 MP Camera Hexa Core Processor 3D Depth Camera,324.0,324.0,3.9,43000,ebay - sarahcell,14,Free delivery by Thu,,https://encrypted-tbn3.gstatic.com/shopping?q=tbn:ANd9GcRn2wBL3E6gYmaAEYfScaXbHK1aQZ4JgyOW6woLcFAh7mcIYx96yXDIrLuSKaB6Oq1vx9RYGSn6QwVKwy2blieB1KzzzYWsdXUjrr_xWxl7SmtqdKTT1mE8,API,Apple,12,8.333333333333332,False,Mid Range
phone,Apple iPhone 17 Pro Max,1159.0,1159.0,5.0,24000,walmart - adopt-a-phone,15,Free delivery,,https://encrypted-tbn1.gstatic.com/shopping?q=tbn:ANd9GcS4ZL1Pv_n5jxW3Hw8jH4DxTf3s01PUDJbQyBqHD5XkkoNRC8_sP_-Fs3IMwqchq6hVfRB7OyGixUScjHO8iDUxlkDllLAO2AtDVtCo3EF696bHy_uAqjOH,API,Apple,1,100.0,True,Mid Range
phone,Apple iPhone 15 Pro,543.28,543.28,4.7,10000,walmart - cell surfers,16,Free delivery,,https://encrypted-tbn3.gstatic.com/shopping?q=tbn:ANd9GcTYPi7OVvf-Cktlq3RnDAvIbGiUx74kuLJZaP4Us3rmvKAxMrDIh0G-2VqhfyTyLa0shHbff35bN2mCOvEPu3NF8AmVz1qIs7e7wiOq9wBf,API,Apple,4,25.0,True,Mid Range
phone,Motorola Moto G Stylus 5G 2024,160.4,160.4,4.1,1800,reebelo usa,17,Free delivery by Wed,,https://encrypted-tbn3.gstatic.com/shopping?q=tbn:ANd9GcSfgKFMJrdErf1va5rBjzhyeskQxBPh76Rrmy8fOVV3RQAu280tLKOkbyCmgzxDa8I_z60Brj8BeGiobAFPU7WC27bdReCuRg-s5g5b9lQ,API,Motorola,10,10.0,True,Budget
phone,Samsung Galaxy A17 5G,281.52,281.52,5.0,16000,best buy,18,Unknown,,https://encrypted-tbn3.gstatic.com/shopping?q=tbn:ANd9GcSCmlGYkC98ckbw0ryZh3u_kbRJdNHsqg6sfJ2v9ocUNthLqmtj4-ZKJNSyU6ZD2PyyXdQ49CU20CJxPL-nolj8zJFzWEk4YtCJpVz5QCzWpwDdGn9nZggs,API,Samsung,1,100.0,True,Budget
phone,Samsung Galaxy A17 5G,135.0,135.0,5.0,174,ebay,19,Unknown,,https://encrypted-tbn2.gstatic.com/shopping?q=tbn:ANd9GcSqHzfO2EsaUH6PufTmAjQzK0QeVz0UaWDOvcmNV647j3krUIU3iS1zyljIi0gJdUXBUNXYbUC2Nq42l1eW4Vw_oYzLQyzKZvgrVhrU2PTZV32X9VsCbs03ww,API,Samsung,1,100.0,True,Budget
phone,Apple iPhone Air in Cloud White 1024GB with 36month installments data plan by Consumer Cellular,41.67,,5.0,3800,consumer cellular,20,Free delivery by Thu,,https://encrypted-tbn0.gstatic.com/shopping?q=tbn:ANd9GcRZHftZ6FteY-kqrTQwTx8i_yn7Zu7arljPvNTuaWdkqXSjt8TALo22PR-_VK55vmG01yn-GXGyTRyBIlQ7RkXfrDwUW-VuF9aprPI2mmNtHu1pALhEfHUt,API,Apple,1,100.0,True,Budget
phone,Apple Iphone 13 128gb 256gb Unlocked Verizon Bluepink Smartphone,281.0,281.0,3.9,43000,ebay - sarahcell,21,Free delivery by Thu,,https://encrypted-tbn2.gstatic.com/shopping?q=tbn:ANd9GcRjrzpI6Y49OMzV38Eb9aIIpREhmHKGv7fSScMSLNQbSTRtyJhCirVxs7MwNuEr5vZI5UVcnUJE5g1nacRzISjNOzM_kqaXODokPpYY43cqZ_202o25AegJ,API,Apple,12,8.333333333333332,False,Budget
phone,Apple Iphone 13 128gb 256gb Unlocked Verizon Bluepink Smartphone,206.0,206.0,3.9,43000,ebay - sarahcell,22,Free delivery by Thu,,https://encrypted-tbn2.gstatic.com/shopping?q=tbn:ANd9GcRjrzpI6Y49OMzV38Eb9aIIpREhmHKGv7fSScMSLNQbSTRtyJhCirVxs7MwNuEr5vZI5UVcnUJE5g1nacRzISjNOzM_kqaXODokPpYY43cqZ_202o25AegJ,API,Apple,12,8.333333333333332,False,Budget
phone,Nothing CMF Phone 1 5G A015 Orange 256GB 8GB RAM Gsm Unlocked Phone Mediatek Dimensity 7300 50MP,1499.99,1499.99,5.0,79,overseas electronics,23,Unknown,,https://encrypted-tbn2.gstatic.com/shopping?q=tbn:ANd9GcRoZgR7Un_YPJ4tuvl6OP9Y4cQSwz8tkPvP5KqXyYthfB2XM9jTjau6ibeC-CfovpJnGWuq410rvQ19bGjg-x_gSY-6IgFxGmLkmVoQ_DRcPbjgrPZI4sNY,API,Nothing,1,100.0,True,Mid Range
phone,Samsung Galaxy S26 Cobalt Violet 256GB with 36 monthly payments plan Samsung Galaxy Smartphone,25.0,,4.9,8500,t-mobile,24,Free delivery,,https://encrypted-tbn2.gstatic.com/shopping?q=tbn:ANd9GcSgALRRKagj3x2Xqf4tiauYjxhtVBIiEPOXp_ht_Jus1024PhLSedMpTNTSILFzdUPZqG__UKz2mEG0cKknjp5E9a-Pp_vP,API,Samsung,2,50.0,True,Budget
phone,iPhone Air 256 GB skyblue,1099.99,1099.99,2.9,3800,us mobile,25,Free delivery by Sat,,https://encrypted-tbn2.gstatic.com/shopping?q=tbn:ANd9GcRsmbr2dMbGAqdYr7GqZY5y_0sRATi4FPFsokFtskZE16mMLtwr3WyerNFaP_R3JDahUj8IK2sRkm9eu3mVPqN5VKyYAksvU5j47C03G4oEZAGDo57UXfWz,API,iPhone,22,4.545454545454546,False,Mid Range
phone,Apple iPhone 13 Carrier Unlocked 256gb Green Good,729.99,729.99,4.6,,walmart - verizon pre-owned,26,Free delivery,,https://encrypted-tbn2.gstatic.com/shopping?q=tbn:ANd9GcTIO5G5VrMIXvSgl0XSFVhc6GocByDXECmmAy7OIeaMrlHOgnJNDVbpX9JPPHqnxN23Xj3o9ud2q0eO1i77Vc-aDPWu1ZTN_5f2qGgFiOk,API,Apple,5,20.0,True,Mid Range
phone,Samsung Galaxy A17 5G,122.67,122.67,5.0,16000,walmart - techrific deals,27,Unknown,,https://encrypted-tbn3.gstatic.com/shopping?q=tbn:ANd9GcSCmlGYkC98ckbw0ryZh3u_kbRJdNHsqg6sfJ2v9ocUNthLqmtj4-ZKJNSyU6ZD2PyyXdQ49CU20CJxPL-nolj8zJFzWEk4YtCJpVz5QCzWpwDdGn9nZggs,API,Samsung,1,100.0,True,Budget
phone,Samsung Galaxy S26 Ultra Unlocked Android Smartphone 256GB Privacy Display Galaxy AI AI Camera Super Fast Charging 30 Durable Battery Violet,1379.99,1379.99,5.0,57000,target,28,Free delivery by Wed,,https://encrypted-tbn0.gstatic.com/shopping?q=tbn:ANd9GcRNf2RHncdIKV4CCTWpHCP9w8IBPjZg42DBuIJs2Hpa6lg6b9d9SKJ56UxeBrJebhrvwq6SSlpdpMEDOiFowqE0h7Bp0NhJeB88DB3-U8oU,API,Samsung,1,100.0,True,Mid Range
phone,Samsung Galaxy S26 Black 256GB with 36 monthly payments plan Samsung Galaxy Smartphone,25.0,,4.6,8500,t-mobile,29,Free delivery,,https://encrypted-tbn3.gstatic.com/shopping?q=tbn:ANd9GcR5djTAv4EXnoUH1gJaqRE-4hnmgpPuGCcrGsconjC_Jeb2sGYMTdxyOFfJU5BSqp-LuhGl0DDy22oIUfBJN_F4rbxpzj_dRA,API,Samsung,5,20.0,True,Budget
phone,Galaxy S26 Ultra 256GB Black Unlocked,981.0,981.0,5.0,57000,back market,30,Unknown,,https://encrypted-tbn3.gstatic.com/shopping?q=tbn:ANd9GcQgZ3FoquH5oq6dRjed7RcoRaJyPC7uKKq14hTsYRNDWZDFuO4NORK2mMibuFfPQ_drYHecVXPwDcpHh0lMz3mcw4YuSO0ANNpX_q3CamDNsRtmmg_SHJHMtQ,API,Galaxy,1,100.0,True,Mid Range
phone,Apple iPhone 14,291.0,291.0,3.9,14000,walmart - seller,31,Free delivery,,https://encrypted-tbn1.gstatic.com/shopping?q=tbn:ANd9GcS0aKopYnTPOPA84LsH0cb93wLnZWMWKbMEiTJutbaGgyazy9Pp0y1lyjWolAs4MM3iHxQ9Fn3oMnGMOAPJQ9QaIAiIJDyUE_dtE-ZaFjjP,API,Apple,12,8.333333333333332,False,Budget
phone,Att iPhone 17 Pro Max 256gb Deep Blue Size 256 GB,31.92,,4.6,,walmart,32,Unknown,,https://encrypted-tbn0.gstatic.com/shopping?q=tbn:ANd9GcTGeZw6aeYpiMn0Qx6A5yvEeQ_YwsVEk23vk2p-uchvLBHUa6JffZXeCvCNA47_evO5gYlBhKR19hBLQzURf9cTNYtkT7JkVQRk_aAq_0sWHK9mZhd_L4QI,API,Att,5,20.0,True,Budget
phone,Samsung Galaxy S26 Sky Blue 256GB with 36 monthly payments plan Samsung Galaxy Smartphone,25.0,,5.0,8500,t-mobile,33,Free delivery,,https://encrypted-tbn0.gstatic.com/shopping?q=tbn:ANd9GcQYMeH2SNn3uDLCKk4xsIUUGv3aFJ68xR4wfBP3fw-yJLr8Jnji74aPhm62cQjJ60lJzTWueFFFBdEaezYnvp7mRwuBJu3JcA,API,Samsung,1,100.0,True,Budget
phone,Apple iPhone 13 5G 128GB 256GB Blue Pink ATT Verizon Unlocked Smartphone Network Unlocked WiFi 6 in 2 GB iOS Sprint Single SIM,225.0,225.0,4.3,1300,ebay - sarahcell,34,Free delivery by Thu,,https://encrypted-tbn3.gstatic.com/shopping?q=tbn:ANd9GcRhi6FzRO_nKQZJlAhF2n4UuER1KU9jml9tVZlRdvAK-EAIb_KFu8BePa0QzPBdAkzSPWj2dB-oyUxl3Bfsxvbqdjg1OpIj-8cN4Fiar_7jgRvENj1fShxXXw,API,Apple,8,12.5,True,Budget
phone,Apple iPhone Air in Space Black 1024GB with 36month installments data plan by Consumer Cellular,41.67,,5.0,3700,consumer cellular,35,Free delivery by Thu,,https://encrypted-tbn1.gstatic.com/shopping?q=tbn:ANd9GcThVEu0MslMl_0caa0Sxpw-hO2RaIlFfsaVK2V9fAKIeFD-BP-PO9G7H2dDb9RqOUryJD-g5qlMaDzo_-G7qR9ljqfl0OomxBulWqOcsU3YdbHIFwh-En4b,API,Apple,1,100.0,True,Budget
phone,Apple iPhone 13 128 GB Pink,670.0,,5.0,43000,,36,Unknown,,https://encrypted-tbn0.gstatic.com/shopping?q=tbn:ANd9GcRxAd1RkmT9cfeQUE9WwKMPqcm-8RTC5R9YmhATbMpJAF0u8KwzCpqd4TPxOXeBWYnhrR2IPdxHYSVDzd2MIyydcnjs1-KokRKQP1uLVp9fYEG5i_1LiuHz,API,Apple,1,100.0,True,Mid Range
phone,Samsung Galaxy S26 Ultra Sky Blue 256GB with 36 monthly payments plan Samsung Galaxy Smartphone,36.11,,5.0,57000,t-mobile,37,Free delivery,,https://encrypted-tbn1.gstatic.com/shopping?q=tbn:ANd9GcQyKWgVYqlONKAi3biCNHKy9cG6VihMCXowX0wd6kXpg1s1nWx56Dq5qZ56OAqyHqKVSEl6TnQoX0AbMAecB7XBNu6AaRg8ww,API,Samsung,1,100.0,True,Budget
phone,Samsung Galaxy S26 Ultra Cobalt Violet 256GB with 36 monthly payments plan Samsung Galaxy Smartphone,36.11,,3.2,57000,t-mobile,38,Free delivery,,https://encrypted-tbn0.gstatic.com/shopping?q=tbn:ANd9GcQIprGuvplZ0SMHcglMzfLQHV0ZhRj3yW4uMyiPMn8WysVMK85RbQoFO41PfoS0giflKeBiKyobucIVaxXsVR52Hw9aETx4sA,API,Samsung,19,5.263157894736842,False,Budget
phone,Google Pixel 10 256 GB Indigo Verizon,590.0,,5.0,2000,,39,Unknown,,https://encrypted-tbn0.gstatic.com/shopping?q=tbn:ANd9GcQQH4516gE9X8XEqGTQNS4CHJY1tA-OTwibIEfRNbqsCAFMCEdAypZmxlzgfrHZFmLkaVHOGnN7GStufNmknJypuARDuI3aT8Vyc_l2KGKCQBiCWQvav1UiHA,API,Google,1,100.0,True,Mid Range
phone,Samsung Galaxy S26 Black 512GB with 36 monthly payments plan Samsung Galaxy Smartphone,30.56,,5.0,8500,t-mobile,40,Free delivery,,https://encrypted-tbn3.gstatic.com/shopping?q=tbn:ANd9GcR5djTAv4EXnoUH1gJaqRE-4hnmgpPuGCcrGsconjC_Jeb2sGYMTdxyOFfJU5BSqp-LuhGl0DDy22oIUfBJN_F4rbxpzj_dRA,API,Samsung,1,100.0,True,Budget
washing machine,Whirlpool 35 Cu Ft Top Load Washer WTW4816FW,499.0,499.0,3.9,26000,lowe's,1,Unknown,,https://encrypted-tbn3.gstatic.com/shopping?q=tbn:ANd9GcTKE3wNgutQVEtzNAOCdir_OjvKOLT5BLez21AB3lDx5odDPI2rmu0IbWz1M3qZTqs9weWJdIRXBJH5DBycWfXhkzw9wHcQIh_lQuxvLBiOt-J683vcpYy9,API,Whirlpool,12,8.333333333333332,False,Mid Range
washing machine,Insignia 37 Cu Ft High Efficiency 12Cycle TopLoading Washer,599.99,599.99,4.3,2400,best buy,2,Unknown,,https://encrypted-tbn3.gstatic.com/shopping?q=tbn:ANd9GcQWGIR9R7UOMmOyjzilNutke087jA2zaA8n3UIqzWFw9BtfVevjhC17FBv_O_UZUxRVwPToYO2eTEQAi5JKMALDMobyakLVvZXx7BlwyaE,API,Insignia,8,12.5,True,Mid Range
washing machine,GE 45 Cu Ft Capacity Washer with Water Level Control,499.0,499.0,4.3,2500,mazer appliance,3,Unknown,,https://encrypted-tbn1.gstatic.com/shopping?q=tbn:ANd9GcSNpjoq94w3o-kiV6ClOQrOeAGbQfuAZv-4Rtw0j2-EDdA9-2Ckdp5vbje_Z8JjmHmm1AzCahPBqzQT-GPiMGwcBHBJnAHSwI3TZOrduAmh,API,GE,8,12.5,True,Mid Range
washing machine,Maytag Top Load Washer with Deep Fill,599.0,599.0,3.8,24000,home depot,4,Unknown,,https://encrypted-tbn2.gstatic.com/shopping?q=tbn:ANd9GcQ1J_PfT8Ao5I42O_zno_BQy1ZqvhKfcBkbgCaogicdroJRAVc6ZT4z-SAvET2ICBZX5E8ge_omq5S-4nCYHdso7K_LczYHfN1JRH1NrodaWBYthtKYh9X54Q,API,Maytag,13,7.6923076923076925,False,Mid Range
washing machine,Hotpoint 40 cu ft Capacity Washer with Stainless Steel BasketCold Plus and Water Level Control,79.95,79.95,4.3,,appliance driven,5,Unknown,,https://encrypted-tbn1.gstatic.com/shopping?q=tbn:ANd9GcQwrCi3QAhNDRjREBKjzRh1qNfVx1NxkXjA92q0tL5Jhyp8b8u9l2M2Agxqxfqe4pT4s5qBNcAxD06cvzq-oMM5VgHrea-QAA,API,Hotpoint,8,12.5,True,Budget
washing machine,Roper by Whirlpool High Efficiency Agitator Large TopLoad Washer Stainless Steel rtw3005tw,489.0,489.0,4.3,168,lowe's,6,Unknown,,https://encrypted-tbn2.gstatic.com/shopping?q=tbn:ANd9GcRl_Xhq55Noy6oeP_CRiYNnM2j3x1ljVf6r-qjHIr08153yxupwo11z_TAVuYVnb13j9-nlXWtPzY0XfPFL6gzSsDDkfNuNo_7e4WNAoGk0Qb_M3qYreVGRXA,API,Roper,8,12.5,True,Mid Range
washing machine,Samsung 45 cu ft Top Load Washer with Vibration Reduction Technology wa45t3200aw,599.99,599.99,4.3,8000,best buy,7,Unknown,,https://encrypted-tbn3.gstatic.com/shopping?q=tbn:ANd9GcSNdrU-vumKJ1vH5NzXf_N-0XEtBKLA0jcVYjSP7KtWqVltqOzDhTYouMK2kyxpDWPRWHQVFevdRyGhJoJSS4kk3XRfo-BYP5csXMZvK9k,API,Samsung,8,12.5,True,Mid Range
washing machine,LG 55 Cu ft Top Load Washer,439.6,439.6,4.3,603,serigrafia.eus,8,Unknown,,https://encrypted-tbn3.gstatic.com/shopping?q=tbn:ANd9GcRMqfoDWZytraWtRUQHNckxz-ckQtRPC_pcm3NetT5T-H16flncFlmr86y5YfiHdpebJ_NKaivzCNfBIi2j5RK2T8l5QlIYU8vvB8ZaBbnx2qMlii74Pxn1,API,LG,8,12.5,True,Mid Range
washing machine,Avanti 138 cu ft Compact Washer,249.97,249.97,3.8,17,pc richard & son,9,Unknown,,https://encrypted-tbn1.gstatic.com/shopping?q=tbn:ANd9GcTwfZ-JOqFjLhLv2bkZ0jnH7LfGrf2e4UqM5vZARAcALZAyEwWTXLS46YBUgG5RGD09FRl2-v5ftU606j8iVinLT0f14SA01rDrtKqK5AlNiJh0Uf0P9ZjkMQ,API,Avanti,13,7.6923076923076925,False,Budget
washing machine,Insignia 41 Cu Ft Top Load Washer with ColdMotion Technology,699.99,699.99,4.6,893,best buy,10,Unknown,,https://encrypted-tbn1.gstatic.com/shopping?q=tbn:ANd9GcS4dvcL5lmPJ5yVyxH1GtbmtXNpAMAa_4rDPr7qeyYMIfzWz-EvUhzfhf-xNk3eKBbNRgL1vBuOCqpdhei-sYKpmpyOQGiOAVI0avD1l7FbUZN3ge4WHEqi,API,Insignia,5,20.0,True,Mid Range
washing machine,LG 41 Cu ft Agitator Top Load Washer with TurboDrum Technology,619.0,619.0,3.8,789,lowe's,11,Unknown,,https://encrypted-tbn2.gstatic.com/shopping?q=tbn:ANd9GcT5Q70c8QbB6wYgZ07g50R_DI26ekk9JImz6fFXCGyrAvTS2LO6BlA_MRil86XoOz6Ed6O-xMLrXg3fUQmKT4nGllBri3JfsNTgIpdX00QQM-lwuZysDwt3Mw,API,LG,13,7.6923076923076925,False,Mid Range
washing machine,Whirlpool 48 CuFt Top Load Washer,489.99,489.99,4.4,2400,pateora,12,Free delivery,,https://encrypted-tbn0.gstatic.com/shopping?q=tbn:ANd9GcQjVyTpjlIWbQPXcel4HMaFobPfLYQV-27QgvFSHCn9LWrETIhsP-c22jYUXbXU8oe0jsJf7i9LOZ7xQhjAqTEKHdnCItm3yx3z_Z73w3QK,API,Whirlpool,7,14.285714285714285,True,Mid Range
washing machine,Hotpoint HTW240ASKWW 38 cu ft Washer with Stainless Steel Basket,16.95,16.95,4.3,,dialrto.com,13,Unknown,,https://encrypted-tbn2.gstatic.com/shopping?q=tbn:ANd9GcSmwfooR8-hHvc9hLdPspI0_I5ZzJT5URvWN_7cB-qQAi0lRnXdk88Vvrqc7P-x19WBL5Z_bU6Mai8tcTtnKHHpn84zxdyq,API,Hotpoint,8,12.5,True,Budget
washing machine,Amana 38 Cu Ft Large Capacity Top Load Washer with HighEfficiency Agitator,519.0,519.0,3.7,3500,home depot,14,Unknown,,https://encrypted-tbn3.gstatic.com/shopping?q=tbn:ANd9GcTSpN5qC_qHXepgiHpCGBc8doCIG1fy-MCuQPiP0VBgwmwThT7wELWNiWDE7TxOxH_DSVw5rA6v66FlfnEhhJulHDH9denNDDLkChXu6PhYMfue7UYw-PbNCA,API,Amana,14,7.142857142857142,False,Mid Range
washing machine,Maytag Top Load Washer With the Deep Fill Option,405.99,405.99,4.1,8000,xavlyin,15,Free delivery,,https://encrypted-tbn1.gstatic.com/shopping?q=tbn:ANd9GcRCi16lPrTjyWB_GFHDTJeZ-jd9EVUYF5kemyIN_eCS83BX5wnYcFr4g2dv_oq7wH7If0fqOsAFtG1pA9RRYnETA52579ieP6EDdnAw3oo,API,Maytag,10,10.0,True,Mid Range
washing machine,4243 Cu Ft Whirlpool Top Load Washer with 2in1 Removable Agitator and Soft Close Glass Lid wtw4307sw,589.0,589.0,4.1,2400,lowe's,16,Unknown,,https://encrypted-tbn0.gstatic.com/shopping?q=tbn:ANd9GcTPhqM4Sb_XtZtast_x0zbn1joRFSgRw0HMr3aWByaneDFFkZWYk3BFCQpMOGo3p0h6QBdP2ep48nlrG0qiENTeJebtyrSdmzIs3XVGh_z35PP781bKN_3xlA,API,4243,10,10.0,True,Mid Range
washing machine,Hotpoint 40 cu ft Top Load Washer in White with Cold Plus and Water Level Control,17.99,17.99,4.3,,rent-a-center,17,Free delivery,,https://encrypted-tbn3.gstatic.com/shopping?q=tbn:ANd9GcQCr_z2YaYA8yr7YNTuaKbWYRnw_6KVCqH9meHswQB1FrwXkmNn1WfPZ4k0LP8aWjy4g_YIdoqJC3FCHRd48H4yj3crhdlwKhiEDXVJVsYa,API,Hotpoint,8,12.5,True,Budget
washing machine,Stbine 138 cu ft177 lbs FullAutomatic Smart Home Top Load Washer,216.55,216.55,4.5,2,home depot,18,Free delivery,,https://encrypted-tbn0.gstatic.com/shopping?q=tbn:ANd9GcTJNHIOOkkDmurmgSUNk-e8vUV8OqRjo7Lt_jcUoOJ-PXc5QDelmB9sdIbN3jr26QPf9oYnS4mfBRtb9JhFrhJqnqWCVy4eHb-W6KcJRJI0KzVnxKQ1uhMN,API,Stbine,6,16.666666666666664,True,Budget
washing machine,Maytag 38 Cu Ft High Efficiency Top Load Washer with PowerWash Agitator White,314.99,314.99,4.3,,pateora,19,Free delivery,,https://encrypted-tbn1.gstatic.com/shopping?q=tbn:ANd9GcRCi16lPrTjyWB_GFHDTJeZ-jd9EVUYF5kemyIN_eCS83BX5wnYcFr4g2dv_oq7wH7If0fqOsAFtG1pA9RRYnETA52579ieP6EDdnAw3oo,API,Maytag,8,12.5,True,Mid Range
washing machine,Miele wxc280wcs WXC280 WCS Steam W1 Frontloading Washing Machine,1999.0,1999.0,4.3,,best buy,20,Free delivery by Wed,,https://encrypted-tbn0.gstatic.com/shopping?q=tbn:ANd9GcRBIYvBzZiu8xLLccl9k-lwKvF5cu8WyHdlx1-b_9UN7ygHMzRvjJWaDWPS8JCn_KMJhtlZ76Bmdozw1CFNH_z4TtubxDmu5Q9r0Ca68jCYAu8TiVLovMmV,API,Miele,8,12.5,True,Mid Range
washing machine,Speed Queen tr7006bn Top Load Washer,1699.0,1699.0,4.7,205,brandsmart usa,21,Unknown,,https://encrypted-tbn3.gstatic.com/shopping?q=tbn:ANd9GcSS0TQuvAXIVIcrSN9EQ4xZjy9Zk9jqYJpFPMUh65_-5RW62uso49-B11MX6Nob4uMj2sutO-F1qX4j9ixaaVmHOiktXDcBfbjnrD5VhirUyWEvzzOeKdm-EA,API,Speed,4,25.0,True,Mid Range
washing machine,GE Profile 50 Cu Ft Top Load Washer with Smarter Wash Technology FlexDispense,499.99,499.99,4.0,7400,ace family hardware,22,Unknown,,https://encrypted-tbn1.gstatic.com/shopping?q=tbn:ANd9GcQRozXN93ZkwXq0cS55J4pkHclSPng9yWY4aNVat_uDG-uA89xvmCNEpVZjQQyf8zNjOtsDqHDWgaprsavbst6lAZYXbdHSk6he85hXdb9R,API,GE,11,9.090909090909092,False,Mid Range
washing machine,MELEZOOM 138 cu ft 177 lbs FullAutomatic Top Load Washer,199.0,199.0,5.0,1,home depot,23,Free delivery,,https://encrypted-tbn0.gstatic.com/shopping?q=tbn:ANd9GcSUVSWhRHlyjmefFWKw-2GVwJvmUjQ1kNS6yCm3WQS9ULxL_7yIKJbQ-h49mvG5wFZRD1UzCz5OI2r3GdqVC-O75SzB02SR-cv0dHeMMAqKHcmNFx__QKqNGw,API,MELEZOOM,1,100.0,True,Budget
washing machine,Samsung 45 Cu Ft White Front Load Washer,729.0,729.0,4.2,6200,abt electronics & appliances,24,Free delivery,,https://encrypted-tbn0.gstatic.com/shopping?q=tbn:ANd9GcQ6mCNCv5XNudtQPKcIysmsYY93FnbG9jqVex2H6Ylkt96yhpsW0DH0CKapw05J1efve5lpOk7L-8R1DcC3vGCgyIKCW0OMx_Eb11G_wEFHkQLlwu1IvPEi,API,Samsung,9,11.11111111111111,True,Mid Range
washing machine,Electrolux 45 Cu Ft Front Load Washer,899.1,899.1,4.6,6500,electrolux,25,Free delivery,,https://encrypted-tbn2.gstatic.com/shopping?q=tbn:ANd9GcRZ9BlSlqZPNWD7wuokDuGNqFQhf9ud66q_vWTiHk8AeqklILpO5SLXsYQdIMSMK2g3isXdPL6jPLWlgWIzxTFM1_-ble-ANUEu8-GXZuHX,API,Electrolux,5,20.0,True,Mid Range
washing machine,Samsung 46 Cu Ft Electric Top Load Washer,23.99,23.99,4.6,794,rent-a-center,26,Free delivery,,https://encrypted-tbn2.gstatic.com/shopping?q=tbn:ANd9GcTZVsUaaMCmAZlBuvDNVd6ibtVzZC_5VwxwXbTZqkOhxG7eUI_a5IygVdIt75hBouKZe6jG-0oLOXZ8sqdKFaL6fIAs5BY22oEeJ9vMowdJx8yyG1XeRXv1Zw,API,Samsung,5,20.0,True,Budget
washing machine,LG 55 Cu ft Top Load Washer,300.99,300.99,3.9,262,pateora,27,Free delivery,,https://encrypted-tbn3.gstatic.com/shopping?q=tbn:ANd9GcQG3IR2_UxrAoNMFV-pbE3lS6fBdKAaryQrNHtX3q39QBzvHp3i4zCddc12IsSmnIGtW593oeBMutLz3lZf8AvCCbUpWTYwDGgI9Osodec,API,LG,12,8.333333333333332,False,Mid Range
washing machine,RCA 30 cu ft Portable Washer,448.0,448.0,3.8,286,home depot,28,Unknown,,https://encrypted-tbn1.gstatic.com/shopping?q=tbn:ANd9GcTMGA3yXlFCpO-0EL-vqfoslSbfY9ZsGClLIfLJjSBTzxUtWX4eZvgEwv_ddpR3SYDJk5GrMwXe2hwcBGSKgDf8ofm1iQuEKvIY-pdrL3QdkpQzl4pXE3x0kg,API,RCA,13,7.6923076923076925,False,Mid Range
washing machine,Compact Twin Tub Washing Machine,149.99,149.99,4.0,1500,best buy,29,Unknown,,https://encrypted-tbn2.gstatic.com/shopping?q=tbn:ANd9GcQFc9QBEGdFDCfzyCesMTVX8PTh8bol4FDoPjpqSWjm-oxKqM5IUTW0c_85LOPiFepVzKfv_mAqhyPPajwN3ziQg9kM9AkiIUEzZ_d-gVfavYvcbu7T_1qqVA,API,Compact,11,9.090909090909092,False,Budget
washing machine,Deco Home Compact Washing Machine with Twin Tub for Wash and Spin Dry,139.99,139.99,3.8,16,target,30,Free delivery,,https://encrypted-tbn1.gstatic.com/shopping?q=tbn:ANd9GcT1IhfgxaKbCKAYv7K5kjJKmjx0_M8jolbDn_Guta2lmKtlsPYZsf8R5f3YqryYtH0OQ6KIcNlfLKTWkJgloHsbKQbSvMTjhTqxCTBcQsLJ,API,Deco,13,7.6923076923076925,False,Budget
washing machine,LG 45 Cu Ft Ultra Large Capacity Front Load Washer,979.0,979.0,4.3,5000,lowe's,31,Unknown,,https://encrypted-tbn2.gstatic.com/shopping?q=tbn:ANd9GcRpRgcXcIDqDWl4r89CeotG-EF3BSevPkMeggDtnsPuT5T-bODbzbJxjy40Mgw43es-cF_lgxFhcHOejL5y4b68W_J6-XQlCIZ8KDYuBzJ5D0Qb5zPWMnrK,API,LG,8,12.5,True,Mid Range
washing machine,Frigidaire Top Load Washer 44 Cu ft,749.0,749.0,4.5,185,walmart - frigidaire,32,Free delivery,,https://encrypted-tbn3.gstatic.com/shopping?q=tbn:ANd9GcS_MsvMd5Z8goeitVAqYtMZF5fdgnEYs_tRtN6tKcG-Te7BxVS8Ke-o9RscGBXK7g4oxZJZCkBwtb7nbLGbewd7PttGqE3W47NPnnD2yYs,API,Frigidaire,6,16.666666666666664,True,Mid Range
washing machine,Karl home 4 cu ft Portable Top Load Washer Automatic Washing Machine with Drain Pump,186.99,186.99,2.9,10,home depot,33,Free delivery,,https://encrypted-tbn3.gstatic.com/shopping?q=tbn:ANd9GcS4k7OPrwm0oGhuLW8Y9AIjKe8bTLZxdYUcGsvIhcwawMWsK2GUrIb8_VaHYScrdRQl1NUi6zhS3mGgK8w_D6wrEEt5l87h_7yjyeV0-FiBEBTUxK6TS-ex2Q,API,Karl,22,4.545454545454546,False,Budget
washing machine,Whirlpool 50 Cu Ft Front Load Washer with Quick Wash Cycle,559.99,559.99,4.1,606,pateora,34,Free delivery,,https://encrypted-tbn3.gstatic.com/shopping?q=tbn:ANd9GcSGY3YW_pyFrJdyL7c7_Vx2BqFsfa_YUTjESnRQhJbWBxROMIg4pC_WrHfX3l_tUL2UVXc-OdNl6aoQfYW1H26MVZCB2_wJmxElDPZoSUoo61sCEjeMWKZb,API,Whirlpool,10,10.0,True,Mid Range
washing machine,Samsung WW80TA046AX washing machine Frontload 8 kg 1400 RPM Platinum,489.0,489.0,4.7,2200,younes electric,35,Unknown,,https://encrypted-tbn0.gstatic.com/shopping?q=tbn:ANd9GcQxxpvkZFTvzC8Yz8ZYx7w67TOJD9fL6DqUFfqH101LD01ervu5AMhGoOl4CzWzgOnEl2ZBD3zaDJs4nkc2psiIqbxcBrTfM6CqLFT0i3w9UmJxCB-yRg5zTw,API,Samsung,4,25.0,True,Mid Range
washing machine,Speed Queen TC5 32 Cu ft Top Load Washer,1498.96,1498.96,4.6,3900,rodenbaugh's flooring america kitchen,36,Unknown,,https://encrypted-tbn2.gstatic.com/shopping?q=tbn:ANd9GcQq0VezabDvkS-gKsQn2BbW_gHHj1gDwJ47tXZzifXZLUXpJGEN4dTp0Q4_KJVtDsFPAFM3lvgWT-Ndd3puO09cmjLOVk3822EUZIXG3r8,API,Speed,5,20.0,True,Mid Range
washing machine,LG 50 Cu ft Front Load Washer,799.99,799.99,4.5,1400,best buy,37,Unknown,,https://encrypted-tbn0.gstatic.com/shopping?q=tbn:ANd9GcRYeKWYmIM50tSAMAuQPO5I-XzwXsCguRx98HGk-a5MNbaxATf6FGWjE6_8xAKc1vS6cDedkCAvvi_nP3AtmSXtuoB4JYDXz2f4jbmVL-VnUnWgyRRQV3mE,API,LG,6,16.666666666666664,True,Mid Range
washing machine,Karl home 23 cu ft Portable Top Load Washer,233.99,233.99,3.8,28,home depot,38,Free delivery,,https://encrypted-tbn3.gstatic.com/shopping?q=tbn:ANd9GcTAWe5cvhpc-iIA208AJVL4NGdGwDTNeV11k7hoB6FLS0rqyT4ww06EGaO1cb9bj4YnhAmmaNzs37--0AGLZq0wuqfMp_rcx6UQo3ReBuROD9fItrjuXFC5Iw,API,Karl,13,7.6923076923076925,False,Budget
washing machine,GE 5cu ft High Efficiency TopLoad Washer Diamond Gray ENERGY STAR Agitator WiFi,112.46,112.46,4.0,808,littlewoods,39,Free delivery by Wed,,https://encrypted-tbn3.gstatic.com/shopping?q=tbn:ANd9GcRgmV81MEoNEkeDzSROq3sRp3EsPROB177N5R-0eKGz_TIEfv0jbBiBUO73ONersUqjSir_k-9kwPW5oaWpi4SuF__NMIEyoHhHUwIpr42bDNUxH-J_WiZtVw,API,GE,11,9.090909090909092,False,Budget
washing machine,Whirlpool Commercial TopLoad Washer cae2795fq,489.99,489.99,4.2,677,pateora,40,Free delivery,,https://encrypted-tbn3.gstatic.com/shopping?q=tbn:ANd9GcQzhWQTS6GOT9pYV8UC6mLK76JD1ThjnJNNE3FSUbyrpMeYFMpgN44G71BrztsQ4l6SO74kkphSHRY-7DV0aovhIn_9Ryzx5juu09CXna5B,API,Whirlpool,9,11.11111111111111,True,Mid Range
washing machine,Segawe Mini Wash Machine Compact Twin Tub 13lbs Top Load Washer Spin Dryer Portable White TopLoading,121.19,121.19,4.3,,ebay - anlordtown,1,Free delivery,,https://encrypted-tbn3.gstatic.com/shopping?q=tbn:ANd9GcSHeeIZN_lyEE1xbzXO9M3y_k2hfj5KA-3vsPZK5joTEZ5xUJdxaRRGdGn7Y-T_-HDyCAZFV2Myw1nq2r99JoAmalI1YS5p9Cuz9Dy2OHSp9EpCgIqixJ2L0Q,API,Segawe,8,12.5,True,Budget
washing machine,MAYTAG Maytag MVW4005SW 38 Cu Ft Top Load Washer with Deep Fill Option White 2,529.0,529.0,3.4,1500,sargents maytag,2,Unknown,,https://encrypted-tbn3.gstatic.com/shopping?q=tbn:ANd9GcSx3YbKfnPbakoPVVYL8btvJQYgofEx5DWOc83g0l86Nku1j4jxnHpHgvPwRQC_0JGEOr2AlbLGSFyLP9P-_REeK9qvcAW7eIAQQNL3utIxgrEt-jz7bpjWMQ,API,MAYTAG,17,5.88235294117647,False,Mid Range
washing machine,Dimedeal Portable 22lbs Twin Tub Mini Washing Machine 13lbs Washer 9lbs Spinner with Drying RackHangers Gray,132.89,132.89,3.3,1,walmart - dimedeal,3,Unknown,,https://encrypted-tbn2.gstatic.com/shopping?q=tbn:ANd9GcSwjxabfxXi4lK96ZhArTDCljO7_UNaYfJndXTqOztDxGJCzbwYWANfrBM8vaPEpZ61W9fg4kS_-3uWPuaJ30adL8yFaklrEzgH3--yOZ4VA3hJ0OKIPIA,API,Dimedeal,18,5.555555555555555,False,Budget
washing machine,Samsung 27 Inch Smart Top Load Washer with 51 cu ft Capacity Super Speed Wash WiFi Connectivity Active Water Jet,699.0,699.0,3.3,987,homewise appliance,4,Unknown,,https://encrypted-tbn1.gstatic.com/shopping?q=tbn:ANd9GcRXJf90ufvkrXcdH_zcFfEMtJy7fZ0AoWDGuo3-q3jn9pW_d9O3rSjEHbLL4_bkyAAERNrKM4W8gS2tciiKKISV6sLlPcmXOPn_NbPgtfU,API,Samsung,18,5.555555555555555,False,Mid Range
washing machine,Mini Wash Machine Compact Twin Tub Top Load Washer Spin Dryer 13lbs Portable White Segawe,121.19,121.19,4.3,,ebay - 1soundandfury,5,Free delivery,,https://encrypted-tbn3.gstatic.com/shopping?q=tbn:ANd9GcSHeeIZN_lyEE1xbzXO9M3y_k2hfj5KA-3vsPZK5joTEZ5xUJdxaRRGdGn7Y-T_-HDyCAZFV2Myw1nq2r99JoAmalI1YS5p9Cuz9Dy2OHSp9EpCgIqixJ2L0Q,API,Mini,8,12.5,True,Budget
washing machine,GE 32 in 48 cu ft White Front Load Washing Machine with UltraFresh Vent System with OdorBlock and Sanitize with Oxi,112.46,112.46,5.0,20000,littlewoods,6,Free delivery by Wed,,https://encrypted-tbn2.gstatic.com/shopping?q=tbn:ANd9GcSrwmDtjYV1Y1crSo8RZmPw97eivG3Aa1NFRE5SjdOrVSvzsMboRFR1BvZMIgxJCvX0e3YynDMn8-0nFrHCfnxcP0DnNJ7Rez7Wj0tHwuhW,API,GE,1,100.0,True,Budget
washing machine,LG WM3400C 27 Inch Wide 45 Cu Ft Energy Star Rated Front Loading Washer with 8 Wash Programs White Laundry Appliances Washing Machines Front Loading,794.01,794.01,4.3,,ferguson home,7,Unknown,,https://encrypted-tbn0.gstatic.com/shopping?q=tbn:ANd9GcT7Vi64L1BY_ptoF1V5RAjfX8QOkjI7QGkbw-FF5KkJV7NVSB4g84ZllA_ql50pxaimeiTI5AHk1vOwT1OgHu_z_v2JibA0C55d0gfev7c,API,LG,8,12.5,True,Mid Range
washing machine,Costway 26lbs Portable Semiautomatic Washing Machine WBuiltin Drain Pump Blue,189.99,189.99,5.0,1700,target,8,Free delivery by Wed,,https://encrypted-tbn3.gstatic.com/shopping?q=tbn:ANd9GcQ2HV9n0xElJhKSSshM28z2-DIohgZLPy1wzCoSv1YnhNR095B2UST9sZkL9kDlA305kc-_fMphZ_LVKE9Vs8Ji_uxwLZPytX2g9BF9GPu-wwKYPZl9ZHCB,API,Costway,1,100.0,True,Budget
washing machine,Whirlpool 16 cu ft Compact Top Load Washer,27.99,27.99,4.3,,rent-a-center,9,Free delivery,,https://encrypted-tbn0.gstatic.com/shopping?q=tbn:ANd9GcSb8iJg60VkNxkbkYOLpYFjoMzD13N9arbf0j7BNvC5rVYIqwmWvZWTqvcZqzDkyuU1TI52aB_tn2VcmpmACqDyIN2Dys1Ne19SPZTy4DW50U212K6SQe-W1Q,API,Whirlpool,8,12.5,True,Budget
washing machine,Samsung 46 Cu Ft Electric Top Load Washer,23.99,23.99,5.0,883,rent-a-center,10,Free delivery,,https://encrypted-tbn2.gstatic.com/shopping?q=tbn:ANd9GcTZVsUaaMCmAZlBuvDNVd6ibtVzZC_5VwxwXbTZqkOhxG7eUI_a5IygVdIt75hBouKZe6jG-0oLOXZ8sqdKFaL6fIAs5BY22oEeJ9vMowdJx8yyG1XeRXv1Zw,API,Samsung,1,100.0,True,Budget
washing machine,Zokop Home 176lbs Capacity Full Auto Washing Machine Spinner Dry,174.99,174.99,4.3,,ebay - gadgettown,11,Free delivery by Fri,,https://encrypted-tbn2.gstatic.com/shopping?q=tbn:ANd9GcTjhCtYPXsjMn6br4BpIcl-D2TMRjvqrLzq9yyJF32cdkoObzrbTaRrKu6AmLMp40o1gOAj10AwyiomvR2cpYkqjw3cXiYIFCtIP84xFXlr79Xma6zhINnOAQ,API,Zokop,8,12.5,True,Budget
washing machine,Samsung WA54CG7150AD 54 cu ft Top Load Washer Platinum Gray,798.0,798.0,4.3,,varouj,12,Free delivery,,https://encrypted-tbn2.gstatic.com/shopping?q=tbn:ANd9GcRKnLDpXeolcEo0llSDxhe7mP9A22Q_dDkRRCu4r2bM84jcZuqR_MGQM5go8tWaSYtoOsnUYPjvTijyfE2aHClrgWWzh4a6QjX5Ng_BGDfJGSQy93l0WwnHXQ,API,Samsung,8,12.5,True,Mid Range
washing machine,LG WM3400CW 45 Cu Ft Ultra Large Front Load Washer White,748.8,748.8,4.3,,kt appliance,13,Unknown,,https://encrypted-tbn0.gstatic.com/shopping?q=tbn:ANd9GcTct_w9OjHmTnjQOk0Yucf87iOTf9CApMd4pl4GuuUZzMkafa26VzHt5koZeb5DB4yZlnBw3ZyhsyRPKrNj7R41SsvEoY6ojRtQool8-HVas-nooa-0Ax3peA,API,LG,8,12.5,True,Mid Range
washing machine,LG 41 Cu Ft HighEfficiency Top Load Washer with TurboDrum Technology White,39.0,39.0,4.3,,ohiofurnitureusa.com,14,Unknown,,https://encrypted-tbn1.gstatic.com/shopping?q=tbn:ANd9GcRf83pTpQd7MKdJXukcEC7k4TtYRrVFRCdT-xNrnYz-wP0ObqEnyc2u2TcOoQWgr1-ACmd-jZf0z0bRted0ei6tZL3IUI_mpbOKet2PZwRirq6Dk5NYBVIpVg,API,LG,8,12.5,True,Budget
washing machine,Maytag 45 Cu Ft HighEfficiency Stackable Front Load Washer with Steam and Fresh Spin White,39.0,39.0,4.3,,ohiofurnitureusa.com,15,Unknown,,https://encrypted-tbn1.gstatic.com/shopping?q=tbn:ANd9GcTmknzuP7KEQXj4P_oRDb1bYNCuXKHGoS8nfi8JfcUWg2mWZCubPT7pewdnmUDWoxd4Iv8itdX841hU0kD3xmuEMTfbNrGVTg,API,Maytag,8,12.5,True,Budget
washing machine,Zokop 156lbs Full Auto Washing Machine Washer Spindry Apartment 10,159.85,159.85,4.3,,ebay - yallstock,16,Free delivery by Fri,,https://encrypted-tbn2.gstatic.com/shopping?q=tbn:ANd9GcToJqGhBrpWB8rD7a6w6rUSA7S95Fiatao4dRhLGtB8nOJblw50Z38V7OwHtA7QO0pBJ7zlfPLkVC5cqXlUloT132A1HpA2Xs9Cz25IuBtV6pQbIMwznR6j,API,Zokop,8,12.5,True,Budget
washing machine,45 Cu Ft Ultra Large Front Load Washer,745.0,745.0,4.3,,southern appliances,17,Free delivery,,https://encrypted-tbn0.gstatic.com/shopping?q=tbn:ANd9GcSWQau0Uewgwyu3yW_Qn8zB6wA1jyhI4PJ97hBrxToTFB27wYLD955bwYgIKc6IQpE6_nzgzasrYxpsvhYDsgyRwxuMOTzqN9JDVEBino-396IC77KYcDTrxg,API,45,8,12.5,True,Mid Range
washing machine,LG 41 cu ft Top Load Washer in White with 4way Agitator NeveRust Drum SlamProof Glass Lid and True Balance wt6105cw,699.0,699.0,5.0,5700,stu's home improvement outlet,18,Unknown,,https://encrypted-tbn0.gstatic.com/shopping?q=tbn:ANd9GcRdDY3xZ5u5_XJ_NM54i6m5KbjkCrsjBwgfslSXmdcb5lOSgIyjGmXp2rtsqC6STtB0Yn0TKGsvoZpP3zVtvP8o9RHQ4kvPr0Ep9paxPOcUxU1WS9LUmQOO,API,LG,1,100.0,True,Mid Range
washing machine,GE 50 cu ft Smart Front Load Steam Washer with SmartDispense UltraFresh Vent System OdorBlock Sanitize Allergen ENERGY STAR,1349.99,1349.99,4.7,2400,appliance center | sleep shop,19,Unknown,,https://encrypted-tbn2.gstatic.com/shopping?q=tbn:ANd9GcRIpe2kK0Si6ALMgqEdlB1cR8npzQkfmJt4azKu2G75v0tbFKqLHsrQIGN1PKyHnhiF1FVZ8vt6MpHV8xKZ-I8TKqpTlE3q9QL1R0vaOn8,API,GE,4,25.0,True,Mid Range
washing machine,50 cu ft Mega Capacity Smart Front Load Washer with TurboWash 360 AI Sensing and Hybrid Electronic Controls with LCD Display,1166.0,1166.0,4.3,,valley oak home appliance center,20,Unknown,,https://encrypted-tbn1.gstatic.com/shopping?q=tbn:ANd9GcTnaXyqyRT1GqPQT5Vntir9-DbVgVhfjTNU5XC701gDrikptAU7XdCRsgtlfrd0FPt4IvAY2W-X-3ShpoU-SDLP2x5resjeuPDqi_Tlz48HJOpv9KFMugUgXQ,API,50,8,12.5,True,Mid Range
washing machine,50 cu ft Mega Capacity Smart Front Load Washer with TurboWash 360 AI Sensing and Hybrid Electronic Controls with LCD Display,1049.0,1049.0,4.3,,bill & rods appliances,21,Unknown,,https://encrypted-tbn1.gstatic.com/shopping?q=tbn:ANd9GcTnaXyqyRT1GqPQT5Vntir9-DbVgVhfjTNU5XC701gDrikptAU7XdCRsgtlfrd0FPt4IvAY2W-X-3ShpoU-SDLP2x5resjeuPDqi_Tlz48HJOpv9KFMugUgXQ,API,50,8,12.5,True,Mid Range
washing machine,50 cu ft Mega Capacity Smart Front Load Washer with TurboWash 360 AI Sensing and Hybrid Electronic Controls with LCD Display,1166.0,1166.0,4.3,,johnson's appliances & bedding,22,Unknown,,https://encrypted-tbn1.gstatic.com/shopping?q=tbn:ANd9GcTnaXyqyRT1GqPQT5Vntir9-DbVgVhfjTNU5XC701gDrikptAU7XdCRsgtlfrd0FPt4IvAY2W-X-3ShpoU-SDLP2x5resjeuPDqi_Tlz48HJOpv9KFMugUgXQ,API,50,8,12.5,True,Mid Range
washing machine,GE 40 Cu Ft HighEfficiency Top Load Washer with Water Level Control White,39.0,39.0,4.3,,ohiofurnitureusa.com,23,Unknown,,https://encrypted-tbn0.gstatic.com/shopping?q=tbn:ANd9GcQ_XZzFHtHD1qNb-VvNVvVhOXUq4dkOctyEpjPNNLmR7JzQnazQgZEyrfWGCf4Q8Kvr6e9GhdblDJKmtpyarJCLDXnQEX1S,API,GE,8,12.5,True,Budget
washing machine,50 cu ft Mega Capacity Smart Front Load Washer with TurboWash 360 AI Sensing and Hybrid Electronic Controls with LCD Display,1049.0,1049.0,4.3,,kelsey's appliance,24,Unknown,,https://encrypted-tbn3.gstatic.com/shopping?q=tbn:ANd9GcRC4xv1yTum2fcjJ-_dpu_Np1pNtopuiYr-4KW1ad2X4fVH5MMmTTMTge1WcH0MDKvwXKijPUOOPbiavVFQdZDCStJQ0WUpxOzfnSO7JESLeN2IqfgqnB4Xmw,API,50,8,12.5,True,Mid Range
washing machine,41 Cuft Top Load Washer With Agitator Slamproof Lid Monochrome Grey,949.0,949.0,4.3,,hd supply,25,Unknown,,https://encrypted-tbn0.gstatic.com/shopping?q=tbn:ANd9GcSMFLRMhnIlupZ4BGHTx7AYhMdOqdyKRbIuwt1Cxi6paeLwai5W4CY8PgcxvrcI4DKONTWy56cgg2aMtBTWkvajl2ArPagQR9Wo0uGeez4,API,41,8,12.5,True,Mid Range
washing machine,50 cu ft Mega Capacity Smart Front Load Washer with TurboWash 360 AI Sensing and Hybrid Electronic Controls with LCD Display,1050.95,1050.95,4.3,,albo appliance,26,Unknown,,https://encrypted-tbn3.gstatic.com/shopping?q=tbn:ANd9GcRC4xv1yTum2fcjJ-_dpu_Np1pNtopuiYr-4KW1ad2X4fVH5MMmTTMTge1WcH0MDKvwXKijPUOOPbiavVFQdZDCStJQ0WUpxOzfnSO7JESLeN2IqfgqnB4Xmw,API,50,8,12.5,True,Mid Range
washing machine,Hotpoint 40 cu ft Top Load Washer in White with Cold Plus and Water Level Control,17.99,17.99,4.3,,rent-a-center,27,Free delivery,,https://encrypted-tbn3.gstatic.com/shopping?q=tbn:ANd9GcQCr_z2YaYA8yr7YNTuaKbWYRnw_6KVCqH9meHswQB1FrwXkmNn1WfPZ4k0LP8aWjy4g_YIdoqJC3FCHRd48H4yj3crhdlwKhiEDXVJVsYa,API,Hotpoint,8,12.5,True,Budget
washing machine,LG WM3420CW 27 Ultra Capacity Front Load Washer with ColdWash 45 cu Ft White,769.0,769.0,2.7,1,us appliance,28,Unknown,,https://encrypted-tbn3.gstatic.com/shopping?q=tbn:ANd9GcQqS_vypbypCGnymHoLt4Tk19uvU6oULcV6Cp3qzK0flJDsVMl3rVCE3aEJIDYXIzJxez39MfYVRqqI1PwO_NEpsSLP9SEBYDVTPP8d0EwtPZerXagkyQNx,API,LG,24,4.166666666666666,False,Mid Range
washing machine,Costway 77 lbs Full Automatic Washing Machine with 8 Preset Programs 6 Water Levels White,189.99,189.99,4.3,,best buy,29,Unknown,,https://encrypted-tbn0.gstatic.com/shopping?q=tbn:ANd9GcS--3mnNqpMunIyhhLiU5jq8CHb5wMJFu10ZHg7PTCIhCEMS9gqQ1CbfMlTh0nHeRPg_gGihGdO0y8IbEKiZaveKGP-qXkTQm23W9gnOV-l8yUl12kJMyA5,API,Costway,8,12.5,True,Budget
washing machine,Costway 77 lbs Full Automatic Washing Machine with 8 Preset Programs 6 Water Levels Gray,189.99,189.99,4.3,,best buy,30,Unknown,,https://encrypted-tbn2.gstatic.com/shopping?q=tbn:ANd9GcTQPVooVQiBZSJ-APvfG-5awCh0igeU5rbklNv6SGXry2m0P5sqxt26vmn6xBtN-wif-vlnNyHXuSUpqo_b4ED9pAHQYB2SHulaYhCdU1cDxljCP0piPxpnEA,API,Costway,8,12.5,True,Budget
washing machine,Bosch WAJ2826BIN 8 kg 5 Star Fully Automatic Front,366.81,366.81,3.6,67,ysvara lifestyle,31,Free delivery,,https://encrypted-tbn3.gstatic.com/shopping?q=tbn:ANd9GcSy-Oo4lR7UkrDgO4qKcVnBlSZUYKL2S46fuvxR-usvANAVpMzdCpK5fJnn14teukyxwZrF1GVrG7_x4kRhhb94SeD0Wv6ZLQvr3D4tsNqTRk9MNozlvUat,API,Bosch,15,6.666666666666667,False,Mid Range
washing machine,Eaton Manual Transmission Main Shaft Washer 4303603,8.25,8.25,4.3,,wengers of myerstown,32,Unknown,,https://encrypted-tbn3.gstatic.com/shopping?q=tbn:ANd9GcRco_cvhjZM0BHYc-I8Qu1V5GrvijYyqxfzLJiKEA8tjzP2uuAfgP7N3COzBO7u0FzBc0ICkiLDfNJlBvJii71q-jE-l8TzG8CYeoli1YJ5lI4jeBJmO3fJrA,API,Eaton,8,12.5,True,Budget
washing machine,Costway 77 lbs Full Automatic Washing Machine with 8 Preset Programs 6 Water Levels Gray,227.69,227.69,4.3,,kohl's,33,Free delivery,,https://encrypted-tbn1.gstatic.com/shopping?q=tbn:ANd9GcRSWdkbku9cFHMtjqlJoGVSLWW9TDkjJK2_YSas8gvlGhtqauFvbNCdepMUZOOxQj_T84XCOoVY_C-ukhSNw5vlOOrkhXAyExTm7vl4wvIWqSlAWoGv7yX2-Q,API,Costway,8,12.5,True,Budget
washing machine,Haier 7 kg Fully Automatic Top Load Washing Machine,162.51,162.51,4.3,,ysvara lifestyle,34,Free delivery,,https://encrypted-tbn2.gstatic.com/shopping?q=tbn:ANd9GcRi4ZWuU2pdiGOfya8FOS_kHyFBdpRd2EsxQGe_RGor4Zua_fItAIK1VaVRefwYFFVCcDSVO_EdecHxgRkx2Qo4LHifS0FHUPdEhE9bxjz8I0N-5jgtSWbJSw,API,Haier,8,12.5,True,Budget
washing machine,Costway 993 lbs Full Automatic Washing Machine with 8 Preset Programs Compact Washer Gray,209.99,209.99,4.3,,best buy,35,Unknown,,https://encrypted-tbn0.gstatic.com/shopping?q=tbn:ANd9GcQs4HErDdpbwUKRJgKpSQeFMEIgRdvriCYw4WahDFsKpn0AIH5RLlSP4Q8YExrZ7mPJjHJEM-UKWPq9Ad_9kWJzF51H-9FQeARVGiXMG_sCSrUN74vGVsG1,API,Costway,8,12.5,True,Budget
washing machine,Samsung 8 kg Front Load Washing Machine,373.17,373.17,4.3,,ysvara lifestyle,36,Free delivery,,https://encrypted-tbn2.gstatic.com/shopping?q=tbn:ANd9GcSGWDpGsADtqVq43mSvLP9Kkxkd8_pm6Ic47aIoqC0xQzKh8MIfykYl1IHMpO8KF4LZLELoTmvK_9wTW6L3XdcR1g6n0ElHx8oDs-teIXzPAOfTWcIyI2pN,API,Samsung,8,12.5,True,Mid Range
washing machine,Costway 993 lbs Full Automatic Washing Machine with 8 Preset Programs Compact Washer White,209.99,209.99,4.3,,best buy,37,Unknown,,https://encrypted-tbn2.gstatic.com/shopping?q=tbn:ANd9GcSDdM63wDGhQ8CH5gk2q1rEDMGW45Wppdg1FIwffVt7VcrPwhQW2UhU2GNx-4q5CEOX3dDGcXXrpx2zeWpcw0XRtH6c324j4_FNcVm3YNS7kF6j8vib5TPE,API,Costway,8,12.5,True,Budget
washing machine,Costway 77 lbs Full Automatic Washing Machine with 8 Preset Programs 6 Water Levels White,189.99,189.99,4.3,,target,38,Free delivery,,https://encrypted-tbn0.gstatic.com/shopping?q=tbn:ANd9GcSrYFIGb0yaeUAJMAeFHvMhheXYwslRXuDsbs8mCi9sTFfz_955DNsI3nfzoAM9y21VJ6m6rPqlaLPp7cVqsoE9_GMO0vZ7E2AOIxaP1aCwzaQdyixiK5ROBw,API,Costway,8,12.5,True,Budget
washing machine,BLACKDECKER 09 Cu Ft Portable Washer,409.99,409.99,5.0,1200,stoneberry,39,Unknown,,https://encrypted-tbn2.gstatic.com/shopping?q=tbn:ANd9GcQc7bTZ6N1cHu4ytGovJIAUFmsh9mBMwL1tnqw3Z-Tymk_lZU5NdHKLDsa7K4A3MFD7i3CA5dgatf3fkobifRIZNzzDUui60J8lr1pfdhwuVEuBmmhZl0Z4,API,BLACKDECKER,1,100.0,True,Mid Range
washing machine,Costway 800W Electric 15 cuft Compact Drying Machine with Stainless,227.69,227.69,4.7,95,kohl's,40,Free delivery,,https://encrypted-tbn3.gstatic.com/shopping?q=tbn:ANd9GcRzExfUez632RYQqBOlyPE--exjrFLYtJTBWEZwj2oavWmZopRV8msTdP63rbzPJ6mqBryGuWvq1MIIf-KXHI05J9vRIlLIjIp6hPPrP1N3DZQtMN3OZMl2,API,Costway,4,25.0,True,Budget
washing machine,Mini Wash Machine Compact Twin Tub Top Load Washer Spin Dryer 13lbs Portable White Segawe,121.19,121.19,4.3,,ebay - 1soundandfury,4,Free delivery,,https://encrypted-tbn3.gstatic.com/shopping?q=tbn:ANd9GcSHeeIZN_lyEE1xbzXO9M3y_k2hfj5KA-3vsPZK5joTEZ5xUJdxaRRGdGn7Y-T_-HDyCAZFV2Myw1nq2r99JoAmalI1YS5p9Cuz9Dy2OHSp9EpCgIqixJ2L0Q,API,Mini,8,12.5,True,Budget
washing machine,GE 32 in 48 cu ft White Front Load Washing Machine with UltraFresh Vent System with OdorBlock and Sanitize with Oxi,112.46,112.46,5.0,20000,littlewoods,5,Free delivery by Wed,,https://encrypted-tbn2.gstatic.com/shopping?q=tbn:ANd9GcSrwmDtjYV1Y1crSo8RZmPw97eivG3Aa1NFRE5SjdOrVSvzsMboRFR1BvZMIgxJCvX0e3YynDMn8-0nFrHCfnxcP0DnNJ7Rez7Wj0tHwuhW,API,GE,1,100.0,True,Budget
washing machine,LG WM3400C 27 Inch Wide 45 Cu Ft Energy Star Rated Front Loading Washer with 8 Wash Programs White Laundry Appliances Washing Machines Front Loading,794.01,794.01,4.3,,ferguson home,6,Unknown,,https://encrypted-tbn0.gstatic.com/shopping?q=tbn:ANd9GcT7Vi64L1BY_ptoF1V5RAjfX8QOkjI7QGkbw-FF5KkJV7NVSB4g84ZllA_ql50pxaimeiTI5AHk1vOwT1OgHu_z_v2JibA0C55d0gfev7c,API,LG,8,12.5,True,Mid Range
washing machine,Costway 26lbs Portable Semiautomatic Washing Machine WBuiltin Drain Pump Blue,189.99,189.99,5.0,1700,target,7,Free delivery by Wed,,https://encrypted-tbn3.gstatic.com/shopping?q=tbn:ANd9GcQ2HV9n0xElJhKSSshM28z2-DIohgZLPy1wzCoSv1YnhNR095B2UST9sZkL9kDlA305kc-_fMphZ_LVKE9Vs8Ji_uxwLZPytX2g9BF9GPu-wwKYPZl9ZHCB,API,Costway,1,100.0,True,Budget
washing machine,Whirlpool 16 cu ft Compact Top Load Washer,27.99,27.99,4.3,,rent-a-center,8,Free delivery,,https://encrypted-tbn0.gstatic.com/shopping?q=tbn:ANd9GcSb8iJg60VkNxkbkYOLpYFjoMzD13N9arbf0j7BNvC5rVYIqwmWvZWTqvcZqzDkyuU1TI52aB_tn2VcmpmACqDyIN2Dys1Ne19SPZTy4DW50U212K6SQe-W1Q,API,Whirlpool,8,12.5,True,Budget
washing machine,Samsung 46 Cu Ft Electric Top Load Washer,23.99,23.99,5.0,883,rent-a-center,9,Free delivery,,https://encrypted-tbn2.gstatic.com/shopping?q=tbn:ANd9GcTZVsUaaMCmAZlBuvDNVd6ibtVzZC_5VwxwXbTZqkOhxG7eUI_a5IygVdIt75hBouKZe6jG-0oLOXZ8sqdKFaL6fIAs5BY22oEeJ9vMowdJx8yyG1XeRXv1Zw,API,Samsung,1,100.0,True,Budget
washing machine,Samsung 47 Cu Ft HighEfficiency Smart Top Load Washer with Active WaterJet Black,39.0,39.0,4.3,,ohiofurnitureusa.com,10,Unknown,,https://encrypted-tbn3.gstatic.com/shopping?q=tbn:ANd9GcRb4xFVqWQCtBfIlWjE0YWyA_YgL16QLnMp3flGHQ2-5ffGU36P9ptH53ZUPeUoeHfQPB0s1557NSUf05bBJsof8YSdGlDStuKrsX-z4NBrcAXd1TYFJjCD,API,Samsung,8,12.5,True,Budget
washing machine,Samsung WA54CG7150AD 54 cu ft Top Load Washer Platinum Gray,798.0,798.0,4.3,,varouj,11,Free delivery,,https://encrypted-tbn2.gstatic.com/shopping?q=tbn:ANd9GcRKnLDpXeolcEo0llSDxhe7mP9A22Q_dDkRRCu4r2bM84jcZuqR_MGQM5go8tWaSYtoOsnUYPjvTijyfE2aHClrgWWzh4a6QjX5Ng_BGDfJGSQy93l0WwnHXQ,API,Samsung,8,12.5,True,Mid Range
washing machine,Zokop Home 176lbs Capacity Full Auto Washing Machine Spinner Dry,174.99,174.99,4.3,,ebay - gadgettown,12,Free delivery by Fri,,https://encrypted-tbn2.gstatic.com/shopping?q=tbn:ANd9GcTjhCtYPXsjMn6br4BpIcl-D2TMRjvqrLzq9yyJF32cdkoObzrbTaRrKu6AmLMp40o1gOAj10AwyiomvR2cpYkqjw3cXiYIFCtIP84xFXlr79Xma6zhINnOAQ,API,Zokop,8,12.5,True,Budget
washing machine,Zokop 156lbs Full Auto Washing Machine Washer Spindry Apartment 10,159.85,159.85,4.3,,ebay - yallstock,13,Free delivery by Fri,,https://encrypted-tbn2.gstatic.com/shopping?q=tbn:ANd9GcToJqGhBrpWB8rD7a6w6rUSA7S95Fiatao4dRhLGtB8nOJblw50Z38V7OwHtA7QO0pBJ7zlfPLkVC5cqXlUloT132A1HpA2Xs9Cz25IuBtV6pQbIMwznR6j,API,Zokop,8,12.5,True,Budget
washing machine,LG WM3400CW 45 Cu Ft Ultra Large Front Load Washer White,748.8,748.8,4.3,,kt appliance,14,Unknown,,https://encrypted-tbn0.gstatic.com/shopping?q=tbn:ANd9GcTct_w9OjHmTnjQOk0Yucf87iOTf9CApMd4pl4GuuUZzMkafa26VzHt5koZeb5DB4yZlnBw3ZyhsyRPKrNj7R41SsvEoY6ojRtQool8-HVas-nooa-0Ax3peA,API,LG,8,12.5,True,Mid Range
washing machine,LG 41 Cu Ft HighEfficiency Top Load Washer with TurboDrum Technology White,39.0,39.0,4.3,,ohiofurnitureusa.com,15,Unknown,,https://encrypted-tbn1.gstatic.com/shopping?q=tbn:ANd9GcRf83pTpQd7MKdJXukcEC7k4TtYRrVFRCdT-xNrnYz-wP0ObqEnyc2u2TcOoQWgr1-ACmd-jZf0z0bRted0ei6tZL3IUI_mpbOKet2PZwRirq6Dk5NYBVIpVg,API,LG,8,12.5,True,Budget
washing machine,Maytag 45 Cu Ft HighEfficiency Stackable Front Load Washer with Steam and Fresh Spin White,39.0,39.0,4.3,,ohiofurnitureusa.com,16,Unknown,,https://encrypted-tbn1.gstatic.com/shopping?q=tbn:ANd9GcTmknzuP7KEQXj4P_oRDb1bYNCuXKHGoS8nfi8JfcUWg2mWZCubPT7pewdnmUDWoxd4Iv8itdX841hU0kD3xmuEMTfbNrGVTg,API,Maytag,8,12.5,True,Budget
washing machine,GE 48 Cu Ft White Smart Front Load Washer with UltraFresh Vent System,843.7,843.7,5.0,20000,wdc kitchen & bath,18,Unknown,,https://encrypted-tbn1.gstatic.com/shopping?q=tbn:ANd9GcTjDOI7hl7UF9SPDul8QbI8upIFxZgcuMx_6Zcb1GyTXiM1ryUgjWjFS5lxtTstbfZRaqEjK0nnRwxFC0VO8TddMYKi6cJtbLCaKCtYt7iS,API,GE,1,100.0,True,Mid Range
washing machine,LG 41 cu ft Top Load Washer in White with 4way Agitator NeveRust Drum SlamProof Glass Lid and True Balance wt6105cw,699.0,699.0,5.0,5700,stu's home improvement outlet,19,Unknown,,https://encrypted-tbn0.gstatic.com/shopping?q=tbn:ANd9GcRdDY3xZ5u5_XJ_NM54i6m5KbjkCrsjBwgfslSXmdcb5lOSgIyjGmXp2rtsqC6STtB0Yn0TKGsvoZpP3zVtvP8o9RHQ4kvPr0Ep9paxPOcUxU1WS9LUmQOO,API,LG,1,100.0,True,Mid Range
washing machine,50 cu ft Mega Capacity Smart Front Load Washer with TurboWash 360 AI Sensing and Hybrid Electronic Controls with LCD Display,1050.95,1050.95,4.3,,albo appliance,24,Unknown,,https://encrypted-tbn3.gstatic.com/shopping?q=tbn:ANd9GcRC4xv1yTum2fcjJ-_dpu_Np1pNtopuiYr-4KW1ad2X4fVH5MMmTTMTge1WcH0MDKvwXKijPUOOPbiavVFQdZDCStJQ0WUpxOzfnSO7JESLeN2IqfgqnB4Xmw,API,50,8,12.5,True,Mid Range
washing machine,GE 50 cu ft Smart Front Load Steam Washer with SmartDispense UltraFresh Vent System OdorBlock Sanitize Allergen ENERGY STAR,1349.99,1349.99,4.7,2400,appliance center | sleep shop,25,Unknown,,https://encrypted-tbn2.gstatic.com/shopping?q=tbn:ANd9GcRIpe2kK0Si6ALMgqEdlB1cR8npzQkfmJt4azKu2G75v0tbFKqLHsrQIGN1PKyHnhiF1FVZ8vt6MpHV8xKZ-I8TKqpTlE3q9QL1R0vaOn8,API,GE,4,25.0,True,Mid Range
washing machine,Hotpoint 40 cu ft Top Load Washer in White with Cold Plus and Water Level Control,17.99,17.99,4.3,,rent-a-center,26,Free delivery,,https://encrypted-tbn3.gstatic.com/shopping?q=tbn:ANd9GcQCr_z2YaYA8yr7YNTuaKbWYRnw_6KVCqH9meHswQB1FrwXkmNn1WfPZ4k0LP8aWjy4g_YIdoqJC3FCHRd48H4yj3crhdlwKhiEDXVJVsYa,API,Hotpoint,8,12.5,True,Budget
washing machine,41 Cuft Top Load Washer With Agitator Slamproof Lid Monochrome Grey,949.0,949.0,4.3,,hd supply,27,Unknown,,https://encrypted-tbn0.gstatic.com/shopping?q=tbn:ANd9GcSMFLRMhnIlupZ4BGHTx7AYhMdOqdyKRbIuwt1Cxi6paeLwai5W4CY8PgcxvrcI4DKONTWy56cgg2aMtBTWkvajl2ArPagQR9Wo0uGeez4,API,41,8,12.5,True,Mid Range
washing machine,Costway 77 lbs Full Automatic Washing Machine with 8 Preset Programs 6 Water Levels Gray,189.99,189.99,4.3,,best buy,29,Unknown,,https://encrypted-tbn2.gstatic.com/shopping?q=tbn:ANd9GcTQPVooVQiBZSJ-APvfG-5awCh0igeU5rbklNv6SGXry2m0P5sqxt26vmn6xBtN-wif-vlnNyHXuSUpqo_b4ED9pAHQYB2SHulaYhCdU1cDxljCP0piPxpnEA,API,Costway,8,12.5,True,Budget
washing machine,Bosch WAJ2826BIN 8 kg 5 Star Fully Automatic Front,366.81,366.81,3.6,67,ysvara lifestyle,30,Free delivery,,https://encrypted-tbn3.gstatic.com/shopping?q=tbn:ANd9GcSy-Oo4lR7UkrDgO4qKcVnBlSZUYKL2S46fuvxR-usvANAVpMzdCpK5fJnn14teukyxwZrF1GVrG7_x4kRhhb94SeD0Wv6ZLQvr3D4tsNqTRk9MNozlvUat,API,Bosch,15,6.666666666666667,False,Mid Range
washing machine,Bosch 8 kg 5 Star Front Load FullyAutomatic Washing Machine AI ActiveWater15 Wash Programs Removes 999 Germs with Steam No Tangle or Wrinkle,375.15,375.15,1.9,1,ysvara lifestyle,31,Free delivery,,https://encrypted-tbn0.gstatic.com/shopping?q=tbn:ANd9GcQl8IZDkkD61C8SmiDle3cDsQSiO0zK2-e4em-URiYNoNxDEZUeP8-bjgzqRlkGF8W-qc0j579MjRCNcyzWCHAmly4xuzW-XHaBxvMOIplCBooSgQAZx3h7,API,Bosch,31,3.225806451612903,False,Mid Range
washing machine,Costway 993 lbs Full Automatic Washing Machine with 8 Preset Programs Compact Washer Gray,209.99,209.99,4.3,,best buy,34,Unknown,,https://encrypted-tbn0.gstatic.com/shopping?q=tbn:ANd9GcQs4HErDdpbwUKRJgKpSQeFMEIgRdvriCYw4WahDFsKpn0AIH5RLlSP4Q8YExrZ7mPJjHJEM-UKWPq9Ad_9kWJzF51H-9FQeARVGiXMG_sCSrUN74vGVsG1,API,Costway,8,12.5,True,Budget
washing machine,Haier 7 kg Fully Automatic Top Load Washing Machine,162.51,162.51,4.3,,ysvara lifestyle,35,Free delivery,,https://encrypted-tbn2.gstatic.com/shopping?q=tbn:ANd9GcRi4ZWuU2pdiGOfya8FOS_kHyFBdpRd2EsxQGe_RGor4Zua_fItAIK1VaVRefwYFFVCcDSVO_EdecHxgRkx2Qo4LHifS0FHUPdEhE9bxjz8I0N-5jgtSWbJSw,API,Haier,8,12.5,True,Budget
microwave,Restored Panasonic Nncd65ns HomeMADE 13 Cubic Ft Countertop Microwave 1200w MultiOven Refurbished Silver,199.99,199.99,4.2,,walmart - verdi,1,Free delivery,,https://encrypted-tbn0.gstatic.com/shopping?q=tbn:ANd9GcSLxUOU36uCObFiqhdlr_WJiYh0uhp95eneZLsJCWn-gvyZuh4MU3s-cmq2_nuUoCPwx26pEntq6H4t0p1i2-o0CKhHdrGfXBEUq6LG2FZU,API,Restored,9,11.11111111111111,True,Budget
microwave,Panasonic 13 Cu Ft Homemade Countertop Microwave Nncd65ns,193.9,193.9,4.2,,ebay - retail_king,2,Free delivery by Fri,,https://encrypted-tbn2.gstatic.com/shopping?q=tbn:ANd9GcQCcNj1Mq-neJnb1fxZNOAGNxWNPIL_yRnD_VdFxYvFKvV2J1bwH6l1vkUPuS8GesR88_Cb1Oz8nDvzKLhnxQ8q8XwxZVlVBW5EIfYtrYCPpSnbXM5JLUQd6Q,API,Panasonic,9,11.11111111111111,True,Budget
microwave,Frigidaire FMOS1746BS 17 Cu Ft OverTheRange MicrowaveFMOS1746BS Art Noey Appliance,399.0,399.0,4.2,,art noey appliance,3,Unknown,,https://encrypted-tbn1.gstatic.com/shopping?q=tbn:ANd9GcR0jDW56WzgWH_pvoNf4OHEGKVReDrbzrKA_mmhNI7Vr1JAn1vtSqUpqsxae5JOI4NZRkCtHfamoSWqH3c32o8TuVmMK0fslRxl8syO_J1Wg_hmXFRERTSAeg,API,Frigidaire,9,11.11111111111111,True,Mid Range
microwave,Black Decker Black And Decker Microwave Home Color Black,100.0,100.0,5.0,1,mercari,4,Unknown,,https://encrypted-tbn0.gstatic.com/shopping?q=tbn:ANd9GcQBxWxTzpgiWbGEcrt5gFDBc_2-BDD9zoRP0kd4QeWsj5Pb75kwhm1GRcCu29S9bKo2k9dKhG_wi1Vuc8SpfVUMoClpECpoU8l8O4PT9TE,API,Black,1,100.0,True,Budget
microwave,Microwave Oven,120.0,120.0,2.9,485,ebay,5,Unknown,,https://encrypted-tbn1.gstatic.com/shopping?q=tbn:ANd9GcQicgQW4Kmpad_o5HHp7Yr_b-Ha6-nvesXcft5OYRdt_-XcATv9VOPg-2_qMBIIQ-e9EUG6LU14tBGgaOeVHF6kWWCFPuaW-UHDSKPz6lZDuvW9Ptpf5l_XPQ,API,Microwave,22,4.545454545454546,False,Budget
microwave,Mainstays Msf0b100072352 7 Cu Ft Countertop Microwave Oven 700 Watts,75.0,75.0,4.0,16000,ebay,6,Unknown,,https://encrypted-tbn0.gstatic.com/shopping?q=tbn:ANd9GcSOdNhmeBeFIWFnyvkmaL7O-io2WJRTCTKGi4g29yzuTst6jsl7CRMgsrXw4oYER_6WcdyA-6D-5KUlZoyJylK9wTo6GON5-JVuhfud3a-lJN1W7bE5HSly,API,Mainstays,11,9.090909090909092,False,Budget
microwave,Nostalgia Retro 07 Cu ft Countertop Microwave Oven,89.99,89.99,5.0,1200,best buy,7,Unknown,,https://encrypted-tbn3.gstatic.com/shopping?q=tbn:ANd9GcQbpAC1Zn3gnEI0o4yIrowCV6nyHQhZ-v6_gP0-dXNmzHKXPh5RRjaNEtIJY3TFEuDadrKsEbnv_-RCtME60negxQK9e_FcKEZiUOakYU7fEiSq6isHr-bhhQ,API,Nostalgia,1,100.0,True,Budget
microwave,Costway 07Cu ft Retro Countertop Microwave Oven 700W LED Display Glass Turntable Green onesize CSHY005007,91.98,91.98,3.1,294,lowe's,8,Free delivery by Thu,,https://encrypted-tbn0.gstatic.com/shopping?q=tbn:ANd9GcT13yx6mcXBOnNweSW1OwE_saP0b7fhp51t1dDJ3EBWldEgNxHBtk3ALrpaEt2U7wezI-V40sZIMivmMVWYp8Q1G_6UOqZAGZnbsB9egi-exZZKIbY7yqGqEg,API,Costway,20,5.0,False,Budget
microwave,Mainstays 07 Cu ft Countertop Microwave Oven 700 Watts Black,53.99,53.99,5.0,16000,ebay,9,Free delivery,,https://encrypted-tbn0.gstatic.com/shopping?q=tbn:ANd9GcT1pbfvAK0nquSdJc1WCUk4kOUkq3AOXBczaWM6OibjFsCQDMjzAdf8qxwJvEruHW8Pxkk_Zn6jaSU2uEloVVf8Zv-6K76NtxEe5TsweKWx,API,Mainstays,1,100.0,True,Budget
microwave,Costway 09Cu ft Retro Countertop Compact Microwave Oven 900W 8 Cooking Settings Green onesize CSHY005018,127.99,127.99,4.1,366,lowe's,10,Free delivery by Thu,,https://encrypted-tbn1.gstatic.com/shopping?q=tbn:ANd9GcT5zCHy6kzgiqzdnyEAfPCPgypG7-0-PrxBBBQNetv47fztjMiNwjdvjSwqudki3Fe5SXdO2WdrDJ8aQPOBBiMAgJ1lpeJUMgo-yp13KRE,API,Costway,10,10.0,True,Budget
microwave,Costway 07 Cuft Retro Countertop Microwave Oven 700W LED Display Glass Turntable Green,107.99,107.99,4.5,396,target,11,Free delivery,,https://encrypted-tbn0.gstatic.com/shopping?q=tbn:ANd9GcTeRm-BCovEmsdrkQDWE2YpOL-mpedalbZMAAdNjMvQyvAePjEamJRPjfaJc681KjajNLcQUW6OpPiyS2SfLg9a2yF4AetuEzFmv3_p7ZgmcqyXlqpbIWH2SA,API,Costway,6,16.666666666666664,True,Budget
microwave,Nostalgia Electrics 07 cu ft Red Countertop Microwave Oven 50s Style Retrowave RMO770RED 5011000 W Countertop 07 cu ft,97.0,97.0,3.7,1300,ebay,12,Unknown,,https://encrypted-tbn3.gstatic.com/shopping?q=tbn:ANd9GcSW05JlWB92VPCNIdCqcglfoazgtZtnaIG2TzO_i4qWH8SA9Z53KVjGG4Yd4z_Ou9N7KC1J2pbx2FoAqQKgbGe-2QPsKdrEEKgk6VhQjLNqtQ_JnRqXXMbblQ,API,Nostalgia,14,7.142857142857142,False,Budget
microwave,Retro Countertop Microwave Oven Microwave OvenGreen,114.99,114.99,5.0,316,untilgone.com,13,Free delivery,,https://encrypted-tbn1.gstatic.com/shopping?q=tbn:ANd9GcRrZWjja5VwU4Kam7g6bHYtYvV6aKkMg-_DLE1Gs2EtOTJPRmTBw7W5g1GyJvDgE_8_ePjQpUkfUkpBEnMA8aMBMQjdlcz-Emg5jAGKwF9qej1OsUmpJs-Q,API,Retro,1,100.0,True,Budget
microwave,Black Decker Microwave New Home,68.0,68.0,4.8,1,mercari,14,Unknown,,https://encrypted-tbn3.gstatic.com/shopping?q=tbn:ANd9GcS01Z_8ckCUwRCLN-b6XpqZ_tgg5oCpch-DDCgGaAz7dAvNRb27ksD1pKJivFBUv4ml4yIbxaQEU1ZqBaScJpAyD-8zNHSlnmskWok4H4c,API,Black,3,33.33333333333333,True,Budget
microwave,Mainstays 07 Cu Ft Countertop Microwave Oven 700 Watts All Color,48.99,48.99,3.2,16000,ebay - bas-199909,15,Unknown,,https://encrypted-tbn0.gstatic.com/shopping?q=tbn:ANd9GcRgXPbIbO_M2he28tL7LqvPfEPOG8Wuk2nlZNdKHTEIwph-vdmPrDhq9178miYeuWByC4oaLniIFALMDYHDXbqKveRdIigP2feaFFqje3pAKtasyRIbsfxKjA,API,Mainstays,19,5.263157894736842,False,Budget
microwave,GE 17 Cu ft Over The Range Sensor Microwave,399.95,399.95,4.2,20000,schewel furniture company,16,Unknown,,https://encrypted-tbn1.gstatic.com/shopping?q=tbn:ANd9GcTvijD42fcRGkdvJIpK2pcRyfPbX8EkUrzQbVWTxs0-P_5P_O6yTNRV5Toq4vKSXs9n_zANboRYupizN7Jt_6xVKT3yfPiJ9Qz5F7uERMA,API,GE,9,11.11111111111111,True,Mid Range
microwave,Ge 30 Overtherange Microwave 16 Cu Ft 1000 Watts 300 Cfm Hood,229.23,229.23,5.0,62000,ebay - dazzlepassw,17,Free delivery,,https://encrypted-tbn0.gstatic.com/shopping?q=tbn:ANd9GcSVBudxFoV84hwtkIUuQUW11zsdQo48tARE778mbW-egWEg4eSUi1HgdVHtW3YyX3cpff1QJ7orOtWc15F01PhAUlT6VGQRyTlg104YOKPw,API,Ge,1,100.0,True,Budget
microwave,Costway 09Cuft Retro Countertop Compact Microwave Oven 900W 8 Cooking Settings White,125.99,125.99,3.5,322,target,18,Free delivery by Wed,,https://encrypted-tbn2.gstatic.com/shopping?q=tbn:ANd9GcRad7IiQLsPi_3zE3_n3W37Qy2XWzztqcxbU-ENbgyeS3HUALh4ofZXhrP4-WEypXympS8EJ0dwT3_CMsWm3es9lvlyRoOHIw-nMVaRil7u,API,Costway,16,6.25,False,Budget
microwave,Retro Countertop Microwave Oven Microwave OvenOffWhite,119.99,119.99,5.0,354,untilgone.com,19,Free delivery,,https://encrypted-tbn1.gstatic.com/shopping?q=tbn:ANd9GcRxglO6VToWEDKDq26tf3-KXSY6QsGZHAd-EIIiUTlwk9FQqqNklSba25X6E8KiZfeJx57sIwfDJgBY6T1mxS8QmNJCwkCRBD5JVMUB6QwPfwhA6LYhceIV,API,Retro,1,100.0,True,Budget
microwave,Hamilton Beach 11 Cu ft Microwave Oven,92.37,92.37,2.7,10000,littlewoods.com,20,Free delivery by Thu,,https://encrypted-tbn1.gstatic.com/shopping?q=tbn:ANd9GcT6Fnp-jzH3BRHJ6KpK-O5n68_PtqfQMkBK0VvMBMWQdYj1BMTo2-JJtuPgD488qiZ0LFvVf_qs7oagp_yeIhgpyZxsgBLhKAHhmYhl0MmiKVcI9ebQFXvo,API,Hamilton,24,4.166666666666666,False,Budget
microwave,Retro Countertop Microwave Oven Microwave OvenPink,129.99,129.99,5.0,369,untilgone.com,21,Free delivery,,https://encrypted-tbn2.gstatic.com/shopping?q=tbn:ANd9GcRtKX0KlrP0rDE0_VJPxvYgUuTpf3RjcWu6rYOK2o21V2TjfldrjgzWaOKq7Xu8Yjj8ddf1qINfkXkjn8i-tgWnvESEK_H3-io62c2HyA7Jg1zEpA1G1wCJqg,API,Retro,1,100.0,True,Budget
microwave,Nostalgia Retro Microwave College Approved Home Color Pink,98.6,98.6,3.7,1300,mercari,22,Unknown,,https://encrypted-tbn3.gstatic.com/shopping?q=tbn:ANd9GcTqlGDG2pXHnH4s_SfoQiR_aQpSkCJgGVN-JVY-DJ89_-iUfHtZpVaTbSIvEIcyJE_TUP7WqTQQ_O5V7KqsD3qpSOYg1Y2BjmVj5fR0XBY,API,Nostalgia,14,7.142857142857142,False,Budget
microwave,Hamilton Beach 11 Cu ft Microwave Oven,32.2,32.2,2.7,10000,trending deals,23,Free delivery,,https://encrypted-tbn1.gstatic.com/shopping?q=tbn:ANd9GcT6Fnp-jzH3BRHJ6KpK-O5n68_PtqfQMkBK0VvMBMWQdYj1BMTo2-JJtuPgD488qiZ0LFvVf_qs7oagp_yeIhgpyZxsgBLhKAHhmYhl0MmiKVcI9ebQFXvo,API,Hamilton,24,4.166666666666666,False,Budget
microwave,Costway 07 Cuft Retro Countertop Microwave Oven 700W LED Display Glass Turntable Pink,119.99,119.99,3.0,413,best buy,24,Unknown,,https://encrypted-tbn2.gstatic.com/shopping?q=tbn:ANd9GcTNqMNzKrsSvR6kUZg5MSNbwJXBKLIq_Gz2oWZ5NtN_5MhLM_BhSNyfT0g5U44NczFd6cj6m_5hOek7fc99iskeGvO4WdRlesYTC__dBgrXvSc3JEa6sU4UlA,API,Costway,21,4.761904761904762,False,Budget
microwave,Retro Countertop Microwave Oven Microwave OvenPink,129.99,129.99,5.0,369,dailysteals,25,Free delivery,,https://encrypted-tbn2.gstatic.com/shopping?q=tbn:ANd9GcRtKX0KlrP0rDE0_VJPxvYgUuTpf3RjcWu6rYOK2o21V2TjfldrjgzWaOKq7Xu8Yjj8ddf1qINfkXkjn8i-tgWnvESEK_H3-io62c2HyA7Jg1zEpA1G1wCJqg,API,Retro,1,100.0,True,Budget
microwave,Black Decker BLACKDECKER 09 Cu Ft 900W Microwave Oven Stainless Steel New Home Color Grey Size l,95.0,95.0,5.0,49,mercari,26,Unknown,,https://encrypted-tbn2.gstatic.com/shopping?q=tbn:ANd9GcReu3uSfXhrEz4iJjgAHIQhx6CU6bNJ3ctrxaCr7vRD_vIsSZes6C-1maZqbny_zGP33rD9Ub5clnEiLh62WXL9mVqD1wZYFIzT2kT2zu8,API,Black,1,100.0,True,Budget
microwave,Costway 09Cuft Retro Countertop Compact Microwave Oven 900W 8 Cooking Settings Green,125.99,125.99,4.3,313,target,27,Free delivery by Wed,,https://encrypted-tbn3.gstatic.com/shopping?q=tbn:ANd9GcS2_Drt2nmQjNNa4fnjHjNbHCw4kyc4WZmjo1YCM6zG_5pBg1fmxj52wc1g1RG5m6OgLCde0RQeda_pzGGwjiwCqONgYBnPj9anA--3Jzs,API,Costway,8,12.5,True,Budget
microwave,Retro Countertop Microwave Oven Microwave OvenOffWhite,119.99,119.99,5.0,354,dailysteals,28,Free delivery,,https://encrypted-tbn1.gstatic.com/shopping?q=tbn:ANd9GcRxglO6VToWEDKDq26tf3-KXSY6QsGZHAd-EIIiUTlwk9FQqqNklSba25X6E8KiZfeJx57sIwfDJgBY6T1mxS8QmNJCwkCRBD5JVMUB6QwPfwhA6LYhceIV,API,Retro,1,100.0,True,Budget
microwave,Retro Countertop Microwave Oven Microwave OvenPink,129.99,129.99,5.0,369,pickyourplum,29,Free delivery,,https://encrypted-tbn2.gstatic.com/shopping?q=tbn:ANd9GcRtKX0KlrP0rDE0_VJPxvYgUuTpf3RjcWu6rYOK2o21V2TjfldrjgzWaOKq7Xu8Yjj8ddf1qINfkXkjn8i-tgWnvESEK_H3-io62c2HyA7Jg1zEpA1G1wCJqg,API,Retro,1,100.0,True,Budget
microwave,Costway 07 Cuft Retro Countertop Microwave Oven 700W LED Display Glass Turntable OffWhite,109.99,109.99,3.4,257,best buy,30,Unknown,,https://encrypted-tbn1.gstatic.com/shopping?q=tbn:ANd9GcTmW5HAkKS3hITVWxtntYPmJu_zRFKh1z4sSgTso4bQOqBR5dMX0DvUuX48yOazPpmrXoDgLcfiKC8ttPNJ1XxfFtx7QYCH7T5VkIJlgCWl_twjSHEqlww0,API,Costway,17,5.88235294117647,False,Budget
microwave,Retro Countertop Microwave Oven Microwave OvenOffWhite,119.99,119.99,5.0,354,pickyourplum,31,Free delivery,,https://encrypted-tbn1.gstatic.com/shopping?q=tbn:ANd9GcRxglO6VToWEDKDq26tf3-KXSY6QsGZHAd-EIIiUTlwk9FQqqNklSba25X6E8KiZfeJx57sIwfDJgBY6T1mxS8QmNJCwkCRBD5JVMUB6QwPfwhA6LYhceIV,API,Retro,1,100.0,True,Budget
microwave,Costway 07 Cuft Retro Countertop Microwave Oven 700W LED Display Glass Turntable Pink,119.99,119.99,4.3,380,target,32,Free delivery,,https://encrypted-tbn2.gstatic.com/shopping?q=tbn:ANd9GcTK_5L-SDukOOloCNkWJe_WiQ6Lp3ihESaYZHz6eLme4UsVFL85aI0Ofgj0TXRXUr163YsfbEywFzCCSOEsMi4D-lNPHe0UH_13a_hQljEahPmmX0GEoPs4,API,Costway,8,12.5,True,Budget
microwave,Costway 07 Cuft Retro Countertop Microwave Oven 700W LED Display Glass Turntable Red,104.99,104.99,3.4,301,target,33,Free delivery,,https://encrypted-tbn3.gstatic.com/shopping?q=tbn:ANd9GcQ0Pkr64brHNUBx756NTLfgIoVpX0D40ie3oopbTtXVdGAty6Cowc3DdOmEahZlfoA4acX2THrc9H5tRCH6V1IgsEh7Dby8dBRmTTq7taZIykDrFToS-iDMLw,API,Costway,17,5.88235294117647,False,Budget
microwave,Costway 07 Cuft Retro Countertop Microwave Oven 700W LED Display Glass Turntable Red,104.99,104.99,2.7,394,best buy,34,Unknown,,https://encrypted-tbn3.gstatic.com/shopping?q=tbn:ANd9GcT6tchR7TfmbkJ29iQsRDlxqt-7Ipwmt5ZpqO0KMmZUilIreglh7oQ-USuSz34mjQRNQSuHdg4Z7s7EdHtvugTyc04U00RJjV-t65iReZXAbGyITPB9tolaKg,API,Costway,24,4.166666666666666,False,Budget
microwave,GE 11 Cu Ft Capacity Countertop Microwave Oven New Home,119.99,119.99,5.0,1200,mercari,35,Unknown,,https://encrypted-tbn3.gstatic.com/shopping?q=tbn:ANd9GcRAKl5YJJlUtLACJNG7s5ykZtLDiFC_X68TPkGd75veO7m92k2taRxmK3lxFuKTIrrJxwQD2uDKDo0lD8QSJLWqEnUKqiDXJn5iM2Od3-w,API,GE,1,100.0,True,Budget
microwave,GE JVM3160 30 Inch Wide 16 Cu Ft 1000 Watt Over the Range Microwave with TwoSpeed 300 CFM Venting System and Auto and Time Defrost Stainless Steel,379.0,379.0,3.1,62000,ferguson home,36,Unknown,,https://encrypted-tbn0.gstatic.com/shopping?q=tbn:ANd9GcTD_f9i2R12iBX_LTcs0NZq7r79ppJkJG-NnUWmO06phwMCkah5IdwTAe28LxhgmhtHL6dBkYLwBL5UMyKu1Vd5wuShZLTRQpRDIFiSQlhAoyEcd2Y5lI-o,API,GE,20,5.0,False,Mid Range
microwave,Whirlpool 19 Cu ft Over the Range Microwave,250.0,250.0,5.0,1100,simon's,37,Unknown,,https://encrypted-tbn2.gstatic.com/shopping?q=tbn:ANd9GcStnpQiySiJHnX4qOXBq7AzqlhU8apd8C9LEORjBTcX8_Qy1ORqi6rFL5MApzgElwB-90hkHamARaYnx9g1jnJQPCgSCME9_P5qEOvQQxZY9u6DUD-iCvDM,API,Whirlpool,1,100.0,True,Budget
microwave,Hamilton Beach 09 Cu ft Microwave Oven,73.61,73.61,1.0,1,tiktok shop,38,Free delivery by Thu,,https://encrypted-tbn1.gstatic.com/shopping?q=tbn:ANd9GcTXrNgRcHka--YoJZhULzI7vADQsUNDN9SVjpKRmhTT43GXh5-jgrTEr1djM1fsiMd0WEk7MrlK0e8dNZtbdMaUv9io6WWsSdXOVEA-ipguNnTlD8C1thQu5Q,API,Hamilton,37,2.7027027027027026,False,Budget
microwave,LG Ms 23 Necbw 1000w,238.9,238.9,5.0,175,grooves-inc.com,39,Unknown,,https://encrypted-tbn3.gstatic.com/shopping?q=tbn:ANd9GcTmpiY7MpOlN1pGTwF5HNv1U8IBGlybKF4d8ojSE5TXuRttFdNMoazwntKLMnE6YyifNnCMVdvzUoBdRXpnNJjzOqVwCdg6aE98XFovvj4L8Bn_FJfM_XDn,API,LG,1,100.0,True,Budget
microwave,Nostalgia Retro 07 Cu ft Countertop Microwave Oven,89.99,89.99,5.0,1200,target,40,Free delivery,,https://encrypted-tbn3.gstatic.com/shopping?q=tbn:ANd9GcQbpAC1Zn3gnEI0o4yIrowCV6nyHQhZ-v6_gP0-dXNmzHKXPh5RRjaNEtIJY3TFEuDadrKsEbnv_-RCtME60negxQK9e_FcKEZiUOakYU7fEiSq6isHr-bhhQ,API,Nostalgia,1,100.0,True,Budget
microwave,09 Cu ft Countertop Microwave in Blue,79.0,79.0,5.0,599,walmart,1,Free delivery,,https://encrypted-tbn0.gstatic.com/shopping?q=tbn:ANd9GcRq2ZmXjYr7LOx8kRoa8qhtMb3JMfhgtQ-Kb-RxJdWiWoO4XM0UvMnQORNZFZb5w8dAz1Aasz8X1SBJrNBisIn83GHAih5Z55v6WJovg51ryt5N7JJwlJEN,API,09,1,100.0,True,Budget
microwave,Hamilton Beach Microwave Home Color Black,25.0,25.0,5.0,5700,mercari,2,Unknown,,https://encrypted-tbn0.gstatic.com/shopping?q=tbn:ANd9GcR2liqWETlHIO1XlNztnvLxWhtd_GUBTA7uS7mrLsThXaMXUmTH5JvjyUzJrHPfOR67buC3ATJP7q823LIKf-yH8d6N4l3zRlxvQFxJBzsR,API,Hamilton,1,100.0,True,Budget
microwave,Microwave Oven,120.0,120.0,2.9,485,ebay,3,Unknown,,https://encrypted-tbn1.gstatic.com/shopping?q=tbn:ANd9GcQicgQW4Kmpad_o5HHp7Yr_b-Ha6-nvesXcft5OYRdt_-XcATv9VOPg-2_qMBIIQ-e9EUG6LU14tBGgaOeVHF6kWWCFPuaW-UHDSKPz6lZDuvW9Ptpf5l_XPQ,API,Microwave,22,4.545454545454546,False,Budget
microwave,Mainstays Msf0b100072352 7 Cu Ft Countertop Microwave Oven 700 Watts,75.0,75.0,4.0,16000,ebay,4,Unknown,,https://encrypted-tbn0.gstatic.com/shopping?q=tbn:ANd9GcSOdNhmeBeFIWFnyvkmaL7O-io2WJRTCTKGi4g29yzuTst6jsl7CRMgsrXw4oYER_6WcdyA-6D-5KUlZoyJylK9wTo6GON5-JVuhfud3a-lJN1W7bE5HSly,API,Mainstays,11,9.090909090909092,False,Budget
microwave,Nostalgia Retro 07 Cu ft Countertop Microwave Oven,89.99,89.99,5.0,1300,best buy,5,Unknown,,https://encrypted-tbn2.gstatic.com/shopping?q=tbn:ANd9GcQGx_gcn909aMLpcLdMPaTiiszA74cEiVAec279GoGPBghviTBcXx7a6a7ATgF8U5e1jNSwUAVaHYABc_Lv_pleY8nm2naBHC6ukQTXftq2rDjiYI0OyjG1,API,Nostalgia,1,100.0,True,Budget
microwave,Costway 07Cu ft Retro Countertop Microwave Oven 700W LED Display Glass Turntable Green onesize CSHY005007,91.98,91.98,3.1,294,lowe's,6,Free delivery by Thu,,https://encrypted-tbn0.gstatic.com/shopping?q=tbn:ANd9GcT13yx6mcXBOnNweSW1OwE_saP0b7fhp51t1dDJ3EBWldEgNxHBtk3ALrpaEt2U7wezI-V40sZIMivmMVWYp8Q1G_6UOqZAGZnbsB9egi-exZZKIbY7yqGqEg,API,Costway,20,5.0,False,Budget
microwave,Mainstays 07 Cu ft Countertop Microwave Oven 700 Watts Black,53.99,53.99,5.0,16000,ebay,7,Free delivery,,https://encrypted-tbn0.gstatic.com/shopping?q=tbn:ANd9GcT1pbfvAK0nquSdJc1WCUk4kOUkq3AOXBczaWM6OibjFsCQDMjzAdf8qxwJvEruHW8Pxkk_Zn6jaSU2uEloVVf8Zv-6K76NtxEe5TsweKWx,API,Mainstays,1,100.0,True,Budget
microwave,Brama 16 Cu Ft Stainless BuiltIn Microwave WTrim Kit BRMWBI16S BRMWBI16S,149.99,149.99,4.2,,electronic express,8,Free delivery,,https://encrypted-tbn2.gstatic.com/shopping?q=tbn:ANd9GcSwJqi6YzLS07l7CSHYcW4SjvAtsg0UBSMbfs8vc8_932xO-3uWmck1tN1YfafUe1Ie3y2WN1E2ayp1-yMssYccJU1NH8iu1IKrqtQDxB10,API,Brama,9,11.11111111111111,True,Budget
microwave,Proctor Silex Microwave Home Color Black Size s,55.0,55.0,4.5,162,mercari,9,Unknown,,https://encrypted-tbn2.gstatic.com/shopping?q=tbn:ANd9GcRhPaMapXzHFQHE-HbpCWqAO-hmCq-CMymOzlR3ABBjCc_Nsvk4C5SH28Ap6OejVTpNfZarLYr-JTgQ7xVUh0OU6v3d7eQr18PXVen1fyHc,API,Proctor,6,16.666666666666664,True,Budget
microwave,Hamilton Beach Microwave Home Color Black Size s,18.0,18.0,5.0,5700,mercari,10,Unknown,,https://encrypted-tbn2.gstatic.com/shopping?q=tbn:ANd9GcRVSwS8KC1IuqXkwGjLwFBIZThVQPCpLgtMM2supQnUtusfb-cqeH7hDea15I_3I5whdLfusiATK05C3UjyBXz09rsQEWvEZ6Q-eGrLeDh8,API,Hamilton,1,100.0,True,Budget
microwave,Retro Countertop Microwave Oven Microwave OvenGreen,114.99,114.99,5.0,316,untilgone.com,12,Free delivery,,https://encrypted-tbn1.gstatic.com/shopping?q=tbn:ANd9GcRrZWjja5VwU4Kam7g6bHYtYvV6aKkMg-_DLE1Gs2EtOTJPRmTBw7W5g1GyJvDgE_8_ePjQpUkfUkpBEnMA8aMBMQjdlcz-Emg5jAGKwF9qej1OsUmpJs-Q,API,Retro,1,100.0,True,Budget
microwave,Mainstays 07 Cu Ft Countertop Microwave Oven 700 Watts All Color,48.99,48.99,3.2,16000,ebay - bas-199909,13,Unknown,,https://encrypted-tbn0.gstatic.com/shopping?q=tbn:ANd9GcRgXPbIbO_M2he28tL7LqvPfEPOG8Wuk2nlZNdKHTEIwph-vdmPrDhq9178miYeuWByC4oaLniIFALMDYHDXbqKveRdIigP2feaFFqje3pAKtasyRIbsfxKjA,API,Mainstays,19,5.263157894736842,False,Budget
microwave,GE 17 Cu ft Over The Range Sensor Microwave,399.95,399.95,4.2,20000,schewel furniture company,14,Unknown,,https://encrypted-tbn1.gstatic.com/shopping?q=tbn:ANd9GcTvijD42fcRGkdvJIpK2pcRyfPbX8EkUrzQbVWTxs0-P_5P_O6yTNRV5Toq4vKSXs9n_zANboRYupizN7Jt_6xVKT3yfPiJ9Qz5F7uERMA,API,GE,9,11.11111111111111,True,Mid Range
microwave,Refurbished Panasonic NNSN65QSD 12 Cu Ft 1250W Inverter Microwave Oven Manufacturer Refurbished,175.99,175.99,4.1,30,target,15,Free delivery,,https://encrypted-tbn0.gstatic.com/shopping?q=tbn:ANd9GcTcg9fxxKfK_VO4CXIRGym0ziaRLKyi2Y7cAGIbc_pLCgd90cvL_d8CLxNFgJQJZpDgN3QR1Nh13AIAulyh39091UbGDynlqdjYq6Pik0AJskQSxvZRphfo,API,Refurbished,10,10.0,True,Budget
microwave,19 CuFt 1000 Wattage OvertheRange Microwave in Stainless Steel,999.0,999.0,4.2,,brandsmart usa,16,Unknown,,https://encrypted-tbn2.gstatic.com/shopping?q=tbn:ANd9GcSZ5kwTVnC1JgB0km1yWMUAmt8LSsijW4y_7Oyzt0CCqW47I7zQ61PMfhnakJAeuy1CYH1ixJLWiSqiArOMP_ovvKLaUIcc6974jSxxndZC,API,19,9,11.11111111111111,True,Mid Range
microwave,Whirlpool 09 Cu ft Countertop Microwave,267.27,267.27,2.3,90,appliance mart,17,Unknown,,https://encrypted-tbn2.gstatic.com/shopping?q=tbn:ANd9GcRbiZyh9WZ7Ps3k6DlFL5wDVNkLYG4JCtb5i22HzSDnRLTjddOKuLgrWzLR61eQQn2-MxBdS20KHnizUM8On19HUSawVnY4wkr677q8ZNJceNfeCsZffuAOrw,API,Whirlpool,28,3.571428571428571,False,Budget
microwave,Retro Countertop Microwave Oven Microwave OvenOffWhite,119.99,119.99,5.0,354,untilgone.com,18,Free delivery,,https://encrypted-tbn1.gstatic.com/shopping?q=tbn:ANd9GcRxglO6VToWEDKDq26tf3-KXSY6QsGZHAd-EIIiUTlwk9FQqqNklSba25X6E8KiZfeJx57sIwfDJgBY6T1mxS8QmNJCwkCRBD5JVMUB6QwPfwhA6LYhceIV,API,Retro,1,100.0,True,Budget
microwave,Hamilton Beach 11 Cu ft Microwave Oven,92.37,92.37,5.0,10000,littlewoods.com,19,Free delivery by Thu,,https://encrypted-tbn3.gstatic.com/shopping?q=tbn:ANd9GcSDbHLxKhFGCzMF_HzdOxDv6a4aW9LbyRJtpH6mBCXEcdfw26CfafIru1nnb5v6Vp7vzU1qtx-2a-xYUPNPQC0vG-GfQrsOvkLKn32fymG0TegUQrc6vyHx,API,Hamilton,1,100.0,True,Budget
microwave,Retro Countertop Microwave Oven Microwave OvenPink,129.99,129.99,5.0,369,untilgone.com,20,Free delivery,,https://encrypted-tbn2.gstatic.com/shopping?q=tbn:ANd9GcRtKX0KlrP0rDE0_VJPxvYgUuTpf3RjcWu6rYOK2o21V2TjfldrjgzWaOKq7Xu8Yjj8ddf1qINfkXkjn8i-tgWnvESEK_H3-io62c2HyA7Jg1zEpA1G1wCJqg,API,Retro,1,100.0,True,Budget
microwave,Costway 07 Cuft Retro Countertop Microwave Oven 700w LED Display Glass Turntable Pink Size 18,89.99,89.99,4.0,243,walmart - costway,21,Unknown,,https://encrypted-tbn2.gstatic.com/shopping?q=tbn:ANd9GcTFKta2bhFRAHfmWTLTe1kaPl9N9OwNF2hOgNC3KP11oX7hVcMF-njWHagONUdzjVFXb29CzDODAzEK4h_Gh_49JqTk-X3i0hPCHtWlabi0GknThCKXS9TGpg,API,Costway,11,9.090909090909092,False,Budget
microwave,Costway 07 Cuft Retro Countertop Microwave Oven 700W LED Display Glass Turntable Pink,119.99,119.99,3.0,413,best buy,22,Unknown,,https://encrypted-tbn2.gstatic.com/shopping?q=tbn:ANd9GcTNqMNzKrsSvR6kUZg5MSNbwJXBKLIq_Gz2oWZ5NtN_5MhLM_BhSNyfT0g5U44NczFd6cj6m_5hOek7fc99iskeGvO4WdRlesYTC__dBgrXvSc3JEa6sU4UlA,API,Costway,21,4.761904761904762,False,Budget
microwave,Retro Countertop Microwave Oven Microwave OvenPink,129.99,129.99,5.0,369,dailysteals,23,Free delivery,,https://encrypted-tbn2.gstatic.com/shopping?q=tbn:ANd9GcRtKX0KlrP0rDE0_VJPxvYgUuTpf3RjcWu6rYOK2o21V2TjfldrjgzWaOKq7Xu8Yjj8ddf1qINfkXkjn8i-tgWnvESEK_H3-io62c2HyA7Jg1zEpA1G1wCJqg,API,Retro,1,100.0,True,Budget
microwave,Black Decker BLACKDECKER 09 Cu Ft 900W Microwave Oven Stainless Steel New Home Color Grey Size l,95.0,95.0,5.0,49,mercari,24,Unknown,,https://encrypted-tbn2.gstatic.com/shopping?q=tbn:ANd9GcReu3uSfXhrEz4iJjgAHIQhx6CU6bNJ3ctrxaCr7vRD_vIsSZes6C-1maZqbny_zGP33rD9Ub5clnEiLh62WXL9mVqD1wZYFIzT2kT2zu8,API,Black,1,100.0,True,Budget
microwave,Retro Countertop Microwave Oven Microwave OvenOffWhite,119.99,119.99,5.0,354,dailysteals,25,Free delivery,,https://encrypted-tbn1.gstatic.com/shopping?q=tbn:ANd9GcRxglO6VToWEDKDq26tf3-KXSY6QsGZHAd-EIIiUTlwk9FQqqNklSba25X6E8KiZfeJx57sIwfDJgBY6T1mxS8QmNJCwkCRBD5JVMUB6QwPfwhA6LYhceIV,API,Retro,1,100.0,True,Budget
microwave,Retro Countertop Microwave Oven Microwave OvenPink,129.99,129.99,5.0,369,pickyourplum,26,Free delivery,,https://encrypted-tbn2.gstatic.com/shopping?q=tbn:ANd9GcRtKX0KlrP0rDE0_VJPxvYgUuTpf3RjcWu6rYOK2o21V2TjfldrjgzWaOKq7Xu8Yjj8ddf1qINfkXkjn8i-tgWnvESEK_H3-io62c2HyA7Jg1zEpA1G1wCJqg,API,Retro,1,100.0,True,Budget
microwave,Costway 07 Cuft Retro Countertop Microwave Oven 700W LED Display Glass Turntable OffWhite,109.99,109.99,3.4,257,best buy,27,Unknown,,https://encrypted-tbn1.gstatic.com/shopping?q=tbn:ANd9GcTmW5HAkKS3hITVWxtntYPmJu_zRFKh1z4sSgTso4bQOqBR5dMX0DvUuX48yOazPpmrXoDgLcfiKC8ttPNJ1XxfFtx7QYCH7T5VkIJlgCWl_twjSHEqlww0,API,Costway,17,5.88235294117647,False,Budget
microwave,Retro Countertop Microwave Oven Microwave OvenOffWhite,119.99,119.99,5.0,354,pickyourplum,28,Free delivery,,https://encrypted-tbn1.gstatic.com/shopping?q=tbn:ANd9GcRxglO6VToWEDKDq26tf3-KXSY6QsGZHAd-EIIiUTlwk9FQqqNklSba25X6E8KiZfeJx57sIwfDJgBY6T1mxS8QmNJCwkCRBD5JVMUB6QwPfwhA6LYhceIV,API,Retro,1,100.0,True,Budget
microwave,Hamilton Beach Microwave Home Color Grey,40.0,40.0,5.0,5800,mercari,29,Unknown,,https://encrypted-tbn2.gstatic.com/shopping?q=tbn:ANd9GcTsKBk_PCBJnIoitb21UL24DUfnRFn-Hon3BWVU0j3AKdfn9xBqsMeFpBPKwlPpSWC2f9-KZNnOwgxAGzP-dcl_80oEjtBA2r09J63lRXs,API,Hamilton,1,100.0,True,Budget
microwave,Costway 07 Cuft Retro Countertop Microwave Oven 700W LED Display Glass Turntable Pink,119.99,119.99,4.3,380,target,30,Free delivery,,https://encrypted-tbn2.gstatic.com/shopping?q=tbn:ANd9GcTK_5L-SDukOOloCNkWJe_WiQ6Lp3ihESaYZHz6eLme4UsVFL85aI0Ofgj0TXRXUr163YsfbEywFzCCSOEsMi4D-lNPHe0UH_13a_hQljEahPmmX0GEoPs4,API,Costway,8,12.5,True,Budget
microwave,Costway 07 Cuft Retro Countertop Microwave Oven 700W LED Display Glass Turntable Red,104.99,104.99,3.4,301,target,31,Free delivery,,https://encrypted-tbn3.gstatic.com/shopping?q=tbn:ANd9GcQ0Pkr64brHNUBx756NTLfgIoVpX0D40ie3oopbTtXVdGAty6Cowc3DdOmEahZlfoA4acX2THrc9H5tRCH6V1IgsEh7Dby8dBRmTTq7taZIykDrFToS-iDMLw,API,Costway,17,5.88235294117647,False,Budget
microwave,COSTWAY Retro Countertop Microwave Oven 07Cuft 700Watt High Energy Efficiency 5 Micro Power Delayed Start Function with Glass Turntable Vie,290.99,290.99,2.0,392,newegg.com - dianlan,32,Free delivery,,https://encrypted-tbn0.gstatic.com/shopping?q=tbn:ANd9GcTnxdM9PaS4e0upCE4hXDYZW5QfEmY2m8ZPj8p-W6ZERGkLUfwr_UeEFvDd92cheShZRDCGUZZEUn1jv2mikTDwlx6USKcyir7_6ZKFCRk,API,COSTWAY,30,3.3333333333333335,False,Budget
microwave,Costway 07 Cuft Retro Countertop Microwave Oven 700W LED Display Glass Turntable Red,104.99,104.99,2.7,394,best buy,33,Unknown,,https://encrypted-tbn3.gstatic.com/shopping?q=tbn:ANd9GcT6tchR7TfmbkJ29iQsRDlxqt-7Ipwmt5ZpqO0KMmZUilIreglh7oQ-USuSz34mjQRNQSuHdg4Z7s7EdHtvugTyc04U00RJjV-t65iReZXAbGyITPB9tolaKg,API,Costway,24,4.166666666666666,False,Budget
microwave,Hamilton Beach 09 Cu ft Microwave Oven,73.61,73.61,1.0,1,tiktok shop,34,Free delivery by Thu,,https://encrypted-tbn1.gstatic.com/shopping?q=tbn:ANd9GcTXrNgRcHka--YoJZhULzI7vADQsUNDN9SVjpKRmhTT43GXh5-jgrTEr1djM1fsiMd0WEk7MrlK0e8dNZtbdMaUv9io6WWsSdXOVEA-ipguNnTlD8C1thQu5Q,API,Hamilton,37,2.7027027027027026,False,Budget
microwave,Nostalgia Retro 07 Cu ft Countertop Microwave Oven,89.99,89.99,5.0,1300,target,35,Free delivery,,https://encrypted-tbn2.gstatic.com/shopping?q=tbn:ANd9GcQGx_gcn909aMLpcLdMPaTiiszA74cEiVAec279GoGPBghviTBcXx7a6a7ATgF8U5e1jNSwUAVaHYABc_Lv_pleY8nm2naBHC6ukQTXftq2rDjiYI0OyjG1,API,Nostalgia,1,100.0,True,Budget
microwave,Farberware Classic 09 Cu ft 900Watt Microwave Oven fm09ss,127.49,127.49,4.4,659,kohl's,36,Free delivery,,https://encrypted-tbn0.gstatic.com/shopping?q=tbn:ANd9GcRl1XXa4VL1HOSo90OKegrJ3LpMoNZLsWd9AGooor5M3Jv7XG3ZJqnsK4ua61HT6rl4COvWLx_ccAsQvHaJmd0ab-17E42qyMWudtENEGhpqPQ2Mtbyh3PBFg,API,Farberware,7,14.285714285714285,True,Budget
microwave,Magic Chef 09 cu ft Microwave MCM990ST,119.0,119.0,5.0,605,walmart - magic chef,37,Free delivery,,https://encrypted-tbn2.gstatic.com/shopping?q=tbn:ANd9GcQu8hqTHqyrBOmCKY8_msouAQsVapgFDhNQ4-PhR2BfMTjtGs1Jyb43Z_ZaLujxMDmMxiJcZuZgKfqZY86e8JybtwLK7RnwoWIuKvhfJuSmK3hcawVHTeKuCQ,API,Magic,1,100.0,True,Budget
microwave,Panasonic Nn S 29 K Microwave NNS29KSMEPG eds,278.7,278.7,4.7,9,grooves-inc.com,38,Unknown,,https://encrypted-tbn2.gstatic.com/shopping?q=tbn:ANd9GcQK8HJ7Q-phIgkNsZaV8mske4A67iQqQNi-15CBZtXHZfChwuf-Ug4Y5j4lrHfPV8rptK5B9b4P7X3KALEbdILd5qso-U_c2PxUGdw6EeU,API,Panasonic,4,25.0,True,Budget
microwave,Nostalgia Retro 07 Cu ft Countertop Microwave Oven,89.99,89.99,5.0,1300,target,39,Free delivery,,https://encrypted-tbn2.gstatic.com/shopping?q=tbn:ANd9GcQGx_gcn909aMLpcLdMPaTiiszA74cEiVAec279GoGPBghviTBcXx7a6a7ATgF8U5e1jNSwUAVaHYABc_Lv_pleY8nm2naBHC6ukQTXftq2rDjiYI0OyjG1,API,Nostalgia,1,100.0,True,Budget
microwave,Microondas by Sergio Adrin Martin Paperback,31.32,31.32,4.2,,books a million,40,Unknown,,https://encrypted-tbn2.gstatic.com/shopping?q=tbn:ANd9GcSpEBjbQqiKD3YlYJbE2Af0343fQJfksaosdkw68cDNUE0PaD1czfyB_bgSymxazJwoTm1iUU9Xv9aCFXqB0H0tezBmBMLBAcrWcGV4dKYgJbIkl9hPHnC3ow,API,Microondas,9,11.11111111111111,True,Budget
microwave,BLACKDECKER 07 cu ft 700W Microwave Oven,54.99,54.99,3.2,932,target,1,Free delivery by Sat,,https://encrypted-tbn0.gstatic.com/shopping?q=tbn:ANd9GcTmAAphaIcWQKld-zwUW-Bc6D5M8UTVUBjlbm1_QgovUFRk3ElyRMZWe35qxnwQh9Cf7g3WdpkoW8TG9c-WfDtuV4CxOA84EDh-O4JK60ZUWIsIYw3STL3NbA,API,BLACKDECKER,19,5.263157894736842,False,Budget
microwave,Mainstays 07 Cu ft Microwave Oven,59.0,59.0,3.9,16000,walmart,2,Free delivery,,https://encrypted-tbn3.gstatic.com/shopping?q=tbn:ANd9GcRaBHKR4E14PNEwbulFRfJ-y4ys4aJksOIr8_sA-4LnL69Mj9DUAybodf1FdLUmPKKuDWXOCoGZ7h03hH3aL71k18n9zq0G6eC7L1YxPujjUPFBPioGCBfW,API,Mainstays,12,8.333333333333332,False,Budget
microwave,Whirlpool 17 Cu ft Over the Range Microwave,249.0,249.0,4.4,22000,lowe's,3,Unknown,,https://encrypted-tbn2.gstatic.com/shopping?q=tbn:ANd9GcTR0vwwRqQcpvt8Y3SHMG5LMgAvh99fL7mO3Op-NnCnXO-ZUJ4P1JS7PXC16EdFaODkoLAA1UzhjmXUXL9SJ_F-WUzDa_bqunWMQLyQMUePfv9VeVSthNzz,API,Whirlpool,7,14.285714285714285,True,Budget
microwave,Hamilton Beach 09 Cu ft Countertop Microwave Oven,69.0,69.0,4.2,2800,walmart,4,Free delivery,,https://encrypted-tbn3.gstatic.com/shopping?q=tbn:ANd9GcR6b6OIMhnrqAM7cjE6b1PyX2ZJ6XMLKARyei22kQh7tBHMBenwwLUN-XuAXnSc0odHKJOxY3x9HX9GEqXQEH7ANxKKnyekA3TMpodWWcZIey1RyWupXHen,API,Hamilton,9,11.11111111111111,True,Budget
microwave,Midea 09 cu ft Countertop Microwave Oven,59.99,59.99,4.3,19,target,5,Free delivery by Sat,,https://encrypted-tbn1.gstatic.com/shopping?q=tbn:ANd9GcR9b-DIReSrn6MHso72TVPj8uUqpR02SYK--6SSibYNIMv0O6xeqprdBgGJy6rixLEx9JlRX_Y8hIQwAL_fNHFp_bIqj32cvr6pNqnGJrz_bTY9mWXybbom,API,Midea,8,12.5,True,Budget
microwave,Mainstays Retro Countertop Microwave Oven 07 cu ft,65.0,65.0,4.5,60,walmart,6,Free delivery,,https://encrypted-tbn0.gstatic.com/shopping?q=tbn:ANd9GcTMcF7lM4aLo5jtK-d2pfwrZN6zB5m76EjTkRrhia_6TXdEM5sQngktinitjv0SGTUdhIkUpzAk2YqPl1b1NE7nneKbz-4VdOXPATFMY0PdUjatedxOqfVx-Q,API,Mainstays,6,16.666666666666664,True,Budget
microwave,Cuisinart 13 cu ft Microwave Oven,109.99,109.99,3.3,162,target,7,Free delivery by Sat,,https://encrypted-tbn1.gstatic.com/shopping?q=tbn:ANd9GcQqEwIvjaGDqCcHez8VrsN19EwibmbzrouRSiTpX0a9oKNxvT6gq5QqCo32qZgB_D61q2t2-Cb7L2DcZuU_3sEanYPvwcxc5mDDwe6J_iJZhLspz2xsSA-vfQ,API,Cuisinart,18,5.555555555555555,False,Budget
microwave,Hamilton Beach 11 Cu ft Microwave Oven,80.0,80.0,4.3,10000,walmart,8,Free delivery,,https://encrypted-tbn0.gstatic.com/shopping?q=tbn:ANd9GcTRDDVz-SGMOIcm6iC8LD6SA7pCOrXsdlikuXc1pBodjz6yEAm63SuGRPlGR3SPRly0lS494Cjg6skmCPlc1qQr4IWBaM4uF2kH3vGgfnHf-mctwAotynFuUA,API,Hamilton,8,12.5,True,Budget
microwave,Midea 700Watt Countertop 07cu Microwave,64.99,64.99,3.9,173,lowe's,9,Unknown,,https://encrypted-tbn3.gstatic.com/shopping?q=tbn:ANd9GcSFl8iiIp1LgEsXTg1X1lvxj9cRL9E_Q2MNEk7SRukwYQq5LJnsY3WiLjKYxrVNQ6BtB0Ayx3zLjr9pKHspXf4BB_MvsbpvXkSTByCuqbod9QrYn2dZwsE1,API,Midea,12,8.333333333333332,False,Budget
microwave,BLACKDECKER 09 cu ft Microwave Oven,59.99,59.99,4.2,53,target,10,Free delivery by Sat,,https://encrypted-tbn2.gstatic.com/shopping?q=tbn:ANd9GcQf6ze5uGO08vfLHRjdN4SJbx8jSHWGurUtx-oHHELCLq1P2fzWj767rSW--EAlamsPhW_X9ix8cVbi1gk5dXmNUjI5AnzKm1G4l1RaOWq0u1nxBb23HLLC,API,BLACKDECKER,9,11.11111111111111,True,Budget
microwave,Toshiba 09 cu ft Microwave Oven,104.99,104.99,5.0,2,walmart,11,Free delivery,,https://encrypted-tbn1.gstatic.com/shopping?q=tbn:ANd9GcTb4ti3sTz18AxhH-bW4FB8wr2Fqa6I07_hcseYqVUwx2ue3JWsMUjrpaizlXp0jwtKz3tlR4t5MJREW7e4iaqUvoJmNUE_HcSZ2toOUgbcYUPo-b0IrLA2,API,Toshiba,1,100.0,True,Budget
microwave,Frigidaire 07 Cu ft Retro Countertop Microwave Oven,69.99,69.99,4.1,199,home depot,12,Unknown,,https://encrypted-tbn3.gstatic.com/shopping?q=tbn:ANd9GcSSls-8FLufPzlJvVpKLiyTmr6VmNyfieywGcZNIyv4oQAzJgW_GR4qq1G5-XCbv5Nx217Dr7xCeLTiUmw1KYMs4idQ4H6pQ2y1j8poWiXAkrsS0Xn_7QaYcA,API,Frigidaire,10,10.0,True,Budget
microwave,Cuisinart 11 cu ft Microwave Oven,89.99,89.99,3.4,177,target,13,Free delivery by Sat,,https://encrypted-tbn0.gstatic.com/shopping?q=tbn:ANd9GcQ4psclh0eKANsuqaIY_4VGkki_GcUaLOJAJASXqUA7qOi62E_rz6Mjeu4-DkZ_8gkTAEkI3-JjO4NXI4OtU1Qef67igKWo9Y2H2bBiaWvhXZiEhEu989INyQ,API,Cuisinart,17,5.88235294117647,False,Budget
microwave,GE 16 Cu Ft OvertheRange Microwave Oven,239.0,239.0,4.3,36000,lowe's,14,Unknown,,https://encrypted-tbn0.gstatic.com/shopping?q=tbn:ANd9GcQVI0whH5SZvab5a0GRl53w3JRBp91sGY6iq6QqOdQLOrV_yx57PIq_2lm7MBlo-mpYA7iUCEqpRFcziNgmAk6yDEv0yfKlNMenHNPuKhSeF3TWz2L8T57C,API,GE,8,12.5,True,Budget
microwave,Sharp 11 Cu Ft 1000W Stainless Steel Countertop Microwave Oven,159.99,159.99,4.6,721,best buy,15,Free delivery by Tue,,https://encrypted-tbn3.gstatic.com/shopping?q=tbn:ANd9GcQLo0mCID1FKX5SBFDdDzX3mqB-fshR34hcxFl715zIyzQaTM1mbfUjQj1tfvvNu6mYTWE3IjybPz7hLYgOPY6L0UWwYmMrgiPH_z8GtRE4QwaKBQk-qSi_,API,Sharp,5,20.0,True,Budget
microwave,LG 09 Cu Ft NeoChef Countertop Microwave with Smart Inverter,169.0,169.0,4.3,791,home depot,16,Free delivery,,https://encrypted-tbn1.gstatic.com/shopping?q=tbn:ANd9GcQUZ8cVIY9EZfT9zuiCS9Y1MnDuk-KHH3Q4ka4iiSceSYnDpwS85xlBO2VSOaNyHt4vkzrBKl-gpo3t0xFjLKLDmqXqJ5aUs7sIPjMzsl_Pp9OO35BU2hBm,API,LG,8,12.5,True,Budget
microwave,GE 11 Cu ft Countertop Microwave,175.0,175.0,4.2,1800,target,17,Free delivery by Sat,,https://encrypted-tbn0.gstatic.com/shopping?q=tbn:ANd9GcQ4bDJZh6peRLYnH_WycoVGYWA7l3mPsZoihcK9h2L5xwyrpforIqrrRN36nYurbuRIACGmrH9WgWB2zXpBmUKo5UaLF_2D0y0y7bLsT9kuVslxdl5fGvD8,API,GE,9,11.11111111111111,True,Budget
microwave,Nostalgia Retro 11 Cu ft Countertop Microwave,99.99,99.99,4.4,5,walmart,18,Free delivery,,https://encrypted-tbn0.gstatic.com/shopping?q=tbn:ANd9GcRjPorDrueHN2Z6G3IBLQ-yLaN5fkg8VAi2JdFUpkICdqYOGK69Ys_5AiuC3G_8pEYQcDUk2bTQtzzKgb2FCt_X4641zN6r3sZV8PE9rapprTJR0haTXyEP,API,Nostalgia,7,14.285714285714285,True,Budget
microwave,10 cuft Japanese Microwave with the Genius Sensor 20 Inverter Technology,429.95,429.95,3.5,22,shop panasonic usa,19,Unknown,,https://encrypted-tbn3.gstatic.com/shopping?q=tbn:ANd9GcShtX6X5Ssekruxc-en3K4SmYLmEgDvlFZoIfqlFarXJ_VBXEHu2aASGklpbKtFYtLccDeOUAeNGn053xiJaSnCTxRBzpJS-JgrnC9jtnXhpbMWQI_XVMsD5xs,API,10,16,6.25,False,Mid Range
microwave,Sharp 22 cu ft 1200W Stainless Steel Countertop Microwave Oven,239.0,239.0,4.4,147,lowe's,20,Unknown,,https://encrypted-tbn2.gstatic.com/shopping?q=tbn:ANd9GcS2ReT1-DL9TgppPz4gzhkRx2U4VrNoUMZH1inIOCOJ9lu7CdQN0IYZ6FqsUm8UCw2tMf2P6GQhV7M5EYBGW2vHqfex-cY0jOXrqf4T-WsFgVxxD8g7sYsuhQ,API,Sharp,7,14.285714285714285,True,Budget
microwave,BLACKDECKER 09 cu ft Microwave,59.99,59.99,3.5,32,target,21,Free delivery by Sat,,https://encrypted-tbn3.gstatic.com/shopping?q=tbn:ANd9GcRxeFDzLP8f9u44G5uB0i6RmobAp6awsBV3Icc-3_yJVCIq1ZH47bXnyRdgT_xBkxPstYExiZDS_F8WW4fkdmQMEZSHZZXarOF1xI3UcKZZjO9SfurtAftYlw,API,BLACKDECKER,16,6.25,False,Budget
microwave,Vissani 07 cu ft 700Watt Countertop Microwave,59.98,59.98,3.8,92,home depot,22,Free delivery,,https://encrypted-tbn3.gstatic.com/shopping?q=tbn:ANd9GcSoXWN6H8VBkS_iklbqnVmgq0I3C1NG60Hd1Ep6xjEdYZ_fdg6haet86RPIqUiLdgzfgksiQNFNwUQAwsz8CCN9f_R3M0r7gmnZWwTLIlKrgWpU4MSToA3PRA,API,Vissani,13,7.6923076923076925,False,Budget
microwave,Costway Retro Countertop Microwave Oven 700W,104.99,104.99,4.0,321,best buy,23,Unknown,,https://encrypted-tbn3.gstatic.com/shopping?q=tbn:ANd9GcQOrPRIvAa8uZQAZokyBbw3voGw1R7dm_fcqiHRvTRhJ5Th_8q5JOLLPuJnOccpXEqvu-Iopni9dBQpPVhKb4AIqSZrgGsHuvopAxPGWx6jv_AaEtlPHzJh,API,Costway,11,9.090909090909092,False,Budget
microwave,Cafe 15 Cu Ft Smart Countertop ConvectionMicrowave Oven,889.0,889.0,3.5,705,brandsmart usa,24,Unknown,,https://encrypted-tbn0.gstatic.com/shopping?q=tbn:ANd9GcQMHl5l_VeoqmpT-sFH_zmBwq15O2WG9_rnl3roOfz18m-IwE4VAzb5y1zx2jJ06JgFb9qGLZE1DmwRwVGQ0yzSP_APetB2Ct-yvk4vfOR82AXcOgZAseLp,API,Cafe,16,6.25,False,Mid Range
microwave,Mainstays 11 CuFt Flatable Microwave Oven,88.0,88.0,4.2,186,walmart,25,Free delivery,,https://encrypted-tbn2.gstatic.com/shopping?q=tbn:ANd9GcTUqr6Bm_ZUsRdRBIdRReHSVK5u4JRnlgG14Ffx8UtueKFFRfBV0w7rj4PbPsw5NCRIYStCQmbPL7CJLVzdBZ9EduNF4tZTnwpmdV1vMZKjmgbLVatQcKHL,API,Mainstays,9,11.11111111111111,True,Budget
microwave,Toshiba 12 cu ft Flatbed Countertop Microwave with Humidity Sensor and Inverter Technology,149.99,149.99,3.6,13,target,26,Free delivery by Sat,,https://encrypted-tbn3.gstatic.com/shopping?q=tbn:ANd9GcRpoUtaDVx5lGq6pGt-eBbc2ilHvuJNJQF0FSOIJPYaevcwpodjEH43VMvKJisO2eXKou1xYFP3lzFRqpAahHisASrNFRq4zYXfBoiT4LdPvKnsA8_VCUBp,API,Toshiba,15,6.666666666666667,False,Budget
microwave,Whirlpool 17Cu ft OvertheRange Microwave,249.0,249.0,4.3,1400,home depot,27,Unknown,,https://encrypted-tbn0.gstatic.com/shopping?q=tbn:ANd9GcQz261ZP5VB9L9chAc23NBzRoR2Xqjm-OZb2ZVmgYdQYvZKhKvABdL5kMYQDhxNGDfzFBjAs7UBKpqvDor00LNmNKhI47s8Qgw2S0sWs_rrUg8S6zmkxzX9iA,API,Whirlpool,8,12.5,True,Budget
microwave,Fisher Paykel Microwave Oven,799.0,799.0,4.1,19,designer home surplus,28,Unknown,,https://encrypted-tbn1.gstatic.com/shopping?q=tbn:ANd9GcQSDBVX_TRndF8oMXgcFCuBDuE2Pf5GZVSDBrT5qIHef_-7WpEkwdtA3zo9Na5n9mJnCBhjdosOchV-DCPM3_IQI98aL1RxVT8WgYTzKlrxC7FXWVCy-iy40w,API,Fisher,10,10.0,True,Mid Range
microwave,Breville the Smooth Wave Microwave,399.95,399.95,4.1,837,surlatable.com,29,Unknown,,https://encrypted-tbn1.gstatic.com/shopping?q=tbn:ANd9GcTRjKX2sU3qxDs8RJDkupwonNxnrOnpfTofJfDdt0n6QjsEK4Q9HvAlpVEcRVPuKGWX1BiGe7Fb9jUy-swbpDlDZs7cjCuo-47xcTdcxPRn1f8ULlBd87SZpg,API,Breville,10,10.0,True,Mid Range
microwave,Hotpoint 16Cu ft OverTheRange Microwave,229.0,229.0,4.2,1200,lowe's,30,Unknown,,https://encrypted-tbn3.gstatic.com/shopping?q=tbn:ANd9GcRapccSJ_SLv5Ll71HyEqockWGAO1EZkvl1uXG1887E7ywghDqGV6GdKFQN_Ubd3PinlVpaugLmb3kPdTGtOZfLLU5wCCVVdcKA1jLYM44,API,Hotpoint,9,11.11111111111111,True,Budget
microwave,Proctor Silex 06 cu ft Microwave Oven,48.49,48.49,3.8,121,target,31,Free delivery by Sat,,https://encrypted-tbn1.gstatic.com/shopping?q=tbn:ANd9GcQHZhxj5X3FhQCQdSqnIdFEyd-pimIsb0yNZEcd5PH7VZKD_sv3ctMiCiztqy6iy6vTqs9BbSkjqZpXbTbdGjKFh_7ZgDAIkWRPSlaqvbDUvlFj41IDUtVfKw,API,Proctor,13,7.6923076923076925,False,Budget
microwave,RCA 07 cu ft Countertop Microwave in Black,69.0,69.0,3.8,783,walmart,32,Free delivery,,https://encrypted-tbn0.gstatic.com/shopping?q=tbn:ANd9GcQPslsxLaLFsojONuyt9M3QmiAEadOE2uj5pro8p6FZ3R0oeaRLu9H8hlk3iYJbraQZu1w9rxvSrJ6TMM-rrLziVjpS62-fTmcYTTU-AMbTagcjD-POB29s,API,RCA,13,7.6923076923076925,False,Budget
microwave,Nostalgia Retro 07 Cu ft Countertop Microwave Oven,79.99,79.99,4.2,1300,home depot,33,Free delivery by Thu,,https://encrypted-tbn2.gstatic.com/shopping?q=tbn:ANd9GcSe8pmb24WMb4qQTvKBm5MfPxrEeSmzL4A9ICcgs8VEjd2oXWhzN41hNZHlgtj4c2QXNxbUdOEh5h9F78EKJGY8aLhKi320IH7S8JbeuXmHyDZz7NfLtyze,API,Nostalgia,9,11.11111111111111,True,Budget
microwave,Big Chill Retro Microwave 16 cu ft,545.0,545.0,4.2,,big chill,34,Unknown,,https://encrypted-tbn0.gstatic.com/shopping?q=tbn:ANd9GcSEApBd3GIgyFQxpaJx13xzP3gxao4MiuR8nSMA-GcLsCec3RtFWq39dFGa9tp6vwuNV-Exr-eRINqYwBNvghsyvUiJOjJkWtNy2TpGZQWdDUYuLKVDO_ic,API,Big,9,11.11111111111111,True,Mid Range
microwave,Kenmore 900W Countertop Microwave,68.99,68.99,3.9,30,target,35,Free delivery by Sat,,https://encrypted-tbn3.gstatic.com/shopping?q=tbn:ANd9GcQkdOJb4pMsSf9qcHuydUdoncUwCQMjpPFcgO31-C-2zdS49XxoeOiQQFHHOKez3L5v2FdtayZUGrTp9ANCcBzIctteABVKyPxMCXf6sTnpCXZOQp6xhR3N,API,Kenmore,12,8.333333333333332,False,Budget
microwave,Breville Combi Wave 3 in 1 Microwave,499.95,499.95,4.2,2800,electronic express,36,Free delivery,,https://encrypted-tbn1.gstatic.com/shopping?q=tbn:ANd9GcQoZk_nQS75TJTqh0_V8C9TjmnVDG7hjArWQQTPN_tg2FTHqgGHz9k_aJAr_4T05FRTpTslMngUHeJz-p9S80chNtIgviXgGnilbp-X3H4,API,Breville,9,11.11111111111111,True,Mid Range
microwave,Magic Chef 11 Cu ft Microwave MCM1110,127.99,127.99,4.3,807,home depot,37,Free delivery,,https://encrypted-tbn1.gstatic.com/shopping?q=tbn:ANd9GcRDKWLZxj8Gn9el3M8h0xm6lxTqhHmPADeMaoXTuSbpWccO9hxc2nm_Q7XFvTrMHreLfDilciicM8CeIcJrcGYGHg00fOGAi-T0NCXcncechwGZu_dMmAdeng,API,Magic,8,12.5,True,Budget
microwave,Frigidaire 11 cu ft Countertop Microwave,89.99,89.99,3.8,349,walmart,38,Free delivery,,https://encrypted-tbn0.gstatic.com/shopping?q=tbn:ANd9GcQ6LD3vcU4Ep3i00GgLe2aYtSst_5uu3zGdSYlQdMIn565MbQyzW-BLgtRXJdKSf8y76SSmIQphSZ4mD7FybHFWOwW1yplcyGlapziFnCCkP8ZAK0i574vX,API,Frigidaire,13,7.6923076923076925,False,Budget
microwave,Toshiba 11cu ft 1000 Watt Countertop Microwave,125.0,125.0,4.2,200,lowe's,39,Free delivery,,https://encrypted-tbn0.gstatic.com/shopping?q=tbn:ANd9GcSplteuCza0VSCtC0dz_uR9FWiOcO_7W5Y4ETKDbhnPaH9_pd4qqn_VGxWPI3Hxq8DgvGO1R5DEgSUV2-4CMGFWjFzmETifUcBtHunjW0L-qdH_9dUpl972Ug,API,Toshiba,9,11.11111111111111,True,Budget
microwave,Galanz 07 cu ft Microwave,79.99,79.99,3.8,5,target,40,Free delivery by Sat,,https://encrypted-tbn1.gstatic.com/shopping?q=tbn:ANd9GcQYeH5CLWJfplvsUbpCAsDJ0nHG_0mLgB_QVEAnrrFI1LhXIBR3COJbX6Sdiy8rTxk0zeqEMoVFuffAkUEAJ7VNZ5giutwpRQ-SCRzCHaTse266N3m2NbgpiA,API,Galanz,13,7.6923076923076925,False,Budget
fridge,Kenmore Mini Fridge Home,105.0,105.0,5.0,43,mercari,1,Free delivery,,https://encrypted-tbn2.gstatic.com/shopping?q=tbn:ANd9GcQ8vXJt7KatiEMHgmmZaARpliVrAzwnIjuVed19FZa-C7FxYmWNbbFdXSZHKG0,API,Kenmore,1,100.0,True,Budget
fridge,Model PVD28BYNFS GE Profile StandardDepth 279Cu Feet 4 Door Smart Compatible French Door Refrigerator with Ice Maker with water and Ice,1337.97,1337.97,4.4,14000,wonderful life appliances,2,Unknown,,https://encrypted-tbn1.gstatic.com/shopping?q=tbn:ANd9GcRWwuSY6YMpgidYKX-5-SJnDcQazhXihwFCz55cbKu7L2OqmnETTjQD9l-Ldw,API,Model,7,14.285714285714285,True,Mid Range
fridge,GE GarageReady 219cu ft TopFreezer Refrigerator White,112.46,112.46,3.6,14000,littlewoods,3,Free delivery by Wed,,https://encrypted-tbn2.gstatic.com/shopping?q=tbn:ANd9GcRBIYxVa82YqVE8MJlNuc3aUoMTkyB616o5El-eR7UfViMmKjr-S2E9ZXrAa62p8WmufKo2YU8,API,GE,15,6.666666666666667,False,Budget
fridge,Tacool 24 Cuft Mini Fridge with Freezer,149.99,149.99,4.5,1,walmart - tacool,4,Unknown,,https://encrypted-tbn0.gstatic.com/shopping?q=tbn:ANd9GcR7XvHephvds9ahyzgPRYoBuy5WFIBUEvF92BboQjbzbFDSNb-s7BaD9ZTWe_FzsSA1q4-rEiY,API,Tacool,6,16.666666666666664,True,Budget
fridge,LG 27 Cu Ft SidebySide Refrigerator with Ice and Water,1398.99,1398.99,2.5,789,enervee ca,5,Free delivery,,https://encrypted-tbn3.gstatic.com/shopping?q=tbn:ANd9GcRS1BfFh3dKevSewMOrrDeLnXDV6lXxaBGys2gfbv-1eK49HTC-W8mgU3lCSg,API,LG,26,3.8461538461538463,False,Mid Range
fridge,LG 29 cu ft Smart InstaView DoorinDoor StandardDepth MAX 4Door French Door Refrigerator with MyColor and Craft Ice,2899.0,2899.0,3.7,134,home depot,6,Unknown,,https://encrypted-tbn2.gstatic.com/shopping?q=tbn:ANd9GcS_j7pfjnAjtUyQ3cgAYaKc3VYdD0bL_aMQvqHs4cKyQfDTt-OI1DbMML035Cp7jQQwFMkVaTgA,API,LG,14,7.142857142857142,False,Mid Range
fridge,LG 20 Cu ft Top Freezer Refrigerator,979.0,979.0,4.9,5800,modesens,7,Unknown,,https://encrypted-tbn3.gstatic.com/shopping?q=tbn:ANd9GcTArLKbV_S6cOtjEYNXwUqwy8i5rK8qRM10mo3U5dh_6wIhGooCOM1ZahFYloOm9XtYie22irlB,API,LG,2,50.0,True,Mid Range
fridge,Mainstays 32 Cu Ft Mini Fridge Stainless Steel Like New 2026 Miami FL,960.0,960.0,4.7,826,commonplace,8,Free delivery by Thu,,https://encrypted-tbn3.gstatic.com/shopping?q=tbn:ANd9GcSbEfUIGwj3GWJ5SuDFx60ucfqYTNSNczlxf2PTd25THUhar9EwMkk0qRyI1A,API,Mainstays,4,25.0,True,Mid Range
fridge,Frigidaire 176 Cu Ft CounterDepth French Door Refrigerator,909.99,909.99,3.1,10000,emafoo,9,Free delivery,,https://encrypted-tbn1.gstatic.com/shopping?q=tbn:ANd9GcTVX0spe6ClfDdZK87OfdzkaLm6fcj4muUusFdLm4Xya4-oFcMnyo4MT_MI1dI,API,Frigidaire,20,5.0,False,Mid Range
fridge,GE 33 Top Freezer Refrigerator GTS22KGNRBB,793.0,793.0,4.1,,aj madison,10,Unknown,,https://encrypted-tbn2.gstatic.com/shopping?q=tbn:ANd9GcQxxsQrT8ODT9mGqBbp4pibqrQMlZ6C2RTNK6FCAK6V7Lg-08ivV9XaNjySvGHespr0IuE3MXY,API,GE,10,10.0,True,Mid Range
fridge,Kenmore 17 Cuft Refrigerator Black Home Color Black Size s,80.0,80.0,2.9,1,mercari,11,Unknown,,https://encrypted-tbn2.gstatic.com/shopping?q=tbn:ANd9GcSDTiQ51hKLkB3tU1lrJEz0uTz87DcyrmwWbinbu9-A8SghzkfjlaM7mXjHuA,API,Kenmore,22,4.545454545454546,False,Budget
fridge,Calliever 35 CuFt Mini Fridge with Freezer DualDoor Small Refrigerator for Dorm Bedroom,139.99,139.99,1.4,1,walmart - alifemap,12,Unknown,,https://encrypted-tbn2.gstatic.com/shopping?q=tbn:ANd9GcTTlXwkvJ3mbSRgnYXLB7QMr1K5KnhBl648cXwxQ4UjWb7xcxx3Wx-vGPsbJbx-Pdh_D85Z690,API,Calliever,34,2.941176470588235,False,Budget
fridge,Frigidaire 75 Cu ft Refrigerator Platinum Series Stainless Look EFR7806COM,51.78,51.78,4.1,,trending deals,13,Free delivery,,https://encrypted-tbn1.gstatic.com/shopping?q=tbn:ANd9GcSasYAef3He21_0X1kcbw0EvrtnR5iICfxt-Ff_GSSm7QF39UO5suzxC7w8E4q2j6FtwchjjUo9,API,Frigidaire,10,10.0,True,Budget
fridge,31 Cu Ft Two Door Mini Fridge W Freezer Reversible Door Dorm,164.19,164.19,4.1,,ebay - tradepost898,14,Unknown,,https://encrypted-tbn1.gstatic.com/shopping?q=tbn:ANd9GcRytpYs5JGHoZc3_Sc93rIeeR1kBvBA7hD_yMekQladV4t_KJfijTdGkUhUA5VAddAKUtoT1qTh,API,31,10,10.0,True,Budget
fridge,32 Cu Ft Two Door Mini Fridge With Freezer Reversible Door Dorm,176.98,176.98,4.1,,ebay - tradepost898,15,Free delivery,,https://encrypted-tbn2.gstatic.com/shopping?q=tbn:ANd9GcQM8qTYgKpbCOEOKPDaLJQmWrZYrsySpJYiWwxx9zhjauTbr33E5_VzMy-F_9NeP3ojbIq9oPX0,API,32,10,10.0,True,Budget
fridge,46 Cu ft Two Door Mini Refrigerator with Freezer Stainless Steel,50.6,50.6,4.1,,trending deals,16,Free delivery,,https://encrypted-tbn2.gstatic.com/shopping?q=tbn:ANd9GcSH0aSQy0in4wlVap1SZoOv7ndJbjgP87VJd8Cc5F4iJqDUJl1njnuxT5SjoIBBBA8UyxYDbdek,API,46,10,10.0,True,Budget
fridge,Galanz 46 Cu ft Two Door Mini Refrigerator with Freezer Stainless Steel,41.64,41.64,4.1,,trending deals,17,Free delivery,,https://encrypted-tbn3.gstatic.com/shopping?q=tbn:ANd9GcSiLyFJosO0yZyhIIUvf7I5_VhtqWOiNA_rDd9qPkdDMRiZKyK5iLpwNaa7DTkPMmOw9PTwzXg,API,Galanz,10,10.0,True,Budget
fridge,31 Cu Ft Compact TwoDoor Mini Fridge With Freezer Freestanding Black 2 Shelves,89.5,89.5,4.1,,praktijkzinnia.be,18,Unknown,,https://encrypted-tbn2.gstatic.com/shopping?q=tbn:ANd9GcQNEj9xZxSpgzVroQLOYVFwnSS8i8t58XUDZVWR9lHikPRzD780_D0AqWyHwb98O5QMxYV6tfix,API,31,10,10.0,True,Budget
fridge,GE Profile 279 cu ft Smart 4Door FrenchDoor Refrigerator with DoorinDoor HandsFree AutoFill Fingerprint Resistant Stainless Steel,112.46,112.46,3.4,14000,littlewoods,19,Free delivery by Wed,,https://encrypted-tbn2.gstatic.com/shopping?q=tbn:ANd9GcRaUvpT-g5m7g__UeS-1rt9-hq9d5NrjSwwnOD821aMbmW94wkVsYVxGLnO5g,API,GE,17,5.88235294117647,False,Budget
fridge,Whirlpool 33 Inch Freestanding Side by Side Refrigerator with 214 Cu Ft Total Capacity WRS321SDHVBZW C Grade White,899.0,899.0,3.3,24000,kc appliance outlet,20,Unknown,,https://encrypted-tbn2.gstatic.com/shopping?q=tbn:ANd9GcQ-IXk3RvjinFf5r6Un3_JZ7CmKQSKwGeMz1oCko0LecMtgrEUNLERbTrL6ig,API,Whirlpool,18,5.555555555555555,False,Mid Range
fridge,Arctic King 32 Cu Ft Two Door Mini Fridge With Freezer Stainless,176.96,176.96,4.1,,ebay - aemos_65,21,Free delivery by Sat,,https://encrypted-tbn2.gstatic.com/shopping?q=tbn:ANd9GcQ1_D1kxK4jtw4zFPbROasiUZhzhFPgzhPxBQpQaSLcOpQvicw1RjQq5f1xbQ,API,Arctic,10,10.0,True,Budget
fridge,31 Cu Ft Mini Fridge With Freezer Stainless Steel Energy Star,191.6,191.6,4.1,,ebay - jslellc,22,Unknown,,https://encrypted-tbn1.gstatic.com/shopping?q=tbn:ANd9GcQu0z_iG7waClmgEqfJppNC8lVfMsx6ROwNzJcr4VEGf2LssMJ9OL6wsskg84XxbHGQEBSgBL4,API,31,10,10.0,True,Budget
fridge,Samsung 36 in Wide 32 cu ft 3Door French Door Smart Refrigerator with Dual Auto Ice Maker Stainless Steel,39.0,39.0,4.1,,ohiofurnitureusa.com,23,Unknown,,https://encrypted-tbn2.gstatic.com/shopping?q=tbn:ANd9GcSCf5gxMGNA567eWoVVq6c5rbv0GzncXzpJT_jbPUNShk4xl3Kv,API,Samsung,10,10.0,True,Budget
fridge,GE Profile 36 in Wide 279 Cu Ft 4Door French Door Smart Refrigerator with HandsFree AutoFill Stainless Steel,39.0,39.0,4.1,,ohiofurnitureusa.com,24,Unknown,,https://encrypted-tbn1.gstatic.com/shopping?q=tbn:ANd9GcTGRBIT6VF0obmoLXavSQuvkdLgZ2PsgOlFAoVYTdAFte1PWvw,API,GE,10,10.0,True,Budget
fridge,Jiejia 28 Cuft Mini Fridge with Freezer Bedroom 2 Door Office Small Refrigerator Silver,109.98,109.98,4.1,,walmart - jiejia,25,Unknown,,https://encrypted-tbn3.gstatic.com/shopping?q=tbn:ANd9GcRUdR8BldMf0ID-ArC4BCSN361zOIbcnJFzFmW0znO0HhDec2T-KwWR-Nup8l0DHZzqdUxd9FIQ,API,Jiejia,10,10.0,True,Budget
fridge,Fridge with Freezer for Bedroom 32 Cu ft Refrigerator for Office Stainless Steel Size 19 Purple,99.79,99.79,2.3,42,walmart - yanyang,26,Unknown,,https://encrypted-tbn1.gstatic.com/shopping?q=tbn:ANd9GcQIVZGumbWTtCIXmVFoRtlgCFG3WXuQ9529YUUboF_aYX-dG9OfNcel9AzdSLyHyW8v9tn7KYo,API,Fridge,28,3.571428571428571,False,Budget
fridge,Iceblue 30 inch Black Stainless Steel French Door Refrigerator Top Fridge and Drawer Freezer 177 Cu Ft,1049.0,1049.0,4.1,,walmart - iceblue-us,27,Free delivery,,https://encrypted-tbn2.gstatic.com/shopping?q=tbn:ANd9GcSd17IkWg59dDmsc1Aqwf7mq39NrDd6oeutgDvEp7cWVff2De9LpBsVJqpjZRyvwwrczssmdUI,API,Iceblue,10,10.0,True,Mid Range
fridge,Tacool 35 Cuft Retro Mini Fridge with Freezer 2 Door Small Refrigerator with 7 Adjustable Thermostat for Home,189.78,189.78,2.3,1,walmart - tacool,28,Unknown,,https://encrypted-tbn1.gstatic.com/shopping?q=tbn:ANd9GcQSB_8uA8P1Sk8x_4JhwtF_iX1piOyYqT58QqLMXyVONl3APkwgFfe-fIo2S7nQ7SG_ofOw3jg,API,Tacool,28,3.571428571428571,False,Budget
fridge,GE Profile 279 cu ft Smart 4Door French Door Refrigerator with DoorinDoor in Fingerprint resistant stainless Steel,2999.0,2999.0,5.0,14000,home depot,29,Unknown,,https://encrypted-tbn0.gstatic.com/shopping?q=tbn:ANd9GcSqzVz0chibBQr2EWdXOJzmJiH0g7jyzNtzvkpXNLa2NDv3hZ1VphpUyjWrh3Q,API,GE,1,100.0,True,Mid Range
fridge,Whirlpool WRS321SDHZ 33inch Wide SidebySide Refrigerator 21 Cu Ft Stainless Steel,1400.0,,3.0,24000,,30,Unknown,,https://encrypted-tbn0.gstatic.com/shopping?q=tbn:ANd9GcSRB4yxmD2W6imYRpB2-_S4sLKxeimoR00GqZ59yswo5EFfUTqUJGWgZtU5JERpbkS7IqI1V7c,API,Whirlpool,21,4.761904761904762,False,Mid Range
fridge,IKEA OLOFSFORS topfreezer refrigerator,899.0,899.0,1.4,1,ikea,31,Unknown,,https://encrypted-tbn2.gstatic.com/shopping?q=tbn:ANd9GcQe9m58nsNctgndYA2-V6dYWsqpaArQHLSEyg0J8R6y90xPFl13FYeRdKup_Q,API,IKEA,34,2.941176470588235,False,Mid Range
fridge,Insignia 30 in Wide 205 Cu Ft TopFreezer Refrigerator with ENERGY STAR Certification,649.99,649.99,5.0,274,best buy,32,Unknown,,https://encrypted-tbn0.gstatic.com/shopping?q=tbn:ANd9GcSAxjCSG0Vhnifx8G3aA2EqFGGWA2vKsWkO1yRNm5Ht_wbJo14rk4fljrnc-Co,API,Insignia,1,100.0,True,Mid Range
fridge,Frigidaire 223 Cu Ft 33 Standard Depth Side By Side Refrigerator,1399.0,1399.0,3.6,7400,home depot,33,Unknown,,https://encrypted-tbn3.gstatic.com/shopping?q=tbn:ANd9GcRF_RgFfA3s7VfhG3wYpxojJp4xBAsaK2GU02h27AZSlGGBuC5rYFsQXDG1oA,API,Frigidaire,15,6.666666666666667,False,Mid Range
fridge,Hamilton Beach 156 cu ft Side by Side Refrigerator hz8551,584.0,584.0,5.0,408,walmart,34,Free delivery,,https://encrypted-tbn1.gstatic.com/shopping?q=tbn:ANd9GcQfUypY4ClHFftoHAs4WUx0wG7sLa0UaR6ndK5IqcdG8-RAXRNZpSXXymv_RRpJCRshKpU_J9uE,API,Hamilton,1,100.0,True,Mid Range
fridge,IKEA LAGAN topfreezer refrigerator,749.0,749.0,5.0,1,ikea,35,Unknown,,https://encrypted-tbn0.gstatic.com/shopping?q=tbn:ANd9GcTeEMl2DlqWW83AwWT_VFOpkQyCiDMQ2Ah8x8UYyN7X3OsXMSy6huSAmhw1qw,API,IKEA,1,100.0,True,Mid Range
fridge,Haier 596 L Frost Free Side by Side Convertible Refrigerator with Inverter,656.59,656.59,4.1,,ysvara lifestyle,36,Free delivery,,https://encrypted-tbn1.gstatic.com/shopping?q=tbn:ANd9GcTlRAQUiwkL_u92SNpozu6knoMtJ2IZwsoMvOfu2LCsXXz0TmXrhrfzdp2e7geLEA2oQyrd6nw,API,Haier,10,10.0,True,Mid Range
fridge,Insignia 186 Cu Ft Bottom Freezer Refrigerator with ENERGY STAR Certification,629.99,629.99,5.0,2900,best buy,37,Unknown,,https://encrypted-tbn0.gstatic.com/shopping?q=tbn:ANd9GcSgeQ30IMr5Gr9XQYuEiy4VrPN0TC_WjF0_zi5_PP5x2unKUF8TpZkQgr_wxxY,API,Insignia,1,100.0,True,Mid Range
fridge,Haier 98Cu ft TopFreezer Refrigerator,611.0,611.0,5.0,3300,appliance home store,38,Free delivery by Tue,,https://encrypted-tbn1.gstatic.com/shopping?q=tbn:ANd9GcSnDeyRJd-ltV9NY4udz9aaQ3FtoctkvYaO0X9WuxVP1BlbkV78umymvEbHyqI,API,Haier,1,100.0,True,Mid Range
fridge,Haier 98Cu ft TopFreezer Refrigerator,659.99,659.99,5.0,3300,metro appliances & more,39,Unknown,,https://encrypted-tbn1.gstatic.com/shopping?q=tbn:ANd9GcSnDeyRJd-ltV9NY4udz9aaQ3FtoctkvYaO0X9WuxVP1BlbkV78umymvEbHyqI,API,Haier,1,100.0,True,Mid Range
fridge,LG 22 cu ft French Door Refrigerator lfds22520s,1888.96,1888.96,3.1,4200,apartment supply by feder's distributors,40,Unknown,,https://encrypted-tbn1.gstatic.com/shopping?q=tbn:ANd9GcSLKvHA_cZR_bbN5XGQzfJAT8CdAlNqorKcC0-mbHUh6PrOPad01MHU98leHel61J9HXI-g7nc,API,LG,20,5.0,False,Mid Range
fridge,Model PVD28BYNFS GE Profile StandardDepth 279Cu Feet 4 Door Smart Compatible French Door Refrigerator with Ice Maker with water and Ice,1337.97,1337.97,4.4,14000,wonderful life appliances,1,Unknown,,https://encrypted-tbn1.gstatic.com/shopping?q=tbn:ANd9GcTaxjPoXSDeSKlqxeTsfDdkeXzlsllTj2K00wq_APfGinKy-7t6sGQJbygZ_r4GzDMZ3WNZ1nEfKXKbG0mxwI4mC3DCKVhUfLFbeECqNvc,API,Model,7,14.285714285714285,True,Mid Range
fridge,GE GarageReady 219cu ft TopFreezer Refrigerator White,112.46,112.46,3.6,14000,littlewoods,2,Free delivery by Wed,,https://encrypted-tbn2.gstatic.com/shopping?q=tbn:ANd9GcRdPwtz-Cs3wdU3HWutXsMYT8nhGVuw0rvG9WvCUuUgFjHzBZtBqK0kpDA3jG25OlrhqcVsANilapPyPhlC8Ei02-Ckmr-6yKqdiQRqvcTf7QyeoXCGUTcp,API,GE,15,6.666666666666667,False,Budget
fridge,Tacool 24 Cuft Mini Fridge with Freezer,149.99,149.99,4.5,1,walmart - tacool,3,Unknown,,https://encrypted-tbn0.gstatic.com/shopping?q=tbn:ANd9GcRxE14Oi3dXTutS0Kb4myupujof_El240sY7rjKvI8teZ1UQy0iKPytQJtuCr532TmhIVskpSDtS7ap9z-2QbIWzbdJW7mVcZDRc8ooi1PmLoDoxaZJ09eU,API,Tacool,6,16.666666666666664,True,Budget
fridge,LG 27 Cu Ft SidebySide Refrigerator with Ice and Water,1398.99,1398.99,2.5,789,enervee ca,4,Free delivery,,https://encrypted-tbn3.gstatic.com/shopping?q=tbn:ANd9GcQpnDRtPUwCDLO9pM11cdmZlNPSZOdAOeEHFyPHr77X4GmUJ1g5ijLwuKldvdIlVl4nsdNUxhpq9_-mD4OkOlePVV42KKCBoyRlL-7zK_U,API,LG,26,3.8461538461538463,False,Mid Range
fridge,LG LFCS28768S Refrigerator ASTCNA2,629.99,99999.0,1.2,1,lg parts,5,Unknown,,https://encrypted-tbn3.gstatic.com/shopping?q=tbn:ANd9GcTw7EjIqdRK3bBprMAlfuL4HDs-G-U0lWSRP9_gyRGab429IU2zzLC-ww_cy7eYsKGDPxJ4tsuXLH7eM-HzH5MiYLm-UuB5rW-P-V8_PiCCVOqyshDFjMw-,API,LG,36,2.7777777777777777,False,Mid Range
fridge,LG 29 cu ft Smart InstaView DoorinDoor StandardDepth MAX 4Door French Door Refrigerator with MyColor and Craft Ice,2899.0,2899.0,3.7,134,home depot,6,Unknown,,https://encrypted-tbn2.gstatic.com/shopping?q=tbn:ANd9GcQuDI_hBEleQbbLLsgBjdtTbQ2ilZggBj_hZ1O8rQlzcDY3FJjFVf73S39TwGXa0ZHNeTCtlf-7ecAlK7dhWWv0bJ7NavM2QJHq-ZZMECmPyTSEj9m08pocqw,API,LG,14,7.142857142857142,False,Mid Range
fridge,LG 20 Cu ft Top Freezer Refrigerator,979.0,979.0,4.9,5800,modesens,7,Unknown,,https://encrypted-tbn3.gstatic.com/shopping?q=tbn:ANd9GcTkIUy9IEpU93aNGfq3qjkPHfubYiFrvj5wHOsS43Skt3tpRayqo54maV5r6iFkrUfI4u5BDMFQRaR3NBS7Nr00IhemC-nWvU239jeFfOkQMwVsKraTjNQoTg,API,LG,2,50.0,True,Mid Range
fridge,Mainstays 32 Cu Ft Mini Fridge Stainless Steel Like New 2026 Miami FL,960.0,960.0,4.7,826,commonplace,8,Free delivery by Thu,,https://encrypted-tbn3.gstatic.com/shopping?q=tbn:ANd9GcRbXdEk6FS-gZP7SR-ZD20rP1Jqt0wf63YP3hO3hGWyoG5yMXg3ta3l3plJ3Eg0W-czKksImOSnJ5S7433jUMQ2oFL9RVfkjkW55iB3r8k,API,Mainstays,4,25.0,True,Mid Range
fridge,Frigidaire 176 Cu Ft CounterDepth French Door Refrigerator,909.99,909.99,3.1,10000,emafoo,9,Free delivery,,https://encrypted-tbn1.gstatic.com/shopping?q=tbn:ANd9GcTSRxBoDeoL9SCipHMVG8wqNjK1uHOOaTZgbK2F6BgyGKvVtQxQxPxTx-LIREhKD0AUPokGstC_NGCiew8CyetMFJkgGrXBe0c0061lfSnc,API,Frigidaire,20,5.0,False,Mid Range
fridge,GE 33 Top Freezer Refrigerator GTS22KGNRBB,793.0,793.0,4.1,,aj madison,10,Unknown,,https://encrypted-tbn2.gstatic.com/shopping?q=tbn:ANd9GcRm26B1Ans1NiZlj5UkCS2ez0N7Hom52lL5AYBPI43MX_mIFSadRfU51P09tXhGFoVCDGqyy0z5_9n8yJP8-x9s0iKY_nR2ZRQpS5XjMHCsAcgKBjGK9RUO,API,GE,10,10.0,True,Mid Range
fridge,Kenmore 17 Cuft Refrigerator Black Home Color Black Size s,80.0,80.0,2.9,1,mercari,11,Unknown,,https://encrypted-tbn2.gstatic.com/shopping?q=tbn:ANd9GcTsIAPMiv0RxF0YSBqByQlMj-rDZalxhr9_a-ol4EcNVS85sWYTQv_qi5llovTHPPrlGJS9S4fhCPxpzSQqqsVJOEjOSXyGgIV4t-9pzzA,API,Kenmore,22,4.545454545454546,False,Budget
fridge,Calliever 35 CuFt Mini Fridge with Freezer DualDoor Small Refrigerator for Dorm Bedroom,139.99,139.99,1.4,1,walmart - alifemap,12,Unknown,,https://encrypted-tbn2.gstatic.com/shopping?q=tbn:ANd9GcRv_-Xsvc5dQRXxVmn3ldezDFCsJ2cYUdSKDwVuHdkLE21WOTiT1Snv5KjOHUuvhJpN60_nAdWcStllXbXiOJWQxbusOsVqO_3FKHnxL2B78evv0FQuAJM-,API,Calliever,34,2.941176470588235,False,Budget
fridge,Frigidaire 75 Cu ft Refrigerator Platinum Series Stainless Look EFR7806COM,51.78,51.78,4.1,,trending deals,13,Free delivery,,https://encrypted-tbn1.gstatic.com/shopping?q=tbn:ANd9GcRdOZY--V30rGHdlUQRZblw7mHBm5RR6IFJRiRFOB6pr7ZYxxOZVT4sAorFe5upLvcK2rsPfmS9ZHMPS2m0hu03mBAFNyA1ZIpXMUx95gb-1xh2X270x7AeIQ,API,Frigidaire,10,10.0,True,Budget
fridge,31 Cu Ft Two Door Mini Fridge W Freezer Reversible Door Dorm,164.19,164.19,4.1,,ebay - tradepost898,14,Unknown,,https://encrypted-tbn1.gstatic.com/shopping?q=tbn:ANd9GcRvwHBALV7J7UJvq_JujX06SzHKhUmbvX37J1mtEwfsw9d75-FphVsbq2hxGlK2iG2jeZOQKysErq8EEeJULYXw7zXRIoSe8tYrkN0QtnBdTDNWbaZJBnaoag,API,31,10,10.0,True,Budget
fridge,32 Cu Ft Two Door Mini Fridge With Freezer Reversible Door Dorm,176.98,176.98,4.1,,ebay - tradepost898,15,Free delivery,,https://encrypted-tbn2.gstatic.com/shopping?q=tbn:ANd9GcSZ-ThsULNrP1If4w_r8g2aW8HyejAAqSkHqjFrp_LT51TCxc0LHvFD6kwFg3ydfhfVzmHAeDipu_7n1POO6RG97kmLbHe0Dx_wiUzmkiHRigADAo8z9GGp2A,API,32,10,10.0,True,Budget
fridge,46 Cu ft Two Door Mini Refrigerator with Freezer Stainless Steel,50.6,50.6,4.1,,trending deals,16,Free delivery,,https://encrypted-tbn2.gstatic.com/shopping?q=tbn:ANd9GcR68aYylyNvWvxtqoh8_IrMQv_iDfYrc3kFfLkjOnRT1jDsay5yDezPaM6vdaLJkwOHEvJuD4qTWHz8rNRHJ0O-ZhmDidRYSWBpqWjmTS9CPLi73yQBarQIFw,API,46,10,10.0,True,Budget
fridge,Galanz 46 Cu ft Two Door Mini Refrigerator with Freezer Stainless Steel,41.64,41.64,4.1,,trending deals,17,Free delivery,,https://encrypted-tbn3.gstatic.com/shopping?q=tbn:ANd9GcQKb5rgcUeHJTjNJC5bNa7GOlCB9jqRwwaV5rAZUw7oPomMiYZ5EFS2mhI89qEPACGb-1nfqMmsNB_JnhwA1vDmazrVJUpDLdkNZtRnGM4F5dibhSGL3aqE,API,Galanz,10,10.0,True,Budget
fridge,31 Cu Ft Compact TwoDoor Mini Fridge With Freezer Freestanding Black 2 Shelves,89.5,89.5,4.1,,praktijkzinnia.be,18,Unknown,,https://encrypted-tbn2.gstatic.com/shopping?q=tbn:ANd9GcQ5RIaNTj0esqqmwi1MT3tUW7xcK9yfz4NRw5ZuPI4opDvqyC_XwRe7UcbWHcaNBwgzbXNFxXtPBikbEk4pIWl7_n2UVpMxHRfd1HayfLVtChcWe9u6CraImw,API,31,10,10.0,True,Budget
fridge,GE Profile 279 cu ft Smart 4Door FrenchDoor Refrigerator with DoorinDoor HandsFree AutoFill Fingerprint Resistant Stainless Steel,112.46,112.46,3.4,14000,littlewoods,19,Free delivery by Wed,,https://encrypted-tbn2.gstatic.com/shopping?q=tbn:ANd9GcTwRcxEeJVPwx6PkUwgyge4txpQd_YfM3oUrOqnNjAr6Z4zCxzqMKP3v7uCGAA_8ABbl1HNJmKh8wJIF049o3g5xBxSCktgrVeu6IaegrA,API,GE,17,5.88235294117647,False,Budget
fridge,Whirlpool 33 Inch Freestanding Side by Side Refrigerator with 214 Cu Ft Total Capacity WRS321SDHVBZW C Grade White,899.0,899.0,3.3,24000,kc appliance outlet,20,Unknown,,https://encrypted-tbn2.gstatic.com/shopping?q=tbn:ANd9GcS4gPetT1yNelxcdOd0K80WE2A7_Nepx6uROF0wFqFbxnZXwSfrwquJAWNIU4AfeHQgfgBa1ZTxRPPKrdP__NQwL_HFrY4ITYRMp0vCcUw,API,Whirlpool,18,5.555555555555555,False,Mid Range
fridge,Arctic King 32 Cu Ft Two Door Mini Fridge With Freezer Stainless,176.96,176.96,4.1,,ebay - aemos_65,21,Free delivery by Sat,,https://encrypted-tbn2.gstatic.com/shopping?q=tbn:ANd9GcT_2gxtCYXoP1nOVwP0imjk0fihI2a4kn1xehv9H_1MlmqFrYlWX0TCXjec7Tfw1xm8UsXqda0hfjRhFQdNdkD7Ji8CCzaUg4HiHN4_ukE,API,Arctic,10,10.0,True,Budget
fridge,31 Cu Ft Mini Fridge With Freezer Stainless Steel Energy Star,191.6,191.6,4.1,,ebay - jslellc,22,Unknown,,https://encrypted-tbn1.gstatic.com/shopping?q=tbn:ANd9GcQJoelhEZhLepLHtBrKkta1pXXEaAnrwggmnZddjHk02rBC_08GSuBJM_yqvIteXAPvYGeOtaXgPx9cZ17YV5tYp5nggLISE3jdSEMsXGfQTjUcZT7hJvz6,API,31,10,10.0,True,Budget
fridge,Samsung 36 in Wide 32 cu ft 3Door French Door Smart Refrigerator with Dual Auto Ice Maker Stainless Steel,39.0,39.0,4.1,,ohiofurnitureusa.com,23,Unknown,,https://encrypted-tbn2.gstatic.com/shopping?q=tbn:ANd9GcTF1-4Gl1hjMJGsakBmpAc76NE54UWV0mjp6cRXQSD2rWArPVOIIC51i3u0MybVmTYAg8mv-uAkHIwrziah2e8Y219dwTUkyg,API,Samsung,10,10.0,True,Budget
fridge,GE Profile 36 in Wide 279 Cu Ft 4Door French Door Smart Refrigerator with HandsFree AutoFill Stainless Steel,39.0,39.0,4.1,,ohiofurnitureusa.com,24,Unknown,,https://encrypted-tbn1.gstatic.com/shopping?q=tbn:ANd9GcSqXQHqy8UBtVGKmdt42DV2YlXJDsxbVOEVz-rT5RHNA8GwlCl258nLGRj3ZV1Tsz8cWo2o6HwEauMD2Fnz-NYoTIw1_UIY,API,GE,10,10.0,True,Budget
fridge,Jiejia 28 Cuft Mini Fridge with Freezer Bedroom 2 Door Office Small Refrigerator Silver,109.98,109.98,4.1,,walmart - jiejia,25,Unknown,,https://encrypted-tbn3.gstatic.com/shopping?q=tbn:ANd9GcS8n7kJYA5C7DOvC2nc-siUovTo-lIeboLW--f3OO82D1sf8ckN2tkRa4ffDNqsdd0YGhX-Vt3RULQC852FqNtne7lfBu7Oq0LpuOuAFCqsXsIFgIgZ1nS-Sw,API,Jiejia,10,10.0,True,Budget
fridge,Fridge with Freezer for Bedroom 32 Cu ft Refrigerator for Office Stainless Steel Size 19 Purple,99.79,99.79,2.3,42,walmart - yanyang,26,Unknown,,https://encrypted-tbn1.gstatic.com/shopping?q=tbn:ANd9GcT8lVdpdeHIfzwXczDcmu6XHnmgWqNLk2AKL6UfIZQ918sdG3_LTk6XZcDz4A6dMrj9wux4P2ltx2XmaBCDbIO0edyOODj35N2zBtqX4vO3ILp3zZSnAcj6,API,Fridge,28,3.571428571428571,False,Budget
fridge,Iceblue 30 inch Black Stainless Steel French Door Refrigerator Top Fridge and Drawer Freezer 177 Cu Ft,1049.0,1049.0,4.1,,walmart - iceblue-us,27,Free delivery,,https://encrypted-tbn2.gstatic.com/shopping?q=tbn:ANd9GcQvNYA0UehMjFstoUAgDbf-VwvClxiSblGlnEFuUGvSgaSCYNSdXION6F8tUZefFHl_aTnniV4ScUwNjsQwVOPjDwSpmLv1VY28tmxJv9mV4EOJdGp5ubMx,API,Iceblue,10,10.0,True,Mid Range
fridge,Tacool 35 Cuft Retro Mini Fridge with Freezer 2 Door Small Refrigerator with 7 Adjustable Thermostat for Home,189.78,189.78,2.3,1,walmart - tacool,28,Unknown,,https://encrypted-tbn1.gstatic.com/shopping?q=tbn:ANd9GcSzmic5IYpfLqE5YVZuJvsG86QGnzk3R1bXjvF2OZAniFecPe2CdGIxPhhuSlZZLjPmUU1ZPciGR-JM7enKMLz5kuRT7059_rKsAJhZ9SHE1a0qi7qHD_R2,API,Tacool,28,3.571428571428571,False,Budget
fridge,GE Profile 279 cu ft Smart 4Door French Door Refrigerator with DoorinDoor in Fingerprint resistant stainless Steel,2999.0,2999.0,5.0,14000,home depot,29,Unknown,,https://encrypted-tbn0.gstatic.com/shopping?q=tbn:ANd9GcQgbLWnq5BhKkhLqxSmRIk_FOKulEBovhQsjbGjeWdaXOI0OsJNMIedXsxaj5busmJtK2JpLGHzkUUdA7knorXh5z-DYbZkHMxzy2wf-TxN,API,GE,1,100.0,True,Mid Range
fridge,Whirlpool WRS321SDHZ 33inch Wide SidebySide Refrigerator 21 Cu Ft Stainless Steel,1400.0,,3.0,24000,,30,Unknown,,https://encrypted-tbn0.gstatic.com/shopping?q=tbn:ANd9GcRBCtWp99Mwm-GVu-DAZchyMejfcszuX-U6331d7jsXOtb8ko_9jzeykIjd8jr0y4p_iE8755nuYFg9aUUcTIa6qwCPCdlnb-4JAcVp1IZ5dxYkHd2_6JoP,API,Whirlpool,21,4.761904761904762,False,Mid Range
fridge,IKEA OLOFSFORS topfreezer refrigerator,899.0,899.0,1.4,1,ikea,31,Unknown,,https://encrypted-tbn2.gstatic.com/shopping?q=tbn:ANd9GcS-7Fhzi-syHE77TEGSLqMgdVQXHNvgQBVNTzqvHhm6Kh2mlV-riV_o0PolR03p37kHq4BgzmHTnB3ivmw0lXHPIEi4a7_U6_Sk04xIPys,API,IKEA,34,2.941176470588235,False,Mid Range
fridge,Insignia 30 in Wide 205 Cu Ft TopFreezer Refrigerator with ENERGY STAR Certification,649.99,649.99,5.0,274,best buy,32,Unknown,,https://encrypted-tbn0.gstatic.com/shopping?q=tbn:ANd9GcRdrp4HpLb1jwE0PxSG5Pwhmawh8fnpNzQAO3y97__fcpwIUlb2dgCBYLQtmJQX1c-UfELKttwyR0t6cWAXBrmvTcxHa4EmZ5ydNfJZAuzX,API,Insignia,1,100.0,True,Mid Range
fridge,Samsung 274 Cu Ft Smart SidebySide Refrigerator RS27T5201SR,1599.3,1599.3,4.0,88,specialty appliance,33,Unknown,,https://encrypted-tbn1.gstatic.com/shopping?q=tbn:ANd9GcT1MSrzaXZZ1GAxw15Hs8C0gUAWH8DHZimYNeqa-EvnJtAyAJbGek-JKSlWJ9yQG6OdlHiQYXELbYvLE-Lf1K4KWyhLkm4HKr8ldbbpfyXK,API,Samsung,11,9.090909090909092,False,Mid Range
fridge,Frigidaire 288 Cu Ft StandardDepth French Door Refrigerator,1698.0,1698.0,5.0,2000,home depot,34,Unknown,,https://encrypted-tbn2.gstatic.com/shopping?q=tbn:ANd9GcSFV_KE7tzBAYF32GVrLryJfLwVKuUyNm4kztDKY5Cb4hdjZP_K2s_fNdare2Jpry4UF9xPZMxKGOTQrtU5I4OP6YkAud5icJMYcHh31zu7CmGOgDMfxB_0,API,Frigidaire,1,100.0,True,Mid Range
fridge,IKEA LAGAN topfreezer refrigerator,749.0,749.0,5.0,1,ikea,35,Unknown,,https://encrypted-tbn0.gstatic.com/shopping?q=tbn:ANd9GcT1gcwyn6gf9iuKYFkOQd5iJIMjJ_0cufwj-ZyhZG1azAxM70Q-fnqc5dLBon9nJ1Ks0lXW1MDAS5MxK_3PuXlhT2GQ1Z-n_Yf1DLwo2kc,API,IKEA,1,100.0,True,Mid Range
fridge,Hamilton Beach 156 cu ft Side by Side Refrigerator hz8551,584.0,584.0,5.0,408,walmart,36,Free delivery,,https://encrypted-tbn1.gstatic.com/shopping?q=tbn:ANd9GcSuDDp7PG3LaS3ryqN5LSqp5H0Uc-sQZ835FzAUuSIl6ai9nZk2phlFR6cZdw06kePWnFrUEWrw1N_DKub8azYWq8DAUoNNRCSOy0JKN80DzVHccKP5BivJhQ,API,Hamilton,1,100.0,True,Mid Range
fridge,Insignia 186 Cu Ft Bottom Freezer Refrigerator with ENERGY STAR Certification,629.99,629.99,5.0,2900,best buy,37,Unknown,,https://encrypted-tbn0.gstatic.com/shopping?q=tbn:ANd9GcTfVkpyFOK-PTFZz8itSzYPta5MbGzkBLlBvFvk1dazJMPgrqK6Vl2QBrDjlJT3xGHcLJm4r2nn1VpZeMB4UTi126tILwn3qC6DLqqAKQZI,API,Insignia,1,100.0,True,Mid Range
fridge,GE 175 Cu Ft Stainless Steel Top Freezer Refrigerator,1061.99,1061.99,3.0,484,appliance home store,38,Free delivery,,https://encrypted-tbn2.gstatic.com/shopping?q=tbn:ANd9GcRiJYWCByWqJcFhyBdFlyjBcfyBN5PcXzuf08aW4uumEr-uDUYmOJU7TDOS1bwHBk_bZbtbEUIhDz5C_hU3QDKsXs7J9Nh3eYR9ySZH18zBJv3wyCCWnAdB,API,GE,21,4.761904761904762,False,Mid Range
fridge,Haier 98Cu ft TopFreezer Refrigerator,611.0,611.0,5.0,3300,appliance home store,39,Free delivery,,https://encrypted-tbn1.gstatic.com/shopping?q=tbn:ANd9GcRPV6cgWYwwiWNU63h8EitXVz-guv5Qbqr2mMauclYKMWDDZMiiVxSzlvKkAUK8OEZ8_r-NX313EgIzrwDrDDrW6F0SkBu6t-ZVmLYUl1KS,API,Haier,1,100.0,True,Mid Range
fridge,GE Refrigerator Top Freezer 175 Cu ft,989.0,989.0,4.8,2300,appliance home store,40,Free delivery,,https://encrypted-tbn2.gstatic.com/shopping?q=tbn:ANd9GcRiJYWCByWqJcFhyBdFlyjBcfyBN5PcXzuf08aW4uumEr-uDUYmOJU7TDOS1bwHBk_bZbtbEUIhDz5C_hU3QDKsXs7J9Nh3eYR9ySZH18zBJv3wyCCWnAdB,API,GE,3,33.33333333333333,True,Mid Range
fridge,Frigidaire 75 Cu ft Refrigerator,218.0,218.0,3.7,11000,walmart,1,Free delivery,,https://encrypted-tbn1.gstatic.com/shopping?q=tbn:ANd9GcR3h1_snSVMgl5vfNkneG-uIQQ2imT9eEXNAh9HqFz43_Of7upF0YibobMglY9veG7PaTwtk1eoJejg7QHsT0ekmtaZUtZCnRTaYPKH4J9GI6zrtGu_ShIo,API,Frigidaire,14,7.142857142857142,False,Budget
fridge,Insignia 30 in Wide 18 Cu Ft TopFreezer Refrigerator with ENERGY STAR Certification,549.99,549.99,4.5,2900,best buy,2,Unknown,,https://encrypted-tbn0.gstatic.com/shopping?q=tbn:ANd9GcRdrp4HpLb1jwE0PxSG5Pwhmawh8fnpNzQAO3y97__fcpwIUlb2dgCBYLQtmJQX1c-UfELKttwyR0t6cWAXBrmvTcxHa4EmZ5ydNfJZAuzX,API,Insignia,6,16.666666666666664,True,Mid Range
fridge,Hamilton Beach 156 cu ft Side by Side Refrigerator hz8551,584.0,584.0,3.3,440,walmart,3,Free delivery,,https://encrypted-tbn1.gstatic.com/shopping?q=tbn:ANd9GcSuDDp7PG3LaS3ryqN5LSqp5H0Uc-sQZ835FzAUuSIl6ai9nZk2phlFR6cZdw06kePWnFrUEWrw1N_DKub8azYWq8DAUoNNRCSOy0JKN80DzVHccKP5BivJhQ,API,Hamilton,18,5.555555555555555,False,Mid Range
fridge,Vissani 30 in 184 cu ft StandardDepth French Door Bottom Freezer Refrigerator in Fingerprint Resistant,799.0,799.0,4.2,19,home depot,4,Unknown,,https://encrypted-tbn3.gstatic.com/shopping?q=tbn:ANd9GcQbkrJDDOzDlMKYZBMLqV4m2-j6P-6N-uWnBzsKxevekUrhlScXeXiCAU9gBpDdUYphGbxY18LLVsMsj5YzzB-QAUkNfp4fPwNk5jSce-XDqX4nBMrKT5AS,API,Vissani,9,11.11111111111111,True,Mid Range
fridge,Whirlpool SidebySide Refrigerator,1019.4,1019.4,3.9,24000,overstock corner - appliance store,5,Unknown,,https://encrypted-tbn0.gstatic.com/shopping?q=tbn:ANd9GcTLcYt05xEfwee__k_71aDDFXBu9fl7oExIbc124kN44yigph6e2eYSZBQj2aLbCiqsVX7nIzLC6SaAZe_u10uP4LZX_W5p,API,Whirlpool,12,8.333333333333332,False,Mid Range
fridge,Hamilton Beach 177 cu ft French Door Refrigerator hz0771,678.74,678.74,3.5,214,walmart,6,Free delivery,,https://encrypted-tbn2.gstatic.com/shopping?q=tbn:ANd9GcSKsbBtO10lphqRGfmItv13_oFzDnoLOUwAAnYvKoEnZChAbXFKCUA9aEoGA8G90zaKi-qHZCTPLFIVIpUUZsUyE1Vbt419QTOOZgnlXT_eRQYRXQRo7vLqaQ,API,Hamilton,16,6.25,False,Mid Range
fridge,GE 166 Cu Ft TopFreezer Refrigerator,598.99,598.99,4.3,4000,best buy,7,Unknown,,https://encrypted-tbn0.gstatic.com/shopping?q=tbn:ANd9GcSi0cmG0n8fMPrnhE7weVotY9bnvN2twUJfFnwPxfhzdPVTkouCPFP03Dy_Fz7j3Qyg2Mbn_JTosHql6mdRJlRj0izzv3NwQpRkomPXCC4,API,GE,8,12.5,True,Mid Range
fridge,Mainstays 32 Cu Ft 2Door Refrigerator with Freezer,148.0,148.0,4.2,750,walmart,8,Free delivery,,https://encrypted-tbn0.gstatic.com/shopping?q=tbn:ANd9GcSNumbNwPCjdozxXU1EjPuQWfIfGm9R-zDJyUWD-MHLiUzrL32v1Wa4s8kJBHfM9tMUyl14sx5XIhbEv1DRR2heL8F1Xi76H2fUQmn3S0YieVYS2Bd5j_wX,API,Mainstays,9,11.11111111111111,True,Budget
fridge,Samsung Bespoke AI 36 305 cu ft Fingerprint Resistant Stainless Steel French Door Refrigerator with External Water Ice Dispenser rf32cg5b30sr,1799.0,1799.0,4.2,212,home depot,9,Unknown,,https://encrypted-tbn1.gstatic.com/shopping?q=tbn:ANd9GcTeNNYvgg5jLhet7xFjosxM7mPIbAZk8amdfTwo4gt2ItTvVKTbV9O_SUa7QYv6ZnRCG9DtVciYmjyJQsSe3QiMGsDDZLQcPQXgJEyTMhtc6sCa9B-OnDiJ,API,Samsung,9,11.11111111111111,True,Mid Range
fridge,Galanz 46 Cu ft Two Door Mini Refrigerator with Freezer,124.51,124.51,4.1,3000,hittlewoods,10,Free delivery by Wed,,https://encrypted-tbn2.gstatic.com/shopping?q=tbn:ANd9GcQj627i5IV2SBvFOa7OWSFpCmeQ7H-YNMRss1KlMwrvFVjjen5gVOdqNPHfM4jm9QzUcF77Wt5t2GnhtWUn4iym2gJmiL19r6y3N7Ywb1yEHs7EnEOtMdlXPg,API,Galanz,10,10.0,True,Budget
fridge,KitchenAid 258 Cu ft French Door Refrigerator,2499.99,2499.99,3.8,10000,best buy,11,Unknown,,https://encrypted-tbn2.gstatic.com/shopping?q=tbn:ANd9GcTDUV43rOPttIrmDHe9rXyElO1ae-dfwir4D7ZzRrswSf9Ml5FTP8Ss02paCavmro7U6X-no9A-9Tld0iBgau-fZBo1N768z1TwfSmO9B0,API,KitchenAid,13,7.6923076923076925,False,Mid Range
fridge,Mainstays 72 cu ft Energy Star 2Door RefrigeratorFreezer with LED Lighting,244.0,244.0,1.3,3,walmart,12,Free delivery,,https://encrypted-tbn2.gstatic.com/shopping?q=tbn:ANd9GcRXYpqHv2gGFzVGykm7C_Zutt4eb8QfgRPf53DPmXLAMQ4UuNs9YMI7ELXFKdBFukw5wHAovFWByXNoPfTf8iR6vor8YAh2zV-hbW6-3h7-ryMSj7CohXpUxw,API,Mainstays,35,2.857142857142857,False,Budget
fridge,LG 30 Cu Ft Smart StandardDepth MAX 4Door French Door Refrigerator with FullConvert Drawer,2195.0,2195.0,4.4,669,plesser's appliances,13,Free delivery,,https://encrypted-tbn2.gstatic.com/shopping?q=tbn:ANd9GcTQfUfHA8fpOTYdks97fIJu69EPqbDRsvj-oyIzvGi5ipQ3Rn6dAuUsbTsSm4YtJN5UQ9xlJUeynKfkGTlKK_fcwF3P-VkFee3WtAQsrvI,API,LG,7,14.285714285714285,True,Mid Range
fridge,Vissani 72 cu ft Top Freezer Refrigerator,349.0,349.0,3.5,196,home depot,14,Unknown,,https://encrypted-tbn1.gstatic.com/shopping?q=tbn:ANd9GcSKpDaXvxw_sBZkhKF9JJZZrxUMgQDrqgZSBr3L5eYMxOWs4WKIeQTwPg15IERU4bl_FNr6c7I_Af_rpA2Nv1CE02paY-XWYeVhGh0xS7ib4Up-F0nQFhrJPQ,API,Vissani,16,6.25,False,Mid Range
fridge,Big Chill Classic Fridge Color Brushed Brass,5995.0,5995.0,4.1,,big chill,15,Unknown,,https://encrypted-tbn3.gstatic.com/shopping?q=tbn:ANd9GcQGuRynr2q71kschEgMrQKsB0I0ZmHWp1YpHTVXrauML2VopOCLUNnLKnzL8H6G6-MvPrMqkiSCCU_eFiSsBHaRPrYo1woDXH05dsRwHVmkzdSXEKzzhod3,API,Big,10,10.0,True,Premium
fridge,Frigidaire 75 Cu ft Top Refrigerator,324.5,324.5,3.4,85,sam's club,16,Free delivery,,https://encrypted-tbn0.gstatic.com/shopping?q=tbn:ANd9GcSCB5sJOy6DO6itYqQzXZqoefGq9V5zPVs6yupl3ExD2vjq0kB4sd33XUZN2zslmBh-LTof3hChNcvmaWiEbhlwiIMuGB2UxRKJddoxNXScbeTAxjQi1iFm4Q,API,Frigidaire,17,5.88235294117647,False,Mid Range
fridge,RCA RFR741 Refrigeratorfreezer topfreezer 75 Cu ft White,349.99,349.99,3.6,380,walmart,17,Free delivery,,https://encrypted-tbn3.gstatic.com/shopping?q=tbn:ANd9GcQFlVT3v-o498vGp-F9f34jFjirgp5Rltjt5CByujenCTyXEiLQXVmP9RDBFQmaKx3XTxNYmZaHi8xn3XXxNN3FmYdZBBbQdkgLX4Rt3EtnmM2U7Uqq2HsE,API,RCA,15,6.666666666666667,False,Mid Range
fridge,Hamilton Beach 177 cu ft Bottom Freezer French Door Refrigerator in Stainless Steel Look,911.15,911.15,3.2,165,home depot,18,Unknown,,https://encrypted-tbn2.gstatic.com/shopping?q=tbn:ANd9GcQ5HIvIWjSxXe_69kf-ZkkWl_rO6dHRa0L-svIaGZ1huiwhx1CPyQc_vsrIvuK897QXRUKVCS5sTDtRgDTDSFr-yPoDwqPz3WM4E2sN8FY0ul9bjfEFCMcO,API,Hamilton,19,5.263157894736842,False,Mid Range
fridge,Insignia 30 in Wide 18 Cu Ft TopFreezer Refrigerator with Handles,499.99,499.99,4.5,2000,best buy,19,Unknown,,https://encrypted-tbn2.gstatic.com/shopping?q=tbn:ANd9GcQhKbG2t1TDtwNMWMTW21V-Bab0z2sjh4oTPa3km2w1gZTQwMn7pxk0JzTLJjZzc0msbZfPLZJrizY8AYA0AmoZ0MQ_SfSu,API,Insignia,6,16.666666666666664,True,Mid Range
fridge,GE 270 Cu Ft Fingerprint Resistant Stainless Steel French Door Refrigerator,1794.1,1794.1,4.3,16000,brandsmart usa,20,Unknown,,https://encrypted-tbn1.gstatic.com/shopping?q=tbn:ANd9GcSlYy6dPjq0b5Ple5GpSrMsFcyqbUwNonHoyT2lrU-a4EhtbG2dFt4mGFnZtJFLbWBy5i9su0hc_lssHqTX7Jz0Gj0vY6LQra5UqpJsL5OknEJkkUrw1rqm,API,GE,8,12.5,True,Mid Range
fridge,Samsung 274 CuFt Stainless Refrigerator Side by Side,1399.0,1399.0,4.2,7400,home depot,21,Unknown,,https://encrypted-tbn1.gstatic.com/shopping?q=tbn:ANd9GcTSbmcYoHdnjLJnNmLvTPAvZ92ULy1l3rYiZvPOEXiYo3DMpdE2_F2OhEMPk-DX6YpNtGBSWi_rjrkPK60IBf2K5IeYyG14tixf2HmTp5OmTYSi49-l-IvZ,API,Samsung,9,11.11111111111111,True,Mid Range
fridge,Demuller 24 Cuft Mini Refrigerator with Freezer Dorm Fridge for Personal Removable Shelves,99.99,99.99,4.1,,walmart - demuller,22,Unknown,,https://encrypted-tbn1.gstatic.com/shopping?q=tbn:ANd9GcRz5tTtVLKKXn_6luNzRaPtMbdGjQAG4pPiws09Tmh3k6JPTbCLK1B_sqTN2w3MddLe4bxRLeY1IrOFmN8L5NrdnMp-HLa-6cvQE5wp7yx7kgsPaO2_FOOtfA,API,Demuller,10,10.0,True,Budget
fridge,LG 3Door French Door Refrigerator 25 Cu ft,1598.97,1598.97,4.3,571,pc richard & son,23,Unknown,,https://encrypted-tbn0.gstatic.com/shopping?q=tbn:ANd9GcRrJ_ZaMW-5h3VGatKBD1Jwm1InsRKES2gmoCDKG_VLccm2vGhTWH5sqWZfCDElEh3F09bnzvsPmiOmBohEM5oUtdcS7ET3yPbrbqK7u7pBGaRnJZx_6HaH,API,LG,8,12.5,True,Mid Range
fridge,Insignia 72 Cu Ft Mini Fridge with Top Freezer and ENERGY STAR Certification,289.99,289.99,4.7,80,best buy,24,Unknown,,https://encrypted-tbn2.gstatic.com/shopping?q=tbn:ANd9GcT7ZU8eXSoDfUb1uNDlDMHibkgk4D8PyYCKsy1hpCCOpDNyVNLbA8y9uxkWZDmqAZFtD_Q3qmoUEG1sut3u5GMvtPkZC5jlxcHwv1t6qSDV,API,Insignia,4,25.0,True,Budget
fridge,Samsung 27 cu ft 3Door French Door Refrigerator Counter Depth rf27cg5010s9,1599.0,1599.0,4.4,1400,home depot,25,Unknown,,https://encrypted-tbn3.gstatic.com/shopping?q=tbn:ANd9GcQ57VCfdl2UOyyRmeb_fAikYyFgG2NfV0l-MCBgVzmRwZZzrM_BfZ3HSTkd2iDGMyTAQnS1eRDcgm7OOlwIqXlKIpLA78fJTN0MRSupyO-jB3vSUvMFt8cH,API,Samsung,7,14.285714285714285,True,Mid Range
fridge,Whirlpool 36 SideBySide Refrigerator,1279.99,1279.99,3.7,12000,siano appliances,26,Unknown,,https://encrypted-tbn3.gstatic.com/shopping?q=tbn:ANd9GcSbb1834CcvLTkK47c6vxjSyNGsOe3JFh56AftDUNbNPD5SLjPidKFcX0rMTu0pbHpWfiNvMfo4rTJP8I4_8w-T31W-AHvz0DV__LELj3F-pfpDpYjqXhLO0A,API,Whirlpool,14,7.142857142857142,False,Mid Range
fridge,Samsung 30 cu ft French Door Refrigerator with Family Hub rf32cg5900sr,2998.99,2998.99,4.0,546,merlin's tv & appliance,27,Unknown,,https://encrypted-tbn0.gstatic.com/shopping?q=tbn:ANd9GcQ8wI2BnfcasogmNBnVPcWQI03DAvyW5eNiFMd9LkCSWUdKUM90J4tqwbc5yoqw3xCZuckpJLaFdHYEmESUxZbtovPO3DniR7gWpmWaMuozv6InKFBIgS2OSg,API,Samsung,11,9.090909090909092,False,Mid Range
fridge,Avanti 70 Cu ft Refrigerator ff7b,507.0,507.0,3.9,48,rochester appliance,28,Free delivery by Thu,,https://encrypted-tbn0.gstatic.com/shopping?q=tbn:ANd9GcQyl-LZ30r_RyIZvLCDDUpwZ00f7MbK2eBCeCTN3zRVrMe5-ZF-GoXCLSMfH8MS8mrGYKr1gYq38-TWsP0VX_FzmjSCFz_GzBw2slRmN2BlvYEqUGTLk7Eiqw,API,Avanti,12,8.333333333333332,False,Mid Range
fridge,Premium Levella 70 CuFt Top Freezer FrostFree Refrigerator in Stainless Steel,499.0,499.0,1.0,6,home depot,29,Unknown,,https://encrypted-tbn0.gstatic.com/shopping?q=tbn:ANd9GcQusfps_XDz2xPL0eVIGma3G92a-fillwhSx5lf982sYfSdhuG7tOPzi3Ki7-MAtK1vDBaWzfz1YBMOn_PjPG6SIAnTkT8EQIX17oHSxTCFXAzD3xiuuPwA,API,Premium,37,2.7027027027027026,False,Mid Range
fridge,Element 176 Cu ft Top Freezer Refrigerator,499.99,499.99,4.4,66,brandsmart usa,30,Unknown,,https://encrypted-tbn2.gstatic.com/shopping?q=tbn:ANd9GcTNdLRiJrD67A1_OT9DViut10Xq1bovHLkhRcqJoIzFipi6R8_oKUPGfOzdzUDaDCovJAQfOEDuwRR9oELeP0dZZ5BIM3cUJYC-Q2O_oGDPNqGstnZ0pjUozg,API,Element,7,14.285714285714285,True,Mid Range
fridge,LG 27 Cu Ft Smart Counterdepth French Door Refrigerator,1899.99,1899.99,4.3,3700,best buy,31,Unknown,,https://encrypted-tbn3.gstatic.com/shopping?q=tbn:ANd9GcSmGwxIMl6SQhT2a233_OwiBWD4g1ikTN2HqJSVZtOL6vXJsj6qLu9cizcATc79I4bxLy_hcPvR18dcrD10hibm73HUImL5qJFGSsuQaRucIryVyG8GnbAh,API,LG,8,12.5,True,Mid Range
fridge,Frigidaire 223 Cu Ft 36 Counter Depth Side by Side Refrigerator,1499.0,1499.0,4.1,1200,walmart - frigidaire,32,Free delivery,,https://encrypted-tbn2.gstatic.com/shopping?q=tbn:ANd9GcSP15UYYcj9oQXh3fqZNWN1EEszd3AyMXUlz5EUAhX7vWIR0R_BKQxG3NBzI15_eiQnM2ORzQvIDO0SIYIKpSGRjZjd5EcCFsfo3CLVfL4,API,Frigidaire,10,10.0,True,Mid Range
fridge,Magic Chef 73 cu ft 2Door Mini Fridge,419.99,419.99,4.2,915,home depot,33,Unknown,,https://encrypted-tbn0.gstatic.com/shopping?q=tbn:ANd9GcRC_0TV8QaGbKzU7prpYZm3ii5r-7a_Dc1Uf6hu5DjXMiJEN0gIcqknf98YKyzfEwNAVjX1-gQY4Jsc-hrItMrXVK2lM00UCe2RNixGWsP1jWS-gKFGhuupEQ,API,Magic,9,11.11111111111111,True,Mid Range
fridge,Frigidaire Gallery 223 Cu Ft Stainless Steel Counter Depth SidebySide Refrigerator,1649.99,1649.99,4.2,5600,king's great buys,34,Unknown,,https://encrypted-tbn0.gstatic.com/shopping?q=tbn:ANd9GcSBZLZRhoeNPogZ2tB3iWfF-Pry_yIZVU-NQMN-Ox8Yhhezv3rAykWEmGK5XPDrpB2wzjuoZUiHWrsqhltbbBOWEsisDpBvjyuMsh41o3cK,API,Frigidaire,9,11.11111111111111,True,Mid Range
fridge,Whirlpool 251 Cu ft SideBySide Refrigerator,1349.0,1349.0,4.0,4000,degroods,35,Free delivery,,https://encrypted-tbn2.gstatic.com/shopping?q=tbn:ANd9GcTvMZk7sqkxlcUV1GEcKDjeD6PZ8xuO7cxpING2SP5Exr_oWiELcrop8T0OOqstQKguF1GaIPENh1Di9I2PKnzc1cPkrDP9SfXVw1j0luGmYtnJ9ud3Oq5r,API,Whirlpool,11,9.090909090909092,False,Mid Range
fridge,ZLINE Autograph Edition 36 216 Cu ft Fingerprint Resistant Stainless Steel Counter Depth French Door Refrigerator,3919.99,3919.99,4.5,188,plesser's appliances,36,Free delivery,,https://encrypted-tbn0.gstatic.com/shopping?q=tbn:ANd9GcRxB9egZpTPXNg3OJl0CzMcXHxYSSi62Tslj1uagxZGo8uN2YkDrarCNs_wKUGOC-oMhvCq1aPQE1NVXZoiGHaGYNo3oIuF8jcTluNpXrmAcHy1j49hwO7e,API,ZLINE,6,16.666666666666664,True,Mid Range
fridge,Samsung 18 cu ft Top Freezer Refrigerator rt70f18lrsr,809.0,809.0,4.5,204,home depot,37,Unknown,,https://encrypted-tbn3.gstatic.com/shopping?q=tbn:ANd9GcS_fUumzW3fAXEo_Lx8nO625Xa8JRrZSdNh17UIkU9_V_KQQQHn4Ks8tMUwPz9h-IxF_9q9zNKy9P0HC__az0gZ28L67ql9EMbCWLA7KM9SKiAy9xY07gdr,API,Samsung,6,16.666666666666664,True,Mid Range
fridge,LG 28 CuFt 4Door French Door Refrigerator,2099.99,2099.99,3.8,6300,best buy,38,Unknown,,https://encrypted-tbn1.gstatic.com/shopping?q=tbn:ANd9GcRGj7EZm-sXis_Kr4UU1wbkbyvZR_IhRXMp-43-5JOBAN8JWLB_Hkp1alsQl8rajzLaEiFoEOThNi8Ck7Nn5j1beE89nX1lZloYHZxmfF1Y,API,LG,13,7.6923076923076925,False,Mid Range
fridge,Samsung Bespoke 29 Cu ft 4Door French Door Refrigerator with Beverage Center,1999.0,1999.0,4.4,3100,homewise appliance,39,Unknown,,https://encrypted-tbn0.gstatic.com/shopping?q=tbn:ANd9GcRed5pYHyUHZshQB6ZFxExfLZaENnLPoN83BCDtmCihBKBUD85Lc026js37dtnOWYCPFqdGvvMYfd41JgbJaqq1NDrGaY-KpHbNkXB2FV4,API,Samsung,7,14.285714285714285,True,Mid Range
fridge,GE 175 Cu Ft Stainless Steel Top Freezer Refrigerator,804.1,804.1,4.4,5500,brandsmart usa,40,Unknown,,https://encrypted-tbn1.gstatic.com/shopping?q=tbn:ANd9GcTwHCXsDd0hJb9QOyMvmeZbF_0TctXf4Ba6glIjKidjyJTN7wlDMWPWlRl16ihlwEAdwdx7sdoOCuSie2lDSTVVBTDD25tIQX6oaX4dJ7GdRVKNE-I5zVz1,API,GE,7,14.285714285714285,True,Mid Range
tablet,Contixo 7 Kids Tablet 32gb Android Learning Tablet Wexclusive 50,79.02,79.02,4.6,,ebay - usa*stores,1,Free delivery by Fri,,https://encrypted-tbn2.gstatic.com/shopping?q=tbn:ANd9GcTWnzzfeQs4gqrjdWmBscX77Slroznseyhsyfxo2fPTT6FIK7eBf9idXrSJpEe3_VS_V4lAo4A,API,Contixo,5,20.0,True,Budget
tablet,Samsung Galaxy Tab A11 Wifi 128 6 Black,125.0,125.0,2.8,4700,cell & sell,2,Unknown,,https://encrypted-tbn3.gstatic.com/shopping?q=tbn:ANd9GcR0j-3bMw-ctNvA2zzp_yJu2v6OW3-aAAHrJkoffNAuqeYYdKS1X63o4voJhgemwtOP-PkRKpI,API,Samsung,23,4.3478260869565215,False,Budget
tablet,LINSAY 101 Tablet IPS Screen 128GB Dual Camera Android 15 with Black Keyboard,114.99,114.99,2.6,107,target,3,Free delivery,,https://encrypted-tbn0.gstatic.com/shopping?q=tbn:ANd9GcR5kvIivSnVXuDJZ9-xRHHFG9rwoHdVo7vP4hONsNKMJ2thoXnMy2mkDrGb_gvuElE7T3WxlEGX,API,LINSAY,25,4.0,False,Budget
tablet,Samsung Galaxy Tab A11 Wifi Model only For Latin America Market 87,140.06,140.06,4.6,,ebay - virtual-depot,4,Free delivery,,https://encrypted-tbn1.gstatic.com/shopping?q=tbn:ANd9GcRgLCShWBwiS-puTvoaj_nJnA1LK0TX6GsENW1vjii9KvSxJ2UnyhD3o188ZA,API,Samsung,5,20.0,True,Budget
tablet,Apple Refurbished Good iPad 6th generation with WiFi 32 Space Gray,99.99,99.99,4.7,132,best buy,5,Free delivery,,https://encrypted-tbn1.gstatic.com/shopping?q=tbn:ANd9GcSOIt1k4q9hQJGGzbXYvhio2NKfNnyz3BsHnM8LEpnXXVJnZBT4Vi7qSEc7EEmTgyTNjGMLTu3m,API,Apple,4,25.0,True,Budget
tablet,Samsung Galaxy Tab A11 Plus 11inch X230 WiFi A11 4G 87 Brand New Sealed,147.26,147.26,4.6,,ebay,6,Unknown,,https://encrypted-tbn1.gstatic.com/shopping?q=tbn:ANd9GcTBfm8hYnaqtN4FK3eG7TkOa_8EtOC5nH1cjj9Zd6kkZ0WxDBw,API,Samsung,5,20.0,True,Budget
tablet,2026 Android 15 Tablet 101 Inch OctaCore 128gb Rom Widevine L1 WiFi 6 Bluetooth 53 for Student and Worker,85.99,85.99,5.0,1,walmart - wenyang hk business limited,7,Free delivery by Wed,,https://encrypted-tbn1.gstatic.com/shopping?q=tbn:ANd9GcT5nRAspu61llKmQQVvbMD8hBqafnE2V3q4Io6TnrbIhR9QzU_Zj1Pa2zyEG5g5QShbuh8suTtX,API,2026,1,100.0,True,Budget
tablet,7 Inch Kids Tablet Bundle Android 13 Educational Tablet with Case Stylus Headphones LCD writing Tablet and Bag,75.99,75.99,4.6,,walmart - wenyang hk business limited,8,Free delivery by Wed,,https://encrypted-tbn3.gstatic.com/shopping?q=tbn:ANd9GcQK1kHx1JFHUnNGlwOHFwNhTEPpOFXvtgA3wdTovIzEI-9bxvWb-w_Zy88d2hJiwYu4uSO8wuyY,API,7,5,20.0,True,Budget
tablet,Samsung Galaxy Tab A11 Wifi 128 6 White,125.0,125.0,5.0,4700,cell & sell,9,Unknown,,https://encrypted-tbn3.gstatic.com/shopping?q=tbn:ANd9GcR0j-3bMw-ctNvA2zzp_yJu2v6OW3-aAAHrJkoffNAuqeYYdKS1X63o4voJhgemwtOP-PkRKpI,API,Samsung,1,100.0,True,Budget
tablet,Apple iPad 9th Gen 2021 Tablet Computer 64 GB Wifi 4G Silver102in,179.0,179.0,3.4,39,walmart - reebelo,10,Unknown,,https://encrypted-tbn3.gstatic.com/shopping?q=tbn:ANd9GcSgVxR_Rbn07N7eZ4sX8i88RFVDTI3v-ts4BE-U3256CAH3BpWZtrxLiZczEnEtkkG5qfR0kep-,API,Apple,17,5.88235294117647,False,Budget
tablet,Samsung Galaxy Tab S10 Ai Tablet Android Tablet Wifi 12gb Ram,5963.05,5963.05,3.1,2600,ebay - soundsolutions_worldwide,11,Unknown,,https://encrypted-tbn1.gstatic.com/shopping?q=tbn:ANd9GcS8ANenfxjTKQ69qigLMKN0okQeW6Q4WtGJ4Z6l2NW68DgOrV-eSPeZb909FTRgQorkWi8lIJa8,API,Samsung,20,5.0,False,Premium
tablet,Samsung Galaxy Tab S10 Ai Tablet Android Tablet Wifi 12gb Ram,5962.89,5962.89,3.1,2600,ebay - soundsolutions_worldwide,12,Unknown,,https://encrypted-tbn3.gstatic.com/shopping?q=tbn:ANd9GcTsMGBckkqNDuUvyp21U7xwgOrFZRF_iqBgEYqWRfZ8kNg6NIS9nFxXh-JEmcphbFUW3Q8lo3Wc,API,Samsung,20,5.0,False,Premium
tablet,Contixo V82 32gb Android Dual Camera Wifi Bluetooth 7 Inch Tablet,45.99,45.99,4.6,,ebay,13,Free delivery by Fri,,https://encrypted-tbn0.gstatic.com/shopping?q=tbn:ANd9GcRKZfDiV3HXlQjWYXVsyiL5Qf13BrjxRHJ4VZYfGYKVOfLG3AUQ3z5jWu9yiSU,API,Contixo,5,20.0,True,Budget
tablet,Samsung Galaxy Tab A11,251.4,251.4,5.0,4700,kapruka.com,14,Unknown,,https://encrypted-tbn0.gstatic.com/shopping?q=tbn:ANd9GcQ4BFFy3mUvhfc1Fe7VWR7GHKNth4iaybbNHnEi1DN0oiRtIjXS7-bvhVCrrpWL4P6YIfQZAfxs,API,Samsung,1,100.0,True,Budget
tablet,iPad 9th Generation with A13 Bionic Chip 102Inch Retina Display 64GB WiFi Gray,315.52,315.52,5.0,16000,ebay,15,Free delivery,,https://encrypted-tbn0.gstatic.com/shopping?q=tbn:ANd9GcSaU40E7k424w3U9eVFnOJR9WJgcf8-EU8-QQTtmeHFqG96UzqKJXo-gABtCA,API,iPad,1,100.0,True,Mid Range
tablet,iPad 9 Gen 102 64GB Wifi Cellular,206.11,206.11,4.6,,mobile pro fix,16,Free next-day delivery,,https://encrypted-tbn2.gstatic.com/shopping?q=tbn:ANd9GcRPUTih6pA2hYeP99d2WyhnUM90Q2PcXFpGbpOKXmgQlacbyFbMxfIFf7B4KBcXdrBh_K3cG94m,API,iPad,5,20.0,True,Budget
tablet,New Linsay 101 Tablet Octa Core 128GB Exclusive Luxury Black Crocodile Keyboard Android 15 Black,124.95,124.95,5.0,1,macy's,17,Free delivery by Sat,,https://encrypted-tbn2.gstatic.com/shopping?q=tbn:ANd9GcQKxX1A6nMvQ8jLBHrwMTIX8oLT3CBw-OrKJxcNSdtEGTIpsNIzB5uW6t9Tu1JSXy9b5sGR7S50,API,New,1,100.0,True,Budget
tablet,Contixo 7 Android Kids Tablet,59.99,59.99,4.4,7600,brandsmart usa,18,Unknown,,https://encrypted-tbn3.gstatic.com/shopping?q=tbn:ANd9GcTVedxriV3C0T19EhlwUFUdmfPzG3ntKqQcaifep-1nQYY_EE_uA3OC-SGxFAU,API,Contixo,7,14.285714285714285,True,Budget
tablet,Apple 13 iPad Air M4 128GB WiFi Cellular Starlight,780.0,,5.0,1700,,19,Unknown,,https://encrypted-tbn1.gstatic.com/shopping?q=tbn:ANd9GcTmI5NqFLA0NHuQ3GQeeozx3-RGQDw6TIvZ69atWo6PqlBhnI28zwzYx9E86veG6nJiOl9C4fw,API,Apple,1,100.0,True,Mid Range
tablet,Sharecloud 12 inch Tablet Android 16 Tablet 30gb Ram128gb Rom1tb Expand T7250 OctaCore 8800mAh BT50WiFi Gray,109.59,109.59,4.6,,walmart - shatablet,20,Free delivery,,https://encrypted-tbn3.gstatic.com/shopping?q=tbn:ANd9GcS0trVpwYAfq-cVPs10hVlag0VVRK0V_ANRIgE18MXeBzZd0Ok7ms04SsE25ws,API,Sharecloud,5,20.0,True,Budget
tablet,Apple iPad 9th Gen 102 Tablet WiFi Only 32GB Space Gray A2602,250.0,250.0,4.6,,discount electronics,21,Unknown,,https://encrypted-tbn0.gstatic.com/shopping?q=tbn:ANd9GcSJMaRm3Lz45lPnPmDPxSpcql8-gf6vyRgvJdVh0J-wIfyTLyZrWVJtYeX9CKZDW7lNevA9mIYr,API,Apple,5,20.0,True,Budget
tablet,None Android Tablets Qualcomm Snapdragon 8 Core 20GB812 128GB 12 inch FHD Screen Unlocked 4G LTE Cellular WiFi 9200mAh Long Battery Life Fast Ch,179.86,179.86,4.6,,newegg.com - n-one,22,Free delivery,,https://encrypted-tbn3.gstatic.com/shopping?q=tbn:ANd9GcTHuVoQ8SFbApliw7UunyowMfssoT3EBNmHp00_-AmVqRPDF7bFKSdmf6gQjC5p_7RAuM9mzGQ,API,None,5,20.0,True,Budget
tablet,Tablet 7Inch Android 140 with Protective Case 8gb Ram 32gb Rom,38.99,38.99,1.0,36,walmart - peichengtech,23,Free delivery by Wed,,https://encrypted-tbn0.gstatic.com/shopping?q=tbn:ANd9GcRmxOT-jNAZkunzn1c4bdzDZ3izv1DURAOz1NzXHS_N36Jr06a6e2CSz4ZIIpyPVE9dWxAOIWc,API,Tablet,37,2.7027027027027026,False,Budget
tablet,Restored Apple iPad 9 2021 102inches WiFi 64gb Up to 10 Hours of Battery Life Space Gray Mk2k3lla Refurbished,159.0,159.0,4.6,305,walmart - texas depot,24,Free delivery by Wed,,https://encrypted-tbn2.gstatic.com/shopping?q=tbn:ANd9GcQIbgRI75LTS2qr3xcLMBIUY_ii5iOOngWaklqvThySWsYoj_uOQBInr4VWJWAe5cOFVBgTP9SR,API,Restored,5,20.0,True,Budget
tablet,Apple 13inch iPad Air M4 WiFi 256GB Blue,780.0,,4.6,1700,,25,Unknown,,https://encrypted-tbn3.gstatic.com/shopping?q=tbn:ANd9GcQngHlqOVfu-Xxxsk7DIdIUXoTuV4k7UQNUcc5NM_bcVJd8VC8f9PXyHrY08b5txmtIlQlrSKM,API,Apple,5,20.0,True,Mid Range
tablet,Sharecloud 101 inch Tablet Android 15 Tablet with Keyboard 24gb Ram128gb Rom1tb Expand 6600mAh WiFi 6 Blue,79.99,79.99,4.6,,walmart - shatablet,26,Free delivery,,https://encrypted-tbn0.gstatic.com/shopping?q=tbn:ANd9GcRjR1t29ryBWx36dCnpkBBqYXRaJgjPgRzTXf8L4SISQCfb22ZQxBttOTXMrZ1XPXn6IsXHwmA,API,Sharecloud,5,20.0,True,Budget
tablet,Contixo 7 Android Kids Tablet 32GB 789 in WiFi 5G,69.99,69.99,4.1,7800,ebay,27,Unknown,,https://encrypted-tbn1.gstatic.com/shopping?q=tbn:ANd9GcRmZ59f_2mnsrvDzIhrng69c6YgdrJofRKBACQ5iApd5v7u87pfYqxB-fWARqFnQhAwHs7M5Qtv,API,Contixo,10,10.0,True,Budget
tablet,Apple iPad 9th Generation Tablet Computer 256 GB WiFi Cellular with Scratch resistant glass Space Gray102 inch,249.0,249.0,4.8,99,walmart - electronic deals inc,28,Unknown,,https://encrypted-tbn0.gstatic.com/shopping?q=tbn:ANd9GcQ_9A6RKCcjV-T05vm3ruJzFc8MRJ5L8fczQvgTu_4Qe0u314VkP1nO2GIVXYGbocsQVqBBaqY,API,Apple,3,33.33333333333333,True,Budget
tablet,Sharecloud 10 inch Kids Tablet Android 16 Tablet for Kids,69.99,69.99,4.0,103,walmart - shatablet,29,Free delivery,,https://encrypted-tbn2.gstatic.com/shopping?q=tbn:ANd9GcQC4tJYxu3loDZ4Cjd0uAipAWLX4bUppwMSo7zHsr-T3-TK0vsmazov6KCpKlo,API,Sharecloud,11,9.090909090909092,False,Budget
tablet,Apple iPad mini 128GB Wifi BundleBlueBrown,844.99,844.99,4.6,,qvc,30,Unknown,,https://encrypted-tbn3.gstatic.com/shopping?q=tbn:ANd9GcT1BrTjaI0nfjVpvJgOP9w2z2vvapyHT7H23sgZ375aPv0ZcnxN01VlCGffrD7sTwV7miHc8vQ,API,Apple,5,20.0,True,Mid Range
tablet,Samsung Galaxy Tab S10 Lite 109 Tablet S Pen 128gb 256gb Choose,398.95,398.95,4.3,4000,ebay - jlatlantic,31,Free delivery,,https://encrypted-tbn1.gstatic.com/shopping?q=tbn:ANd9GcQqJmnu73JTxBrYkeKPwhhjHEAor9vkoeItKYKx_bSFGK4Q18IkFdjuCo8iIxhzhRFN_Z8wZcrj,API,Samsung,8,12.5,True,Mid Range
tablet,Apple iPad mini 128GB Wifi BundleBlueBlue,844.99,844.99,5.0,5300,qvc,32,Unknown,,https://encrypted-tbn0.gstatic.com/shopping?q=tbn:ANd9GcRb7k2K4Au223R7MkIsF3HRGnsPD1haHLlLAROWeld8inoX9P0Zzgkazy738e1OoCymxn3eXH6X,API,Apple,1,100.0,True,Mid Range
tablet,iPad Air 110 Space Gray 7th M3 128GB WiFi Tablet,449.99,449.99,4.4,88,unclaimed baggage,33,Free delivery,,https://encrypted-tbn0.gstatic.com/shopping?q=tbn:ANd9GcTmpxwsUQkX5Sv7O3ZhEdczHpzVLMtZpfhXwJ_yntab3An8WG26kVPlFAHHH92wS99SjCtPqTE,API,iPad,7,14.285714285714285,True,Mid Range
tablet,Samsung Galaxy Tab S10 Lite 109 Tablet 128 GB Grey,320.0,,3.6,4000,,34,Unknown,,https://encrypted-tbn0.gstatic.com/shopping?q=tbn:ANd9GcRMZhT5SxwE3KFkbh7z-MwlJij3fqhRxE92ZrKSjUem3Couc3eL7JeddAcx84spcGiGHXFq6Khp,API,Samsung,15,6.666666666666667,False,Mid Range
tablet,Linsay New 101 Tablet Octa Core 128GB Newest Android 14 Premium Bundle with Deluxe Black Leather Keyboard Case Briefcase and Pen Stylus Black,129.99,129.99,4.2,1,macy's,35,Free delivery by Sat,,https://encrypted-tbn1.gstatic.com/shopping?q=tbn:ANd9GcRpUhy-Embcut7mlChDTUpiV8mVlCm-P6iDLWOA19JX7U7X467gY-kXM7XS3vFmNSiz5tbitJY,API,Linsay,9,11.11111111111111,True,Budget
tablet,Doogee Tab G6 MAX 134 Inch Android 16 Tablet with Gemini AI,219.99,219.99,3.5,48,walmart - doogee official,36,Free delivery by Wed,,https://encrypted-tbn3.gstatic.com/shopping?q=tbn:ANd9GcQfimBYhDV6Qnmf0WMyryVxunH6yhW9GK2S-Vo0JkbKdv9Ly40_Q0wDPmmbOp4RobK2whmSXV9F,API,Doogee,16,6.25,False,Budget
tablet,Apple iPad 9th Gen 64GB WiFi 102 in Silver iOS Apple Pencil Support 250 300 GHz Tablet 9 in 109 in Bluetooth,315.0,315.0,4.5,16000,ebay,37,Unknown,,https://encrypted-tbn1.gstatic.com/shopping?q=tbn:ANd9GcRNed5ELW4aljI15jas2Ny-qp_0CYHJX6bkHFwVdmZY0tl_l7tBNigMF2jiD-HmY3_iKDUh5_E6,API,Apple,6,16.666666666666664,True,Mid Range
tablet,Samsung Galaxy Tab S10 Lite 109 Tablet S Pen 128gb 256gb Choose,362.95,362.95,4.4,120,ebay - jlatlantic,38,Free delivery by Sat,,https://encrypted-tbn1.gstatic.com/shopping?q=tbn:ANd9GcQqJmnu73JTxBrYkeKPwhhjHEAor9vkoeItKYKx_bSFGK4Q18IkFdjuCo8iIxhzhRFN_Z8wZcrj,API,Samsung,7,14.285714285714285,True,Mid Range
tablet,Sharecloud 101 inch Tablet 20gb128gb1tb Expand 6600mAh OctaCore Android 16 Tablet BT50WiFi Blue,79.99,79.99,4.6,,walmart - shatablet,39,Free delivery,,https://encrypted-tbn1.gstatic.com/shopping?q=tbn:ANd9GcRb-RdwV85iLlm6J2Kwtd3BzZDjnc8hU4iRhgvYnqoVDHmd4vZBOdXqIC8L4E_74xNlwPLu-Fg,API,Sharecloud,5,20.0,True,Budget
tablet,Fitifun Android 14 Tablet 10 inch4 22 GB RAM 32gb ROMQuadCoreTouchscreenDual CamerasPink,58.99,58.99,3.8,127,walmart - tengzx,40,Free delivery by Wed,,https://encrypted-tbn0.gstatic.com/shopping?q=tbn:ANd9GcSNTPfCv_Oje0F946vL5KOuRUKctTS-0bhQ4xM6O5OBBcqqDRhM2S9HUj6BHR6mtuOOszhOVIQ,API,Fitifun,13,7.6923076923076925,False,Budget
tablet,Amazon Fire HD 8 Tablet,99.99,99.99,4.7,697,target,1,Free delivery by Sat,,https://encrypted-tbn2.gstatic.com/shopping?q=tbn:ANd9GcSFBtR9xkz2T6unpvdxZcJiow_T8aozbhYAeycgPrXaidXw35EUlTe1exCy7jWYlSnPPkkpIq-5_egHfz2stJSoNWKo19kwOwpW4zR0hlMk6oWHhS1syQ2a,API,Amazon,4,25.0,True,Budget
tablet,Samsung Galaxy Tab A11,249.99,249.99,4.6,12000,best buy,2,Free delivery by Tue,,https://encrypted-tbn2.gstatic.com/shopping?q=tbn:ANd9GcTTKQTatjJ0AIbQqmBlB5z6lFLPbisRPXdRp-9euk7nmEj3S2UQg6sOaCO7pmZlcH_htlh0w2h8Lcam5EG0wnB4cbyusj7MHjR-qwsGsUF38H3r21f1APZw,API,Samsung,5,20.0,True,Budget
tablet,Apple 11inch iPad Pro M5 WiFi glass,1099.0,1099.0,4.8,1000,rensselaer collegiate store,3,Unknown,,https://encrypted-tbn3.gstatic.com/shopping?q=tbn:ANd9GcSQVs30mVu_aw_KkhLCO3rLZOjb9IkCl0JkaPuBd0uckPYNKL7Ygf-yBXwxlGftbDsrBGxpzf3DYcIACGV46RTtk4AdLArincU3qIYbd387,API,Apple,3,33.33333333333333,True,Mid Range
tablet,Onn 81 inch Core Tablet,138.0,138.0,4.1,179,walmart,4,Free delivery,,https://encrypted-tbn2.gstatic.com/shopping?q=tbn:ANd9GcTMsToCSORRKcdG2rxNNDKZUcEQAC7N9J7U_GE5Fk4NbQI1689SsO7LItqJPArqh2dg-gcyZeV3ul2c1ZaSF79XtXZbXzLDysh_SvMcqFQ,API,Onn,10,10.0,True,Budget
tablet,Samsung Galaxy Tab A11 Tablet,9.44,,5.0,1,t-mobile,5,Free delivery,,https://encrypted-tbn0.gstatic.com/shopping?q=tbn:ANd9GcTiun8oLl47ZGS0hA7VscEEp4cULro73Dqcipehf4tDWyChJQPXHpeU2t8jH2-2RzEHk3PCuD35XqjKBawfkSLY2RMy6WoH,API,Samsung,1,100.0,True,Budget
tablet,Lenovo Idea Tab 11 25K Tablet TB336FU,216.0,216.0,4.5,344,best buy,6,Unknown,,https://encrypted-tbn1.gstatic.com/shopping?q=tbn:ANd9GcQ7jWgaYA9t9REOz6pNZK0g2N8dGyUx0hdW2OOa4b8914QLAx5Q1PIyCp59DIKGmhuGuV6JS-He7ZVxaoFeLVqmVEMo4OoVXKFKGNvZcQiQ,API,Lenovo,6,16.666666666666664,True,Budget
tablet,Amazon Fire HD 10 Tablet,139.99,139.99,4.6,2000,target,7,Free delivery by Sat,,https://encrypted-tbn2.gstatic.com/shopping?q=tbn:ANd9GcQe8B9GevjtU7pzdYgOoA3_oqUR1C2ryvP69W9EgDnkhKXKsue9IhRJNpb5lgbWh_XpX3GojhV53xgut7iEP8Vt5_2nVkumogTjLhA-1NqA7BUFKZixEPEn,API,Amazon,5,20.0,True,Budget
tablet,TCL Tab 8 Gen 2 in Black 64GB,149.99,149.99,4.6,,consumer cellular,8,Free delivery by Thu,,https://encrypted-tbn0.gstatic.com/shopping?q=tbn:ANd9GcR1mFIVUCPKP--ATWAIP67Z4ruDrShtoQkrghGwBUsPJIRiTdEg3a0SEMxAWIcPWwNH6-XZcTZqAcMnNJRz5OjCpDst5wygMTHoAnNa7MfvrtC-XjVUus9iSw,API,TCL,5,20.0,True,Budget
tablet,NOOK 9 Lenovo Tablet,149.99,149.99,4.6,,barnes & noble,9,Free next-day delivery,,https://encrypted-tbn2.gstatic.com/shopping?q=tbn:ANd9GcQz9lgv5FR_W3woUCx-qeCd_jl8RLhUhXYlp2Z00sNVQYGMOaxxizQh3P4f75ejNqgc5W2VDyz_-5Ql4XZH8rXSvNAQmhWA3KdJT8oTHvfydJQkcB5LoDmJTg,API,NOOK,5,20.0,True,Budget
tablet,Samsung Galaxy Tab S10 FE,569.99,569.99,4.7,3500,macy's,10,Free delivery by Sat,,https://encrypted-tbn0.gstatic.com/shopping?q=tbn:ANd9GcTRi0EMz_zb4v1HJ69m81P8vO4llGwrekK0-diW72rt8CosAQzakX_ja9YMvyDL6l9xoeo36gCwWP5ZAAPBH9gBwg7Z6MwRyYdzs3ts2SUMwoJ-KQ1jsHhO,API,Samsung,4,25.0,True,Mid Range
tablet,Apple iPad 11,729.0,729.0,4.8,68000,university of cincinnati bookstore,11,Free delivery,,https://encrypted-tbn2.gstatic.com/shopping?q=tbn:ANd9GcQVCX982hbpcydUz-_CDzL8ih_BvHPoLj-KcSoYGX27Vupt7UnzZtV9gGOYXFjFGtxrsfRStTOLMWQtn8TOBqWbdq030v4Og9NOGqzVtrX5,API,Apple,3,33.33333333333333,True,Mid Range
tablet,Lenovo Idea Tab 11 25K Tablet zafr0929us,264.99,264.99,4.8,439,best buy,12,Unknown,,https://encrypted-tbn0.gstatic.com/shopping?q=tbn:ANd9GcQgmKU4WIS8j-3YjBCbuvhmsSghP5Diiil-TTbbccKnSt75eKuCnpC_yPC95RaxydyT9h4d9pProWUqGvtiKp7jGG83ajwhnT3kAikVzmOr4GuhJ7hN8M6x,API,Lenovo,3,33.33333333333333,True,Budget
tablet,Samsung Galaxy Tab A9,194.99,194.99,4.5,16000,walmart - hotdeals,13,Free delivery,,https://encrypted-tbn2.gstatic.com/shopping?q=tbn:ANd9GcSnT8IPa4Bj4AfHQfUHjQWGMKZMyht-wwI0-XFAa1J6dwNv2GGXjH0IM04aDRMfNfezUkJKXToQZwH6GymCvhXHwWwj3KtMk9WQpjEP8Uq9IgrdyZQkd6gaSA,API,Samsung,6,16.666666666666664,True,Budget
tablet,LINSAY 101Octa Core 256GB Storage Android 15 Tablet Case,109.99,109.99,3.8,34,target,14,Free delivery,,https://encrypted-tbn3.gstatic.com/shopping?q=tbn:ANd9GcTCJWfL1rPwKBA9oDGrKJ3ejYa1rsAArUtEB8eS3Ylt0dpLU7Fwdm533EgEkI8zQYSfC0EQR1y_eIrzk2D2XVpR4XYqr5H3RZEUaOqUdghpBl5TosZ1aUi5Hw,API,LINSAY,13,7.6923076923076925,False,Budget
tablet,Samsung Galaxy Tab S11 Ultra,899.99,899.99,4.6,,samsung,15,Free delivery,,https://encrypted-tbn2.gstatic.com/shopping?q=tbn:ANd9GcSzeQyJjt4yCjDENxbbnzwzlk0gh3AAihDUr-g5tmS-YaCmfOcqx5SSaSZXx2xfiDmvLjH4SkSZTmp7KJRABjn9-7s9XeZu_iujzTbnfm47fWn1S5YadSFDaQ,API,Samsung,5,20.0,True,Mid Range
tablet,Lenovo Idea Tab Plus 121 25K Tablet,209.99,209.99,4.7,272,best buy,16,Free delivery by Tue,,https://encrypted-tbn3.gstatic.com/shopping?q=tbn:ANd9GcRfKeM_nu3AQ11bMusUbdQG2k75hEBVIdmQGyqC2PmgCN-MIX03VuSJdXXyBh29GeU8KtKIurg1RjB60RoBetDSgN80B-_leb-PLyTbWog,API,Lenovo,4,25.0,True,Budget
tablet,Apple iPad Air M4 13inch WiFi,849.0,849.0,4.3,1600,bkstr.com,17,Unknown,,https://encrypted-tbn3.gstatic.com/shopping?q=tbn:ANd9GcQGwnz4StdB8s6-pQZ7qFMTF9ND0azmGAlHkWNg7GW9TF4IPiVZ_AZ2K58KWSkzMTtKpdU67A5HZu92Yy2AtCg1Tl3L8yRA,API,Apple,8,12.5,True,Mid Range
tablet,Fitifun Android 14 Tablet 10 inch4 22 GB RAM 32gb ROMQuadCoreTouchscreenDual CamerasGray,58.99,58.99,2.8,376,walmart - tengzx,18,Free delivery by Wed,,https://encrypted-tbn1.gstatic.com/shopping?q=tbn:ANd9GcRqKI0-pWbrOvLc3Y6Z2S683Zyu_EYRcryhlMBTnB99atND5PbHFTd3AfvZ8LfpljXM_atmeTM1-VpkCwG3zPMh6H8ZXobzxJGD2x9zEkysPZbJ-A9Q_aDK,API,Fitifun,23,4.3478260869565215,False,Budget
tablet,Samsung Galaxy Tab S11 11 Tablet,719.99,719.99,4.7,1700,macy's,19,Free delivery by Sat,,https://encrypted-tbn1.gstatic.com/shopping?q=tbn:ANd9GcTBjsr-8wyHZ455E1QmNFY_pa-3UZrUkH99L3KjBW548Gn30ODm1zIiVq21rAmO_eiczccRb_fMKEIts7asnpvdEj2ejytf25qWtbKzDDrASgUw21BwDZCq,API,Samsung,4,25.0,True,Mid Range
tablet,Acer Acer ICONIA TAB A13,199.99,199.99,3.7,3,micro center,20,Unknown,,https://encrypted-tbn3.gstatic.com/shopping?q=tbn:ANd9GcSWd_2z8CeGF_rqJYwymkeyQMytEip-jUdXkeMo23N1ZDUnNWfWzav7APb4ebyA3Ekta4OX8x1FGCpmXBbXDCpk1QmqwC8uua0gKR7-C8AlS1-4HYvp-dTlxQ,API,Acer,14,7.142857142857142,False,Budget
tablet,Amazon Fire Max 11 Tablet,229.99,229.99,4.7,1000,mynavyexchange.com,21,Free delivery by Sat,,https://encrypted-tbn0.gstatic.com/shopping?q=tbn:ANd9GcQwU2-45z_ScofaShpE54bzfIDapI-ps8mvX_27KkOoCC2juAidmv8L01hVQ-6ym2M69eUN0GgaUxs8wqo9iwBRM3hZdsCC6jzHmH2sF8NGw_c9fecP9G-5,API,Amazon,4,25.0,True,Budget
tablet,Lenovo Yoga Tab Luna Grey Tablet Android 15 Qualcomm Snapdragon 8 Gen 3 256GB 12GB RAM 111 32K 111 in,599.99,599.99,4.7,30,best buy,22,Unknown,,https://encrypted-tbn1.gstatic.com/shopping?q=tbn:ANd9GcQB3Hwk4lpO-wpLeJOUxbQCGmza9BvLl-1QxfeHmaQ4bGiMpY7FJZPoHOmk_3SY8_yvdrduVTFLLh5DLiy8-RiiFByLRdof5WLakQkVawmg,API,Lenovo,4,25.0,True,Mid Range
tablet,Onn 11 inch Core Tablet,196.0,196.0,4.3,109,walmart,23,Free delivery,,https://encrypted-tbn0.gstatic.com/shopping?q=tbn:ANd9GcT5SyAYCrRtnjJxhm899tyQHLvUOeT4fkERFo-2fbooKo5CHScNcDl8mb6xfSQWggQtxZHmI2xEBpd5QgAOKih5VvsWvamVpdG1Ge1UDt0,API,Onn,8,12.5,True,Budget
tablet,Samsung Galaxy Tab S10 Lite,399.99,399.99,4.6,,samsung,24,Free delivery,,https://encrypted-tbn1.gstatic.com/shopping?q=tbn:ANd9GcQ9__Y1KZSeDNTi8nsbYFPMR9DnNIGk3mDCCmAMu9XKpHe1ufc6vQa-kJMsGYknwSLrtCDohace8VZtwt-oNyVxIWJ0MhF1NDuaQj4R-LOmUGIv_WcKuKm6,API,Samsung,5,20.0,True,Mid Range
tablet,Xiaomi Redmi Pad 2 Pro 8gb256gb 121 Tablet,305.99,305.99,4.8,1700,techinn.com,25,Unknown,,https://encrypted-tbn0.gstatic.com/shopping?q=tbn:ANd9GcRbUEm2sRrtsZ_CZZvPLj5ezZMIqJvnG4njzUJgAvcESaGIdJpvArSv9Hm4vmC9YhoJMtkib6poQ6Cd3IABkw8zRFu7Znj2LZl7x8ig-5s,API,Xiaomi,3,33.33333333333333,True,Mid Range
tablet,Microsoft 13 Surface Pro Copilot PC Snapdragon X Plus,1507.0,1507.0,4.6,,qvc,26,Unknown,,https://encrypted-tbn2.gstatic.com/shopping?q=tbn:ANd9GcRFdpzqg3-hIf4R7SZ1CHDMMG4AzLq2qMmYj2T5Rj9EeLqXjJVpc2jPhd4T72X_TpVNkv2NdetPtgY5uihfcHVJXptt19VWOX6EgqnaH8mPOxF_64olXo8o,API,Microsoft,5,20.0,True,Mid Range
tablet,Apple iPad Air M4 11inch WiFi,1399.0,1399.0,4.8,2300,apple education store,27,Free delivery,,https://encrypted-tbn3.gstatic.com/shopping?q=tbn:ANd9GcSgPmkkevY2cMTufkRrGykWgNmwKSjQ2qcx7pnyo3DTlCEJQQ-MWkQ3MEAFa5I0inTikflXQb1qSKqVpNYmn8te0QP4ltJ7rdYepb7agjaXJKLeA9eqcehJfw,API,Apple,3,33.33333333333333,True,Mid Range
tablet,Aeezo 101 Inch Tablet OctaCore Touch Screen Tablet 14gb Ram64gb ROMExpand to 1tb 5mp8mp Dual Cameras Dynamic Halo Face ID Bluetooth WiFi,69.99,69.99,4.4,416,walmart - yiyun,28,Free delivery by Wed,,https://encrypted-tbn1.gstatic.com/shopping?q=tbn:ANd9GcRM7-imhQKVrHv9x9gdEPdb7o2GfYFmeXZJ8GFOa3EbVVry2ndhJnmMHyelpdHkBoOg4d2DiMaQVlfAD7EuQHsiUo9AfEfZhirD21BSPp_1JNv0buVq7dDm,API,Aeezo,7,14.285714285714285,True,Budget
tablet,Amazon Fire HD 10 Kids Tablet,169.99,169.99,4.7,937,brandsmart usa,29,Unknown,,https://encrypted-tbn0.gstatic.com/shopping?q=tbn:ANd9GcQVquSvpAOJAmcsx5Pfcn9CXdAQBAhvCp0rZmLSRvoYUSXMMHkKSM0ZhPSevsUuqNBYMjmfG0DlDgy_OGpNF6QhAX89I8PKSXZW8Sf6Zbol,API,Amazon,4,25.0,True,Budget
tablet,Apple iPad mini,573.0,573.0,4.8,5300,nfm,30,Unknown,,https://encrypted-tbn2.gstatic.com/shopping?q=tbn:ANd9GcQjJTPkOBjxNHM_Z2csQql6PZRuVlOuwBWJfzWnjerdAI8sE8xEKCZIUDDP_sRYCT8GTYGCWzZOsFeicbmbNZxWefOstyOMy6zKxmq80IzGGw9pO0arie3bRQ,API,Apple,3,33.33333333333333,True,Mid Range
tablet,LINSAY 101 Octa Core 128GB Storage Android 15 BUNDLE with Designer Cloth Keyboard Case,129.99,129.99,3.0,10,best buy,31,Unknown,,https://encrypted-tbn3.gstatic.com/shopping?q=tbn:ANd9GcQ6D36kHvi7x3kWJD8XHwYKwBgk_UWLQVJiMnkfViGzj3kCRFWtOeRm5CS5sd0H0594Lio5MCYkF_qoZmKtnCK9H167TLSxrbXdfYY4ygIvqsxiq-LeN8SC,API,LINSAY,21,4.761904761904762,False,Budget
tablet,Lenovo Idea Tab 11 IPS 500 nits zafr0928us,189.99,189.99,4.4,162,lenovo,32,Free delivery,,https://encrypted-tbn1.gstatic.com/shopping?q=tbn:ANd9GcQ5zcvFCv12j_ppWqhlZ7RKLYLM1nOLcOdKHHR31LgnYPvdLogWEipwzlTWgrAj3Dc95Eg8Mh9zoAA-BcrcRyE1M5ounFpTPEePGmqYfdIgswxf6yPCBxujlw,API,Lenovo,7,14.285714285714285,True,Budget
tablet,Amazon Fire HD 8 Kids Pro Tablet,139.99,139.99,4.6,374,kohl's,33,Free delivery,,https://encrypted-tbn3.gstatic.com/shopping?q=tbn:ANd9GcREqsQjaCBvhP_uT_snaZZAlpn7NU5MGcOujy2FkZT7duNDg5jwBk9oWo_N8LFeKAjR0WUayLI8S3rldqbk-vYUb-tG5ZBnHXbKgoloQWuDYflRlWotVHU47A,API,Amazon,5,20.0,True,Budget
tablet,Veat00l F11 Android 13 Tablet 2026 6gb42 Ram 64gb Rom 128gb Expand QuadCore Processor up to 20 GHz Dual Camera WiFi BT 6000mAh with Fast,108.69,108.69,2.6,282,walmart - veatool,34,Free delivery by Wed,,https://encrypted-tbn1.gstatic.com/shopping?q=tbn:ANd9GcRWg4-oeIzqeQESov-Mih7xdYvnLs4qGvknC0_p2KCNgVA50Qxx218595T0aZ8lTkCGCvbLZ98J8IPvk3kGKT6ogyxR4yGUEbWqToii6A6FXLi8EW0twu6-,API,Veat00l,25,4.0,False,Budget
tablet,Samsung Galaxy Tab S10 FE,419.99,419.99,4.6,,samsung,35,Free delivery,,https://encrypted-tbn1.gstatic.com/shopping?q=tbn:ANd9GcQzqPfzXBkdunHIiTgIwKpxAIsnbqOGDSaeaBvppsmQ2Mxch87drx8LoUyDKwKwqvo_6cK8_d4Fq0xrDvWyYISAkIwJ7HxIin08lEshTMPh3g3NAYaGFdxa,API,Samsung,5,20.0,True,Mid Range
tablet,Apple 11inch iPad Air WiFi,769.0,769.0,4.7,3600,owc,36,Free delivery,,https://encrypted-tbn2.gstatic.com/shopping?q=tbn:ANd9GcSuZerl8Qto4o7T2s_ETGvvDGOGlAGtvqKQmYSaSDuJ42w-60xpn6VrhI_gmo1L5FZqWSBa4T9sW3Q-Nfh_vKYZzEx8Pt8Fnjc5r03vknuv4PYJVs19Jg8f,API,Apple,4,25.0,True,Mid Range
tablet,Amazon Fire 7 Kids Tablet,97.99,97.99,4.3,924,best buy,37,Unknown,,https://encrypted-tbn0.gstatic.com/shopping?q=tbn:ANd9GcS0iO_Zh1E3tE_3HsPvcCcNEYN7arFziTcenF7JTpp7uMVSGOnY5jPWMCsLbJeMztrz2iKWRc6mDkbjy34OpUoKnQXkxUK6_QklakatFY3du8iBXCvfTOfR,API,Amazon,8,12.5,True,Budget
tablet,Samsung Galaxy Tab S10 FE 131 256GB,709.0,709.0,4.8,440,macy's,38,Free delivery by Sat,,https://encrypted-tbn2.gstatic.com/shopping?q=tbn:ANd9GcQCNKL-8q3ni62nGzCjS1tRPe2n9zEw72gA2HXnk0N3RURlU4osOLi1WOk7EchNcewc7kpn6fZrc0iNWudw7XGk5XeHuy4bgaT-FdTzTbpw6LxQ5yxVwVIf,API,Samsung,3,33.33333333333333,True,Mid Range
tablet,Apple iPad,184.0,184.0,4.6,16000,walmart - cell surfers,39,Unknown,,https://encrypted-tbn0.gstatic.com/shopping?q=tbn:ANd9GcSJ8Y1zOpw3wW1xsPhrlgQf9rUdGTF5t0yUi3eC29l0TpdGCvNrsl49gtF9-pMQI2GjC__FxpZ_3IC8JCoNXEVbPytOzH1e7nFwWMmufUcxQivWdF-HMVYj,API,Apple,5,20.0,True,Budget
tablet,Lenovo Legion Tab Gen 5 88 IPS 165Hz12GB,849.99,849.99,4.8,26,bhphotovideo.com,40,Unknown,,https://encrypted-tbn0.gstatic.com/shopping?q=tbn:ANd9GcS6Jc_hlnj2qlyJKcFaMLRLFzKv7iWz06VahPrGORcQPbt7QJ-PggVR8REC_DVWK8WO1KRrT9nKrHFO06RK9Oa4cZQnWZqYCQ,API,Lenovo,3,33.33333333333333,True,Mid Range
tablet,Lenovo Idea Tab 11 25K Tablet TB336FU,216.0,216.0,4.5,344,best buy,2,Unknown,,https://encrypted-tbn1.gstatic.com/shopping?q=tbn:ANd9GcQ7jWgaYA9t9REOz6pNZK0g2N8dGyUx0hdW2OOa4b8914QLAx5Q1PIyCp59DIKGmhuGuV6JS-He7ZVxaoFeLVqmVEMo4OoVXKFKGNvZcQiQ,API,Lenovo,6,16.666666666666664,True,Budget
tablet,Onn 81 inch Core Tablet,138.0,138.0,4.1,179,walmart,3,Free delivery,,https://encrypted-tbn2.gstatic.com/shopping?q=tbn:ANd9GcTMsToCSORRKcdG2rxNNDKZUcEQAC7N9J7U_GE5Fk4NbQI1689SsO7LItqJPArqh2dg-gcyZeV3ul2c1ZaSF79XtXZbXzLDysh_SvMcqFQ,API,Onn,10,10.0,True,Budget
tablet,Amazon Fire HD 10 Tablet,139.99,139.99,4.6,2000,target,4,Free delivery by Sat,,https://encrypted-tbn2.gstatic.com/shopping?q=tbn:ANd9GcQe8B9GevjtU7pzdYgOoA3_oqUR1C2ryvP69W9EgDnkhKXKsue9IhRJNpb5lgbWh_XpX3GojhV53xgut7iEP8Vt5_2nVkumogTjLhA-1NqA7BUFKZixEPEn,API,Amazon,5,20.0,True,Budget
tablet,Samsung Galaxy Tab A11,249.99,249.99,4.6,12000,best buy,5,Free delivery by Tue,,https://encrypted-tbn2.gstatic.com/shopping?q=tbn:ANd9GcTTKQTatjJ0AIbQqmBlB5z6lFLPbisRPXdRp-9euk7nmEj3S2UQg6sOaCO7pmZlcH_htlh0w2h8Lcam5EG0wnB4cbyusj7MHjR-qwsGsUF38H3r21f1APZw,API,Samsung,5,20.0,True,Budget
tablet,NOOK 9 Lenovo Tablet,149.99,149.99,4.6,,barnes & noble,6,Free next-day delivery,,https://encrypted-tbn2.gstatic.com/shopping?q=tbn:ANd9GcQz9lgv5FR_W3woUCx-qeCd_jl8RLhUhXYlp2Z00sNVQYGMOaxxizQh3P4f75ejNqgc5W2VDyz_-5Ql4XZH8rXSvNAQmhWA3KdJT8oTHvfydJQkcB5LoDmJTg,API,NOOK,5,20.0,True,Budget
tablet,Onn 11 inch Core Tablet,196.0,196.0,4.3,109,walmart,7,Free delivery,,https://encrypted-tbn0.gstatic.com/shopping?q=tbn:ANd9GcT5SyAYCrRtnjJxhm899tyQHLvUOeT4fkERFo-2fbooKo5CHScNcDl8mb6xfSQWggQtxZHmI2xEBpd5QgAOKih5VvsWvamVpdG1Ge1UDt0,API,Onn,8,12.5,True,Budget
tablet,Samsung Galaxy Tab A11 Tablet,9.44,,5.0,1,t-mobile,8,Free delivery,,https://encrypted-tbn0.gstatic.com/shopping?q=tbn:ANd9GcTiun8oLl47ZGS0hA7VscEEp4cULro73Dqcipehf4tDWyChJQPXHpeU2t8jH2-2RzEHk3PCuD35XqjKBawfkSLY2RMy6WoH,API,Samsung,1,100.0,True,Budget
tablet,Apple iPad 11,399.99,399.99,4.8,68000,target,9,Free delivery by Sat,,https://encrypted-tbn3.gstatic.com/shopping?q=tbn:ANd9GcQrR__h4K4Ew6acZLZj8u5kp5SWkI04kBJW4EepBoR23pkcf7ZTm14ZxVqB6zNxv7-Co0XwRGVwU9RkPRoPFIZamyfSYhUHFzvb7R_pfC4L1kxj__QjsIUmKA,API,Apple,3,33.33333333333333,True,Mid Range
tablet,Lenovo Idea Tab 11 25K Tablet zafr0929us,264.99,264.99,4.8,439,best buy,10,Unknown,,https://encrypted-tbn0.gstatic.com/shopping?q=tbn:ANd9GcQgmKU4WIS8j-3YjBCbuvhmsSghP5Diiil-TTbbccKnSt75eKuCnpC_yPC95RaxydyT9h4d9pProWUqGvtiKp7jGG83ajwhnT3kAikVzmOr4GuhJ7hN8M6x,API,Lenovo,3,33.33333333333333,True,Budget
tablet,TCL TAB 8 NXTPAPER 5G 64GB Shadow Grey,5.56,,3.2,4,at&t,11,Free delivery,,https://encrypted-tbn2.gstatic.com/shopping?q=tbn:ANd9GcQlusavrUhes5uGrGxvbRhZVqxNlc4qB2CVeTbHKB479dJAdynbOIPc2iwjE8SLyyZ_5-hFLzBLo90Sm19c06iBb2USFzlv_wGjtoQ6IDHy,API,TCL,19,5.263157894736842,False,Budget
tablet,Onn 7 inch Core Tablet,97.0,97.0,3.8,57,walmart,12,Free delivery,,https://encrypted-tbn0.gstatic.com/shopping?q=tbn:ANd9GcRPidISvEeK8de6GTv0YIvcrW5eK4bhCn-8OA2j1oJjKq0Q6zyvLonJSF9tIZEp4KjAt_AChSwS69gzEajaDRMEK8ki5xfcwCEOefKvAinKG26XbTEiH-5LFg,API,Onn,13,7.6923076923076925,False,Budget
tablet,Samsung Galaxy Tab S10 Lite,399.99,399.99,4.6,,samsung,13,Free delivery,,https://encrypted-tbn1.gstatic.com/shopping?q=tbn:ANd9GcQ9__Y1KZSeDNTi8nsbYFPMR9DnNIGk3mDCCmAMu9XKpHe1ufc6vQa-kJMsGYknwSLrtCDohace8VZtwt-oNyVxIWJ0MhF1NDuaQj4R-LOmUGIv_WcKuKm6,API,Samsung,5,20.0,True,Mid Range
tablet,New Wifi Only Lenovo Tab One 64GB tb305fu,129.99,129.99,4.6,497,best buy,15,Unknown,,https://encrypted-tbn1.gstatic.com/shopping?q=tbn:ANd9GcRkOvlCch_PuD-fbL9VdcCz4TkELjKDIkuH9TB-cTAtfOD0eejFe7CWkUxlgX4NnpkOYVjOBc9_42sWemG8JVpTtLuzkto38eFek6T8Rq-z,API,New,5,20.0,True,Budget
tablet,7 inch Tablet 128gb Android 13 8GB 35 Ram QuadCore WiFi Dual Cameras Red,49.99,49.99,4.6,,walmart - seller,16,Free delivery by Wed,,https://encrypted-tbn1.gstatic.com/shopping?q=tbn:ANd9GcTvC0K1AL6Ew5judbz6LmWsxCwHMkNweo23sOQPwRrbq8gPHAl_hvspE0ALkSrmkxgAtZds2vOUbrfCZU4HahHMdP68x0ZivPXTe1txFF-pru4pmDc4IE0,API,7,5,20.0,True,Budget
tablet,Barnes Noble NOOK Reading Tablet 87 Seafoam Green,149.99,149.99,4.6,,barnes & noble,17,Free next-day delivery,,https://encrypted-tbn3.gstatic.com/shopping?q=tbn:ANd9GcSeRlbvRa3zBO-AOUMRojhAzExFb-YglckiTR6OM5PFJVzVGGaoDD8x24vOto4aJEgd9W-4cFzl1b-3HOwbokS1bqH2kGYrvz10yw3XGBxCL6ipye-sbZhJ,API,Barnes,5,20.0,True,Budget
tablet,Lenovo Idea Tab 11 IPS 500 nits zafr0928us,149.99,149.99,4.4,162,lenovo,18,Free delivery,,https://encrypted-tbn1.gstatic.com/shopping?q=tbn:ANd9GcQ5zcvFCv12j_ppWqhlZ7RKLYLM1nOLcOdKHHR31LgnYPvdLogWEipwzlTWgrAj3Dc95Eg8Mh9zoAA-BcrcRyE1M5ounFpTPEePGmqYfdIgswxf6yPCBxujlw,API,Lenovo,7,14.285714285714285,True,Budget
tablet,Lenovo Idea Tab Plus 121 25K Tablet,209.99,209.99,4.7,272,best buy,19,Free delivery by Tue,,https://encrypted-tbn3.gstatic.com/shopping?q=tbn:ANd9GcRfKeM_nu3AQ11bMusUbdQG2k75hEBVIdmQGyqC2PmgCN-MIX03VuSJdXXyBh29GeU8KtKIurg1RjB60RoBetDSgN80B-_leb-PLyTbWog,API,Lenovo,4,25.0,True,Budget
tablet,Apple iPad,184.0,184.0,4.6,16000,walmart - cell surfers,20,Unknown,,https://encrypted-tbn0.gstatic.com/shopping?q=tbn:ANd9GcSJ8Y1zOpw3wW1xsPhrlgQf9rUdGTF5t0yUi3eC29l0TpdGCvNrsl49gtF9-pMQI2GjC__FxpZ_3IC8JCoNXEVbPytOzH1e7nFwWMmufUcxQivWdF-HMVYj,API,Apple,5,20.0,True,Budget
tablet,Samsung Galaxy Tab S11 Ultra,899.99,899.99,4.6,,samsung,21,Free delivery,,https://encrypted-tbn2.gstatic.com/shopping?q=tbn:ANd9GcSzeQyJjt4yCjDENxbbnzwzlk0gh3AAihDUr-g5tmS-YaCmfOcqx5SSaSZXx2xfiDmvLjH4SkSZTmp7KJRABjn9-7s9XeZu_iujzTbnfm47fWn1S5YadSFDaQ,API,Samsung,5,20.0,True,Mid Range
tablet,Armor Pad 4 Ultra Thermal 5G Rugged Tablet,499.99,499.99,4.6,,ulefone global,22,Free delivery,,https://encrypted-tbn2.gstatic.com/shopping?q=tbn:ANd9GcRSX-QqvJv4cSQHUASa2R67QD42cOP0f-1yg0uW5vfJCoO6kj2xcYJku-dYjgJX1QQ23IgBjCDvLujJV-SqT6FtiZXXmm8XCaL0CJ9SMnb9-cg2DkL8ho6gkA,API,Armor,5,20.0,True,Mid Range
tablet,109 Samsung Galaxy Tab S10 FE wSPen WiFi 128GB Gray,23.99,23.99,4.7,5700,rent-a-center,23,Free delivery,,https://encrypted-tbn1.gstatic.com/shopping?q=tbn:ANd9GcRsM0bxAjcYOa-HSsDtOgOiDGg7IUWNIdFqifv5ifcfefxRuiLDn9_7DjHpWNgjR7L8TZVs9rktNlQh-lZoZu5SsxE-MxPp-xX8tkTYy3o,API,109,4,25.0,True,Budget
tablet,Lenovo Yoga Tab Luna Grey Tablet Android 15 Qualcomm Snapdragon 8 Gen 3 256GB 12GB RAM 111 32K 111 in,599.99,599.99,4.7,30,best buy,24,Unknown,,https://encrypted-tbn1.gstatic.com/shopping?q=tbn:ANd9GcQB3Hwk4lpO-wpLeJOUxbQCGmza9BvLl-1QxfeHmaQ4bGiMpY7FJZPoHOmk_3SY8_yvdrduVTFLLh5DLiy8-RiiFByLRdof5WLakQkVawmg,API,Lenovo,4,25.0,True,Mid Range
tablet,Onn 11 inch Kids Tablet,148.0,148.0,4.0,123,walmart,25,Free delivery,,https://encrypted-tbn1.gstatic.com/shopping?q=tbn:ANd9GcShZIdBZPOb6K1PlZjpbTWqj7sxh0-CYRWQyDxWZxMqC3lwqWHC23oaoXyt-qLbWRcxcry2mLFJkIUa24UQ37SyblO4vtAHp3jatpglJnIic55HzHUPjq1a0A,API,Onn,11,9.090909090909092,False,Budget
tablet,Amazon Fire HD 10 Kids Tablet,189.99,189.99,4.7,937,target,26,Free delivery by Sat,,https://encrypted-tbn2.gstatic.com/shopping?q=tbn:ANd9GcRV-PRU1Aj11ZkjJ4NNGJsaa5vNFBLp9qj_2xlO5adpYg599v9efM6zBVMxC_-SAP49R_EUQmI__xBgLiiCjOm0Y3t3_gtkqzHMPumm6WkXKbMLFm1x-y1N,API,Amazon,4,25.0,True,Budget
tablet,TCL Tab 8 Gen 2 in Black 64GB,149.99,149.99,4.6,,consumer cellular,27,Free delivery by Thu,,https://encrypted-tbn0.gstatic.com/shopping?q=tbn:ANd9GcR1mFIVUCPKP--ATWAIP67Z4ruDrShtoQkrghGwBUsPJIRiTdEg3a0SEMxAWIcPWwNH6-XZcTZqAcMnNJRz5OjCpDst5wygMTHoAnNa7MfvrtC-XjVUus9iSw,API,TCL,5,20.0,True,Budget
tablet,Apple 11inch iPad Pro M5 WiFi glass,1099.0,1099.0,4.8,1000,rensselaer collegiate store,28,Unknown,,https://encrypted-tbn3.gstatic.com/shopping?q=tbn:ANd9GcSQVs30mVu_aw_KkhLCO3rLZOjb9IkCl0JkaPuBd0uckPYNKL7Ygf-yBXwxlGftbDsrBGxpzf3DYcIACGV46RTtk4AdLArincU3qIYbd387,API,Apple,3,33.33333333333333,True,Mid Range
tablet,MEIZE Tablet 101 Inch Android 16 Tablet with 12GB RAM 64GB ROM OctaCore Processor 24G5G WiFi Tablets IPS Touchscreen Gray,85.99,85.99,4.5,2,best buy,29,Unknown,,https://encrypted-tbn0.gstatic.com/shopping?q=tbn:ANd9GcQznxqedbBn7cNkCOZ4ZtuA780_CUiylh9JHT6SN7XDgwHevQdBWVJRHyGOVIj0onCuVOrl9_9oh4hMA0E-0j9IcdKg3cD23kiBvAUmyYMt,API,MEIZE,6,16.666666666666664,True,Budget
tablet,Samsung Galaxy Tab A11 11 8GB256GB WiFi Silver SMX230,269.0,269.0,5.0,2,walmart,30,Free delivery,,https://encrypted-tbn1.gstatic.com/shopping?q=tbn:ANd9GcTWedADL2obRivUUxRxFEkWzXegNQwrRkTLVRB7piPaLiO8c6_17cHr5HC2zd5BUJq5iLOy66VFM7i3GYJH_5nyzYfsSWxHuPsK3PkjITlPxzoctnnUgOsc,API,Samsung,1,100.0,True,Budget
tablet,Samsung Galaxy Tab S10 FE,569.99,569.99,4.7,3500,macy's,31,Free delivery by Sat,,https://encrypted-tbn0.gstatic.com/shopping?q=tbn:ANd9GcTRi0EMz_zb4v1HJ69m81P8vO4llGwrekK0-diW72rt8CosAQzakX_ja9YMvyDL6l9xoeo36gCwWP5ZAAPBH9gBwg7Z6MwRyYdzs3ts2SUMwoJ-KQ1jsHhO,API,Samsung,4,25.0,True,Mid Range
tablet,Acer Acer ICONIA TAB A13,199.99,199.99,3.7,3,micro center,32,Unknown,,https://encrypted-tbn3.gstatic.com/shopping?q=tbn:ANd9GcSWd_2z8CeGF_rqJYwymkeyQMytEip-jUdXkeMo23N1ZDUnNWfWzav7APb4ebyA3Ekta4OX8x1FGCpmXBbXDCpk1QmqwC8uua0gKR7-C8AlS1-4HYvp-dTlxQ,API,Acer,14,7.142857142857142,False,Budget
tablet,Amazon Fire 7 Kids Tablet,97.99,97.99,4.3,924,best buy,33,Unknown,,https://encrypted-tbn0.gstatic.com/shopping?q=tbn:ANd9GcS0iO_Zh1E3tE_3HsPvcCcNEYN7arFziTcenF7JTpp7uMVSGOnY5jPWMCsLbJeMztrz2iKWRc6mDkbjy34OpUoKnQXkxUK6_QklakatFY3du8iBXCvfTOfR,API,Amazon,8,12.5,True,Budget
tablet,Lenovo Idea Tab TB336FU 11 Tablet,199.0,199.0,4.4,103,walmart,34,Free delivery,,https://encrypted-tbn0.gstatic.com/shopping?q=tbn:ANd9GcSzCT-8pQGmyS6xvkdvi7OGkfoe1Q5ybQ4FKJVo2Q-0eEKrcDxaVhSLa8qXZUEWafIW4rYzOzF-HE-e732QczPBSMWZ3kdg7BfogoN7pRn4CappfMCymxgaXw,API,Lenovo,7,14.285714285714285,True,Budget
tablet,Amazon Fire HD 8 Kids Pro Tablet,139.99,139.99,4.6,374,kohl's,35,Free delivery,,https://encrypted-tbn3.gstatic.com/shopping?q=tbn:ANd9GcREqsQjaCBvhP_uT_snaZZAlpn7NU5MGcOujy2FkZT7duNDg5jwBk9oWo_N8LFeKAjR0WUayLI8S3rldqbk-vYUb-tG5ZBnHXbKgoloQWuDYflRlWotVHU47A,API,Amazon,5,20.0,True,Budget
tablet,Samsung Galaxy Tab S10 FE,419.99,419.99,4.6,,samsung,36,Free delivery,,https://encrypted-tbn1.gstatic.com/shopping?q=tbn:ANd9GcQzqPfzXBkdunHIiTgIwKpxAIsnbqOGDSaeaBvppsmQ2Mxch87drx8LoUyDKwKwqvo_6cK8_d4Fq0xrDvWyYISAkIwJ7HxIin08lEshTMPh3g3NAYaGFdxa,API,Samsung,5,20.0,True,Mid Range
tablet,LINSAY 101 Octa Core 128GB Storage Android 15 BUNDLE with Designer Cloth Keyboard Case,129.99,129.99,3.0,10,best buy,37,Unknown,,https://encrypted-tbn3.gstatic.com/shopping?q=tbn:ANd9GcQ6D36kHvi7x3kWJD8XHwYKwBgk_UWLQVJiMnkfViGzj3kCRFWtOeRm5CS5sd0H0594Lio5MCYkF_qoZmKtnCK9H167TLSxrbXdfYY4ygIvqsxiq-LeN8SC,API,LINSAY,21,4.761904761904762,False,Budget
tablet,Aeezo 101 Inch Tablet OctaCore Touch Screen Tablet 14gb Ram64gb ROMExpand to 1tb 5mp8mp Dual Cameras Dynamic Halo Face ID Bluetooth WiFi,69.99,69.99,4.4,416,walmart - yiyun,38,Free delivery by Wed,,https://encrypted-tbn1.gstatic.com/shopping?q=tbn:ANd9GcRM7-imhQKVrHv9x9gdEPdb7o2GfYFmeXZJ8GFOa3EbVVry2ndhJnmMHyelpdHkBoOg4d2DiMaQVlfAD7EuQHsiUo9AfEfZhirD21BSPp_1JNv0buVq7dDm,API,Aeezo,7,14.285714285714285,True,Budget
tablet,Lenovo Idea Tab Plus zag,249.99,249.99,4.6,78,lenovo,39,Free delivery,,https://encrypted-tbn2.gstatic.com/shopping?q=tbn:ANd9GcQVpNIzOa8ci2Y7XByVSdZLOGg_-JQ4pVblsisRS4RCoMRt1_5lSScSRnfmsBRjQfbTzOGqEVz-dvcynsVZIRd1jrX4kxrDUheq9nwzbmhTe3Ux7BhM79zB,API,Lenovo,5,20.0,True,Budget
tablet,Samsung Galaxy Tab S11 11 Tablet,719.99,719.99,4.7,1700,macy's,40,Free delivery by Sat,,https://encrypted-tbn1.gstatic.com/shopping?q=tbn:ANd9GcTBjsr-8wyHZ455E1QmNFY_pa-3UZrUkH99L3KjBW548Gn30ODm1zIiVq21rAmO_eiczccRb_fMKEIts7asnpvdEj2ejytf25qWtbKzDDrASgUw21BwDZCq,API,Samsung,4,25.0,True,Mid Range
chair,Duncan Beige Tub Chair,138.0,138.0,5.0,200,american furniture warehouse,1,Unknown,,https://encrypted-tbn0.gstatic.com/shopping?q=tbn:ANd9GcRJo8sA_ifkRKvtiI4eMHToxNnBRjIDciEMmer2YoAaS-2eFhR-nufOEVfvkBCnyBSDmw6zNhIgW0-EBmVIUrCG1EsKTJdnwdr9OlT5MXreMb3WgjrkNUq6fQ,API,Duncan,1,100.0,True,Budget
chair,Duncan Chocolate Tub Chair,138.0,138.0,4.7,74,american furniture warehouse,2,Unknown,,https://encrypted-tbn0.gstatic.com/shopping?q=tbn:ANd9GcRSvIqmKpym-7ggmNFmPt4A8qtG-nyjtD5GrcVyoKTkEXiRJbGjvWdKxE286V0hFV4uWo2GE-3CDil_7DYxuGGD_xDYu9Cn8jR1REPY0jR75auOpZgrKpWT,API,Duncan,4,25.0,True,Budget
chair,Duncan Gray Tub Chair,138.0,138.0,2.7,305,american furniture warehouse,3,Unknown,,https://encrypted-tbn1.gstatic.com/shopping?q=tbn:ANd9GcQwmrHz5K96_QihnWCEwD6gv_dtTaBrkJljx61o_aFLs246Lyb9XXoTxA6_NgZ4p4W2yB-ksGjxobsckriAsS-lNUL6GIYt9GGZTT1SJ_RU8PXc6UAO1IAx,API,Duncan,24,4.166666666666666,False,Budget
chair,OSP Papasan Chair,350.0,350.0,2.8,2000,lumiere lamps,4,Free delivery,,https://encrypted-tbn0.gstatic.com/shopping?q=tbn:ANd9GcQHSbrMhig_FPhtbidzlJI07xBcbZQqdyXxi1KMXtmNh1F_JIYZBdQ6cu3f-AjBRMZ56uA0keWRIho-lvcfEZA1Uc0Es4dECKsHYU5auAWqvpgKkvd5jjbLmQ,API,OSP,23,4.3478260869565215,False,Mid Range
chair,9300 Series Vinyl Padded Stack Chair,99.0,99.0,4.5,,find office furniture,5,Free delivery,,https://encrypted-tbn0.gstatic.com/shopping?q=tbn:ANd9GcQn1r4TP5ab_5c8ef5M-1-aVTxerOzP_1eVl85_APuGLRXH4tJkm7sFg8Zoyc26LIMMNwYjrE22lBA2-1YChZBBvKp2eAX3160gLkf21o3VqMA8yJOD8xYnzw,API,9300,6,16.666666666666664,True,Budget
chair,Brenton Studio Bellanca Guest Chair Black,12.0,12.0,4.0,285,masterpiece oü,6,Unknown,,https://encrypted-tbn0.gstatic.com/shopping?q=tbn:ANd9GcRqampRowpBGBEnVwFVEYnZ6vZEvAFLvaDoghgjTDpZhoMInjwpBC6hFCcfoQ2TTyLCof5cLczgpP7Lo-n2ylaMIOMv56EeQd9I7l4EDeot,API,Brenton,11,9.090909090909092,False,Budget
chair,Maiden Home The Perry Chair,3950.0,3950.0,4.5,,maiden home,7,Unknown,,https://encrypted-tbn1.gstatic.com/shopping?q=tbn:ANd9GcQRqtf1pB6HJDdvL7vs_TM8h9v2ih1j-fBDtvNgFPWQJ5EzzRlFrQmqw4YHJLlqdoTS9tABMbl7ja4wD8HxppgCWx0CzO0vO941Gg7qez6AAtsqsDd3GcjWiw,API,Maiden,6,16.666666666666664,True,Mid Range
chair,Quinn Gray Swivel Chair,148.0,148.0,4.5,,american furniture warehouse,8,Unknown,,https://encrypted-tbn1.gstatic.com/shopping?q=tbn:ANd9GcTZIdd5pdNCo16sDfqQjDD8e-JoozJMIkE6J6wg0ASWKdYgS-CWQoWW9LKyS5xqjc10wr7ElyMrv9Ni2k6ZgvwFuiQKzfCgcD_vNd1x_WH5IFXeF9psix2d,API,Quinn,6,16.666666666666664,True,Budget
chair,Maiden Home The Kenmare Chair,2425.0,2425.0,4.5,,maiden home,9,Unknown,,https://encrypted-tbn0.gstatic.com/shopping?q=tbn:ANd9GcSY9asw9Z6OGDjs_j09K3C9DjR9jxU_JDbBbwowyM_U-8hJx94TKUer3bfQyyIfN4pm0I1K_CuZJodIlHn831L-x58q40Ui0iOZ6nv4d1c8V4-RJPv7gF_8iw,API,Maiden,6,16.666666666666664,True,Mid Range
chair,Maiden Home Oliver Modern Swivel Lounge Armchair,4264.0,4264.0,4.5,,aptdeco,10,Unknown,,https://encrypted-tbn1.gstatic.com/shopping?q=tbn:ANd9GcQHrajaGgoOMwwAaZLMY5LPVFffKzOYIYauL4z3h3TqUBqdNL6qp7GXCNCmJm_pBSQHK9GQOxnKuUhvHNfoe4v1Wel-x_pDjWkeGeeShXHNupb5EM4ZyumFnA,API,Maiden,6,16.666666666666664,True,Mid Range
chair,Bexley Graphite Gray Accent Chair,68.0,68.0,4.5,,american furniture warehouse,11,Unknown,,https://encrypted-tbn2.gstatic.com/shopping?q=tbn:ANd9GcRDi_Wim2kJTlqOuSqYjk6YHR-wZl9RNRALtjFQnY9jQJsZ6dzUr50mkXwM6HYsvk0l_jZW0lH4jTmitusmc7d222NGE_9PQA8zvAd4jenG9s_P0O510Rej,API,Bexley,6,16.666666666666664,True,Budget
chair,Realspace Radano Mesh HighBack Executive Office Chair,229.99,229.99,2.4,75,office depot,12,Free delivery,,https://encrypted-tbn1.gstatic.com/shopping?q=tbn:ANd9GcQsGwCvBPRclekafMwDBJ3Z8g0UHTxtUqQianHudOvp_5pQrOirGxnjglHLDLAZcuIvqcHF_E7GburA8w7FPYKDAg91EsgMvtWU3saynm0INckg5YvE_ugy,API,Realspace,27,3.7037037037037033,False,Budget
chair,Furman Accent Chair,248.0,248.0,3.6,184,american furniture warehouse,13,Unknown,,https://encrypted-tbn3.gstatic.com/shopping?q=tbn:ANd9GcSsf64XBce8pWvwvb4vZinQ39eZbWadKmbDv84452kqibB1PasL5Zw2heDgxdWjSn5mnjDwi_lHT96K1hQ54HcxOgf82R3duFGmgrB5Q2qtcuRXR_DV2Ihs,API,Furman,15,6.666666666666667,False,Budget
chair,9300 Series Vinyl Padded Stack Chair,99.0,99.0,5.0,74,find office furniture,14,Free delivery,,https://encrypted-tbn0.gstatic.com/shopping?q=tbn:ANd9GcQn1r4TP5ab_5c8ef5M-1-aVTxerOzP_1eVl85_APuGLRXH4tJkm7sFg8Zoyc26LIMMNwYjrE22lBA2-1YChZBBvKp2eAX3160gLkf21o3VqMA8yJOD8xYnzw,API,9300,1,100.0,True,Budget
chair,FlexFit Dexley Mesh Task Chair,169.99,169.99,4.1,93,staples,15,Free delivery by Tue,,https://encrypted-tbn3.gstatic.com/shopping?q=tbn:ANd9GcSRlCU_Y1ee2F7h-MeVLhN7AsuNswJiCgpevcAU09qlauCY8pevpFjaw2IJVO6X0hWlYOYHK3uWpHtIQbrMeTLJczrc9515jgZjxPtYP7Vxu3qVD9FTHQ7g,API,FlexFit,10,10.0,True,Budget
chair,National Public Seating Folding ChairGray1834 InPK4 onesize 2302,234.44,234.44,5.0,227,lowe's,16,Free delivery by Thu,,https://encrypted-tbn2.gstatic.com/shopping?q=tbn:ANd9GcRKDs-_8drgeFuq_z1xEY2e4RgFtdJuS3k4Wws7aN7fOTa9LWyPtmdwHwWb7iDwQJdybxhnFnAUQMLRNvuuMYxPeXRxt7uJzSKPQlt24Uyda-3C7wVndT8MPg,API,National,1,100.0,True,Budget
chair,Arden Gray Accent Chair,228.0,228.0,5.0,1,american furniture warehouse,17,Unknown,,https://encrypted-tbn0.gstatic.com/shopping?q=tbn:ANd9GcR94Nm7_Fvz7FClQwVxs_WE-mORXn49E8GdFalqXhIavdaw74WIgwbyzNrxFRwSLBFlwOj_hKv95FhIlYkTHVmVTQeudheWc-AXhC9fczL5pzge_vw-tllfpg,API,Arden,1,100.0,True,Budget
chair,Bixler Living Room Showood Accent Chair Olive,248.67,248.67,2.7,43,ocala furniture outlets,18,Unknown,,https://encrypted-tbn3.gstatic.com/shopping?q=tbn:ANd9GcTeP1mvAwOAOFVmROcO8xfNhrqchH44KafyhuqQUpaoNWbEra1F3HQ7xK6zlirl_wXcWODZ3bFdI6fdZS-RIkK_DnJ4oiPkcg,API,Bixler,24,4.166666666666666,False,Budget
chair,Staples Rutherford Luxura Manager Chair,129.99,129.99,4.9,10,best buy,19,Unknown,,https://encrypted-tbn3.gstatic.com/shopping?q=tbn:ANd9GcQP78aRaQb1xKk3RqMusOfBShThZKhnWGaUOF2oufUhs8NLiPy8S0YrabvAXCmIPyg5MEYc0FaezBMWufZiN-JpZBZliFTKJBeNC2_b-6absnXKknNFmNBw,API,Staples,2,50.0,True,Budget
chair,Bixler Olive Showood Accent Chair,299.0,299.0,3.2,170,atlantic bedding & furniture,20,Unknown,,https://encrypted-tbn2.gstatic.com/shopping?q=tbn:ANd9GcRCperRC1EpXWB4-8_eDyfYRNK-ByYj_HdvOZJaWj8iW4L5DWVSDS4fHmeDUfSGhgGLNoBDi3uEubvSv7QufEfMFWd4nD0to9aanf990H8j5gm74E_wDQRefg,API,Bixler,19,5.263157894736842,False,Budget
chair,Gwen Gray Swivel Chair,248.0,248.0,5.0,58,american furniture warehouse,21,Unknown,,https://encrypted-tbn0.gstatic.com/shopping?q=tbn:ANd9GcTr9xzq4BGdvu7GzRN61f9yOopq6sl95xGYfQfX3_W3hjLA4eaH81e4u7ebsFA4EfymQIUB5-59zmmBu3sUhF1mjn7reZXXmi5W6pU9hxxL9NstNQiDjQrn,API,Gwen,1,100.0,True,Budget
chair,Papasan Chair White With White Frame,98.0,98.0,5.0,1900,american furniture warehouse,22,Unknown,,https://encrypted-tbn2.gstatic.com/shopping?q=tbn:ANd9GcTgX9-FUJCzwJ4LzBL4JOfchx0-xvYNYvnfXfOngHpEuXjKYLb1eGYGofSgJqGVE0NJGdcvqRq1o_K58Y8Kphm--EQciJGgw68bQbBSdBb3qPcKmlUUrkAB,API,Papasan,1,100.0,True,Budget
chair,Realspace Modern Comfort Pizana Boucl Fabric HighBack Executive Office Chair,279.99,279.99,2.8,55,office depot,23,Free delivery,,https://encrypted-tbn0.gstatic.com/shopping?q=tbn:ANd9GcQuCfH3EKbPWb-DmkNnZTtWpQyDyHC6fLXni87AJzjqOj06dUEQ1wJZCLYOiEjrFb4Q1pgg9pW8FleLbvWnCeEIY7w99SBTQJZY9EgPFMEPrUSZvTm2nBWr,API,Realspace,23,4.3478260869565215,False,Budget
chair,Maiden Home Henri Modern Swivel Lounge Chair Cream Upholstery,502.0,502.0,4.5,,reperch - phoenix,24,Unknown,,https://encrypted-tbn2.gstatic.com/shopping?q=tbn:ANd9GcSVDk130jldMUC1rvPjV5rrBVTasXNwAJFqm6QqEm4N8R6gBsRDg-5Jaa7wYle3yhRPu3WI0uZA9JT4OYpWNpr94ugtyeEWBtt57s1JmDh276bSptDr9GJsoA,API,Maiden,6,16.666666666666664,True,Mid Range
chair,Maiden Home Henri Modern Swivel Lounge Chair Cream Upholstery,553.0,553.0,4.5,,kashew,25,Unknown,,https://encrypted-tbn1.gstatic.com/shopping?q=tbn:ANd9GcTpxDm5OQnVHwHOcVR1A1b8TAf2AlDULRKDRryIFP2AklCE9ajKxD4mmhj4RX-1LWAasQEYQp-Z8MX0fHVlhS8lODAhmvEw4wlk-4wrUJdYjGxoGzW7pR8k30Y,API,Maiden,6,16.666666666666664,True,Mid Range
chair,Staples Dexley Ergonomic Mesh Swivel Task Chair Black UN56946VCC Quill,169.99,169.99,2.5,16,quill,26,Unknown,,https://encrypted-tbn0.gstatic.com/shopping?q=tbn:ANd9GcRIZaNKvxVd1pTeSMTlbFGGRAde_qXZSAjXsEISdiCl6kiWutytTybZvP4C15QGlnMolXYTOJHwVhN0zmUVKvbnxmVZg7CSI6PgkhcpLkExohIIlkq2r3zaiA,API,Staples,26,3.8461538461538463,False,Budget
chair,Britt Swivel Accent Chair,228.0,228.0,5.0,85,american furniture warehouse,27,Unknown,,https://encrypted-tbn3.gstatic.com/shopping?q=tbn:ANd9GcTHb9ja1f_mxQUQCpvWDFApqnDUCKGol9-PG4CHcG-OKS3qixjskTifppJO7klj14OadEE0o_kLz_blgACC49HebBHD97jetuJx9rbhMoKek-4tdO7nqVif,API,Britt,1,100.0,True,Budget
chair,Cisco Home Donato Slipped Chair abc carpet home,3634.0,3634.0,4.5,,abc carpet & home,28,Unknown,,https://encrypted-tbn0.gstatic.com/shopping?q=tbn:ANd9GcQC_UzmP1TXJ3-e4TEgbEiRS1l_JxsIPMhzsGsiz65jWAHYnu9cKFDTjoi0551VH9cS4RWC0jX6XCSX2vjBh1C6DwNaCJyd81nbVwEccQ5GkbTqvVp464wT,API,Cisco,6,16.666666666666664,True,Mid Range
chair,Cisco Home Donato Pure White Linen Slipcovered Chair,4738.0,4738.0,4.5,,furniture.com,29,Unknown,,https://encrypted-tbn2.gstatic.com/shopping?q=tbn:ANd9GcQtrmVOiaKslA0IE0aJZ1Y_RYAgwYtv1KIR868ng1HfXwjZ2W16V3l2nLkIosthf0IBVGobDsmzu7LFRY2KcrUo1Ouz7y7Z,API,Cisco,6,16.666666666666664,True,Mid Range
chair,National Public Seating 2300 Series Folding Chair Save On Bulk Orders,241.55,241.55,3.7,245,bulk office supply,30,Free delivery,,https://encrypted-tbn2.gstatic.com/shopping?q=tbn:ANd9GcQUPrahWV3CU-BaJoi3TNoqZLpWLo6lBOZ_3_-O4IDA6DRFcBr2XyqDGGWbMx1ncnmVAoq3crpxy_tU_MrfaB0naASmi3AvqxUhNTp1ldtq,API,National,14,7.142857142857142,False,Budget
chair,Union Scale FlexFit Dexley Mesh Task Chair Blue with Adjustable Tilt and Lumbar Support UN59375,149.99,149.99,2.9,82,walmart - myofficeinnovations,31,Unknown,,https://encrypted-tbn0.gstatic.com/shopping?q=tbn:ANd9GcSaDKgpApkggH8VQjdSDTk4Mh4k4BeRMal8eQjjmhqMgCSHcCWXXcZWw4GbZqXnb93erSldtWR3MTptysHVeySQn3JHjqLWbBucsW7y5pSb_DQkzYW63uekTg,API,Union,22,4.545454545454546,False,Budget
chair,Luxe White Boucle Accent Chair,128.0,128.0,5.0,1,american furniture warehouse,32,Unknown,,https://encrypted-tbn3.gstatic.com/shopping?q=tbn:ANd9GcSeIJKvgsi4qSfdwpZbhRkjHTkTh8BvsLmymJMln7o1Z8tdLnNqOeIoirEWhTGUFymyPlhxRFCK7-9uAi_l-F4Dzketf9fV_lJQaYLDHdrRAR4ZF0cUri6dzw,API,Luxe,1,100.0,True,Budget
chair,NPS Folding Chair Fabric Seat Fabric Upholstery Steel Frame Gray Seat PK4 Model 2302,222.59,222.59,5.0,273,grainger industrial supply,33,Unknown,,https://encrypted-tbn0.gstatic.com/shopping?q=tbn:ANd9GcT6aIwqPtPSA8EG2JtGs5xAPL-K53zVq4SBtCR3624ezD8XgRfi9E5AWawHNTjRXl5PstBC5F8U-DfIGYjHM8s-GM_ygCchUrYI88WrErw5Z6Fii6nrxY9f,API,NPS,1,100.0,True,Budget
chair,OSP Papasan Chair,495.0,495.0,2.8,2000,lumiere lamps,34,Free delivery,,https://encrypted-tbn0.gstatic.com/shopping?q=tbn:ANd9GcQHSbrMhig_FPhtbidzlJI07xBcbZQqdyXxi1KMXtmNh1F_JIYZBdQ6cu3f-AjBRMZ56uA0keWRIho-lvcfEZA1Uc0Es4dECKsHYU5auAWqvpgKkvd5jjbLmQ,API,OSP,23,4.3478260869565215,False,Mid Range
chair,Ashley Telora Chair,599.99,599.99,2.9,1,ashley,35,Unknown,,https://encrypted-tbn0.gstatic.com/shopping?q=tbn:ANd9GcTL_1C-GG5ciRoLuj4c6eXfnGc7Y-0izdnj5n2qwqDb8uiiWrfJA0f77UAPjzVQ50YuBGELo4xL7nFq6NocVvv9SXflHOET5AdYN8H-l5LF7fK-PT_rL-de2w,API,Ashley,22,4.545454545454546,False,Mid Range
chair,OSP Papasan Chair,98.0,98.0,2.8,2000,american furniture warehouse,36,Unknown,,https://encrypted-tbn0.gstatic.com/shopping?q=tbn:ANd9GcQHSbrMhig_FPhtbidzlJI07xBcbZQqdyXxi1KMXtmNh1F_JIYZBdQ6cu3f-AjBRMZ56uA0keWRIho-lvcfEZA1Uc0Es4dECKsHYU5auAWqvpgKkvd5jjbLmQ,API,OSP,23,4.3478260869565215,False,Budget
chair,Bok Dining Chair Brown Teak Black Leather,1399.0,1399.0,4.4,1,comosum,37,Unknown,,https://encrypted-tbn0.gstatic.com/shopping?q=tbn:ANd9GcRHrtdKwy2iFjVetifpaghkjqICa_cLzKAC6bV7G-cjM2oK3TTkoq2VbSVvq-I6YMWRCUIeCkI8gZk2Sh3cqx_ul4vCkxZxAZS1k_ayo7t8GE1LzLW2iYT8Pw,API,Bok,7,14.285714285714285,True,Mid Range
chair,Luxe Black Boucle Accent Chair,128.0,128.0,4.5,,american furniture warehouse,38,Unknown,,https://encrypted-tbn3.gstatic.com/shopping?q=tbn:ANd9GcRsYa7ICgVYgDLoZ3Iix7b7pOfV06jy1_bpWyJFRWqIV5sOS7J2qZMuD_niwhUdem-PE5VLgpgvutRs57iecAd0X1G1hAcvIM9ziErzWO6wvY6NR06GjS0J,API,Luxe,6,16.666666666666664,True,Budget
chair,Staples Kroy Ergonomic Office Task Chair Breathable Mesh Swivel Seat,180.17,180.17,4.5,,ebay - ouroborg,39,Free delivery,,https://encrypted-tbn2.gstatic.com/shopping?q=tbn:ANd9GcQYfSXtOP7Kh2emj8CF8wFTvSjMQQoAJJKBy4lFYQ_BsosvWCALtJoJpqKs0G4vwsJGbBUL9D-NgzKWrtaH3FtBhwWAQimpgXzbvzDMOvzOEJDHNPKt37hnSg,API,Staples,6,16.666666666666664,True,Budget
chair,Staples Essentials Ergonomic Fabric Swivel Task Chair Black Adjustable Seat Height 282 in W Indoor Use Matte Mesh Modern,149.99,149.99,3.4,108,ebay - goodbyeretail,40,Free delivery,,https://encrypted-tbn2.gstatic.com/shopping?q=tbn:ANd9GcSPpTG1y0ANn8ruk5E_NC4BnwlZ7syFz8FCd9VlEANXxYKAPE9VyFHkJe47kgj8CPo4lrF5fIUfzw2ZRbYJT6Arbls3r7Ca5HQ5CwhVl6Zh,API,Staples,17,5.88235294117647,False,Budget
chair,Hertford 26 Wide Mid Century Upholstered Solid Wood Accent Chair with an Extra Pillow Sand Stable,109.99,109.99,4.2,6000,wayfair,1,Free delivery by Thu,,https://encrypted-tbn1.gstatic.com/shopping?q=tbn:ANd9GcT8f31YtxVOsm0wC0DAzn1m6I27VqfV4TOGsJWCQHC7aJTjiOAIDj5Bj0n20rzpxOa8YGal4Fcw3Nyi7ezSWCbfiysah3Hp_7yI9M9bHNXP,API,Hertford,9,11.11111111111111,True,Budget
chair,West Elm Penn Chair Performance Modern Chenille Poly,499.0,499.0,4.5,,west elm,2,Unknown,,https://encrypted-tbn1.gstatic.com/shopping?q=tbn:ANd9GcRGJ0uhxsMV_jxLNn32Zz1NUxfDV2BJd98dzWyDQfv4YzbJyQ2rM-YH26h_7Iqhriywgk7xtZsWP-h8RsjVhnvI_vSquRYx9vKs0SNSGWk,API,West,6,16.666666666666664,True,Mid Range
chair,FlexFit Dexley Mesh Task Chair,169.99,169.99,4.5,21,staples,3,Free delivery by Tue,,https://encrypted-tbn3.gstatic.com/shopping?q=tbn:ANd9GcSRlCU_Y1ee2F7h-MeVLhN7AsuNswJiCgpevcAU09qlauCY8pevpFjaw2IJVO6X0hWlYOYHK3uWpHtIQbrMeTLJczrc9515jgZjxPtYP7Vxu3qVD9FTHQ7g,API,FlexFit,6,16.666666666666664,True,Budget
chair,Madison Park Calvin Swivel Chair,344.57,344.57,4.6,139,macy's,4,Unknown,,https://encrypted-tbn2.gstatic.com/shopping?q=tbn:ANd9GcStXBs0jFCyORCn0Iyirofjb-Ndn6tzIGtyeznskna759iZaNYjrdmZF0FX30nVH4M7vutP9iCOW3UmFSjckfoqiiwEWNnaIFqmUrPpaETBTQ7zM5duT5h37g,API,Madison,5,20.0,True,Mid Range
chair,IKEA SMLLEN swivel chair,29.99,29.99,4.3,355,ikea,5,Unknown,,https://encrypted-tbn0.gstatic.com/shopping?q=tbn:ANd9GcRZwwoJFIlomTF6SdZu0HpTB6AcoJiHu_M8g47lhfo_0EGAA0r2Pq1bhwmogG7BqHGa7Kx_7Hnq2xthCENS3Jk0y3kfWiOEWThX4BLFfnsz,API,IKEA,8,12.5,True,Budget
chair,Bestier 346 Electric Power Lift Asist Recliner Chair with Massage and Heat,399.2,399.2,3.4,65,home depot,6,Free delivery by Sat,,https://encrypted-tbn2.gstatic.com/shopping?q=tbn:ANd9GcRQU00sxWnM_ogr7Lnw2DDpT7jf2lOvsjQck0I_7hR9544N51hBdQpaeL_en9wkztQ_-zYBN9Q1sKVnn__Yl2gcxSWzACwN0PUhGUVIFujz,API,Bestier,17,5.88235294117647,False,Mid Range
chair,Ashley Santorine Chair,562.49,562.49,4.9,21,levin furniture and mattress,7,Unknown,,https://encrypted-tbn0.gstatic.com/shopping?q=tbn:ANd9GcRAQ-qAnTwohvel-d55YUPe0DzfDxI50DlkNsaF4U4s95R9to7UzczsHXMoa-mjYTsgL4n37GGzeMamRGvVzVOtgrfHeDRCmbjR3Jjm0kImmGJM5fdoaLqp7A,API,Ashley,2,50.0,True,Mid Range
chair,Pottery Barn Josie Upholstered Armchair Polyester Wrapped Cushions,599.0,599.0,4.5,,pottery barn,8,Unknown,,https://encrypted-tbn2.gstatic.com/shopping?q=tbn:ANd9GcThwp4eoXjdvls5sSl9lkXgkbjnUJVPboA0GKYpRkTKh3kg8msz1lYYldLqa_JufKXGiOvsAWAHDyRMX8nndlVDRhIKI-9a7EGHuWBaSJoa7kLcxGbvSjvv,API,Pottery,6,16.666666666666664,True,Mid Range
chair,Jofran GT Swivel Sand Accent Chair,429.95,429.95,4.5,,walker's furniture & mattress,9,Unknown,,https://encrypted-tbn0.gstatic.com/shopping?q=tbn:ANd9GcQjFXCGyiPjhBQYwFeUkY6XhQhYjK5-NTrOKWues9952xT1fXnoM6ykEbQhuxW7FSDz5EIXC7Yn5B7YPWjmCJ6kKeAWI7uVcTU0oSXWnTpGMFy5TRy6E0ew,API,Jofran,6,16.666666666666664,True,Mid Range
chair,Amelia Grand Swivel Chair,1628.0,1628.0,4.5,,joybird furniture,10,Unknown,,https://encrypted-tbn1.gstatic.com/shopping?q=tbn:ANd9GcQzMbbWFKJ_T0qz1Ped-cTtwNz6adHT-sYPc-jDdQggR0IQ0a0fFroLst1Kc6eJsLzMk2KXw5gtkSj2Z0AE2gc_7J041Y8TmXL5S13pCndXHkrdFT4G9ZXWUg,API,Amelia,6,16.666666666666664,True,Mid Range
chair,HermanMillerXLogitechG Embody Gaming Chair,2255.0,2255.0,4.5,1400,herman miller,11,Unknown,,https://encrypted-tbn3.gstatic.com/shopping?q=tbn:ANd9GcSW2bobQOlPZtweQcirjo1TDTrDYwBF3jsbD0ooB-9Q1bH6WvrRIg0spxgtcrwHQwIjV0mvYpGIuaWK-w9MOgjHPuDVJIdge1sIP89xcvg7Dhk7Pf1Kk1UXdg,API,HermanMillerXLogitechG,6,16.666666666666664,True,Mid Range
chair,Staples Hyken Ergonomic Mesh Swivel Task Chair,154.99,154.99,4.6,23,staples,12,Free delivery by Tue,,https://encrypted-tbn3.gstatic.com/shopping?q=tbn:ANd9GcSTTFhxXZSfdRjH3CqyshUVWSqDLIO5bs35vBBTRCleQSRMiaKtKrOfuoVKze91VvfH9QUWI15q2MPIvv92Nolmy1f_1kEUEcAQ04t5D9ncwJoTH-8az_gx9Kf1,API,Staples,5,20.0,True,Budget
chair,Uixe Upholstered Swivel Accent Barrel Chair,201.17,201.17,3.7,14,home depot,13,Free delivery,,https://encrypted-tbn2.gstatic.com/shopping?q=tbn:ANd9GcQ5saSavf5Lkcg_pnB0NkmYYC_ea5Q3H7vMekaw3cyC4mMZxa602sdNUco_uoyZhv1cWmYy9eLABVQa5OeyVKOwWmF0_fLMMRQtLvu3rtw,API,Uixe,14,7.142857142857142,False,Budget
chair,Macys Kabila Fabric Accent Chair,674.1,674.1,5.0,2,macy's,14,Unknown,,https://encrypted-tbn2.gstatic.com/shopping?q=tbn:ANd9GcSrlpUz6MdyX6auEELmqP08v6KZsw81dMvyp7eFndACcF3oP1jXU3V5CR_jpGq4AlBSh6WWGb5hHv2-Z0aIOPXYcN_owp4ZD5FB13rxAIV3sc6T1Bir2ZnvLQ,API,Macys,1,100.0,True,Mid Range
chair,Razer Iskur V2 X NewGen,349.99,349.99,4.2,5,best buy,15,Unknown,,https://encrypted-tbn2.gstatic.com/shopping?q=tbn:ANd9GcSaxp1H6Y_LQZDyr8SCRWTSWb0C3YU7i43BGnHfS63kE9bVMbjTmVQBJCuO3fbtnkJf2RNwazPgCEzA2EtIZdOlOFOAqu3tSLKL4oahLVQ,API,Razer,9,11.11111111111111,True,Mid Range
chair,Ktaxon Mid Century Modern Accent Chair Linen Fabric Armchair with Solid Wood Frame,129.99,129.99,4.2,63,walmart - ktaxon,16,Unknown,,https://encrypted-tbn3.gstatic.com/shopping?q=tbn:ANd9GcRMEG5eNjoeI-1tMaKB9Cxb3T1T929U76is-pHfQuFSfdipc18Ltn7qrSnklJvGT8yI6bdMI4FotxrN1SdyrdevlXS9AwWAebAsYDasuRPCmOwJ971wPYvqWA,API,Ktaxon,9,11.11111111111111,True,Budget
chair,Sculptural Chair by Anthropologie,998.0,998.0,4.7,9,anthropologie,17,Unknown,,https://encrypted-tbn3.gstatic.com/shopping?q=tbn:ANd9GcTswKyCjPr7BBOzMXBUiXSqZVgfnqooXC6gnT7COulREulcAhYI8tCScLsxHf0a0BSRe8LP_JjAcMYjsxuAE4KvdMRhcBCs-Dk2MiK9HA11letXN4Vd3TWfdeM,API,Sculptural,4,25.0,True,Mid Range
chair,Arden Upholstered Dining Armchair by World Market,269.99,269.99,4.5,84,world market,18,Unknown,,https://encrypted-tbn2.gstatic.com/shopping?q=tbn:ANd9GcTBkcSBmanyMV7Lq93Zr5Jcw5-TN6xPjo9136ibtB4NBEw_lw6OstK0XRFEmTTVebGl_0Iwhx6jX4LzulyCwEarZ0XE8ITgd7i8-EIwHlElKhnjUEeOKOwkqQ,API,Arden,6,16.666666666666664,True,Budget
chair,Ave Six Oakley Chair,38.0,38.0,4.5,150,american furniture warehouse,19,Unknown,,https://encrypted-tbn3.gstatic.com/shopping?q=tbn:ANd9GcQk27W_N2wXSfl8kXLlNgVcTL8T-FZosHPY-d1IGPeDcsk0xFjsbFOtC9h7u_5fYqvl43n3r37HR3IjxgkG7TgweOG3-Qld-mbfFok0DP56i1baOvY455v6IA,API,Ave,6,16.666666666666664,True,Budget
chair,VINGLI Corduroy Accent Chair Upholstered Arm Chair Burnt Orange,139.99,139.99,4.5,,lowe's,20,Free delivery by Thu,,https://encrypted-tbn1.gstatic.com/shopping?q=tbn:ANd9GcTPliFqO_jGZ68uhYL0c2uQU24DC-nGTjBs_X_f0N3zX7pPqyd3mVvlloTi3OcziAmZifvt5wer7yFQziclazTLesOOc_qV-xp3moEQSTGkwNssBgPAg032dg,API,VINGLI,6,16.666666666666664,True,Budget
chair,Round Chair Natural Cord,531.0,531.0,4.7,93,rove concepts,21,Unknown,,https://encrypted-tbn3.gstatic.com/shopping?q=tbn:ANd9GcTMuXcPPpVE3vap4Q_EsbL_oOMoBqFkj1ox0tw3JWlVG7rkaX3rkOMmF7zhWmw0vwq3hOTT_IjDSrxDUWGokMYUUQwOD0MkCAPqwtpUHYoG4AJANqyTC2AhmQ,API,Round,4,25.0,True,Mid Range
chair,Staples Kelburne Luxura Faux Leather Computer and Desk Chair,149.99,149.99,4.4,16,staples,22,Free delivery by Tue,,https://encrypted-tbn2.gstatic.com/shopping?q=tbn:ANd9GcQy6vgOB3pX7KA66fVyWVOPjQvUxYicW-_IIY8SzhqyBJz3oLFPdc0H8FmVwOWCE8iPFjsvC81pAesFEgZZeoWxBpC_cOu0c0oL84h3Ye5tIQrdx_EYadMg,API,Staples,7,14.285714285714285,True,Budget
chair,Emerge Vortex Bonded Leather Gaming Chair,159.99,159.99,2.8,4,best buy,23,Unknown,,https://encrypted-tbn2.gstatic.com/shopping?q=tbn:ANd9GcT0NKxWkMIkCFbH9V0MLwkTvz_R9NJFUufdc-3tl-kOM9NMXZQadWkTcsReuH9UXgOd_8zMj-UcCtKVVh4pFOAy4RZUfzrh0UtNCPcLk7uK_fNhqH1oLViS,API,Emerge,23,4.3478260869565215,False,Budget
chair,GDFSTUDIO Chenille Upholstered 360 Swivel Accent Club Chair with Metal Base,372.04,372.04,4.5,,home depot,24,Free delivery,,https://encrypted-tbn2.gstatic.com/shopping?q=tbn:ANd9GcQs6AvEIiGqPXdOr0q-BrKywKn3GQznRZQjjW5C_MUpKHoWOu8yNlHwhEjYR9er8Uq1ydIk3dTECuTzvpdh_XQPFN3SXTY-9FVKZ2oXiOTY,API,GDFSTUDIO,6,16.666666666666664,True,Mid Range
chair,Chita Armchair Occasional Chair 360 Swivel Velvet,492.99,492.99,4.8,443,chita living,25,Free delivery,,https://encrypted-tbn2.gstatic.com/shopping?q=tbn:ANd9GcTtSMGEYz-QQhxYhZrCDV378bfxUTTQsqKbO9vBi0UxL4zgpkDvbSh1axQSEyaeZlsGCuCtsh8Qk4H8Kl1UeFOj867I7sag_hH0UN4EsjiiJcgKM0kPhoUj,API,Chita,3,33.33333333333333,True,Mid Range
chair,Design Within Reach Flight Recliner Fabric,3971.25,3971.25,4.4,37,design within reach,26,Unknown,,https://encrypted-tbn0.gstatic.com/shopping?q=tbn:ANd9GcQx27-3ENKUB3Nopo9O_XcjYfLZT0q2mxNBVLlunQ5npcwuRZnATacolCDJeuZbQWDaDCNKe6izL_3kL-Eh0hF5LWIG9Ysqv1rC2tnMNJxjSkLcnCpmEE3oNg,API,Design,7,14.285714285714285,True,Mid Range
chair,Ergonomic Office Chair Adjustable Lumbar Support Mesh Seat 7D Armrest Reclining Desk Chair Sustainable Design Tall Users Home Office Sunaofe,449.99,449.99,4.1,13,sunaofe,27,Free delivery by Fri,,https://encrypted-tbn0.gstatic.com/shopping?q=tbn:ANd9GcROL8Hij9-T91buUKaqwH65RffN9-Re2CsN7p4cEnxG5-1NCDb1HsA3z0C4JrT0J-xgm_3iVVYaTCMz671QAM4dCqpifqbtzKVgQkGZqi5d3oDdgSVAdapkRw,API,Ergonomic,10,10.0,True,Mid Range
chair,LaZBoy Collage Rocking Recliner Chair Sits One,549.99,549.99,4.7,1100,wichita furniture & mattress,28,Unknown,,https://encrypted-tbn0.gstatic.com/shopping?q=tbn:ANd9GcSCwJjE5mCR8_Gez7cCed5Bp2CWfyUyQSnylR0KPu8wVPltPblOknXoXtYRJOswIX1Rb7kI6DslakGIXfbPkxsHYZrEz6lEaPOSbP-TzYRiQplybwSo827F,API,LaZBoy,4,25.0,True,Mid Range
chair,Branch Ergonomic Chair A Versatile Desk Chair with Adjustable Lumbar Support,389.0,389.0,4.4,7800,branch,29,Free delivery,,https://encrypted-tbn2.gstatic.com/shopping?q=tbn:ANd9GcQzjGxmKEDeZloex3C5nadOosSg2WhFFX-nnmwG3gKaqBN09ZeHQhLo5h0n8Vcs51qOkUINh3rFzrKqupwVWHbxeqsc1Q_t0OfanyySL-bxPHb_9IMiC_KV,API,Branch,7,14.285714285714285,True,Mid Range
chair,Swivel Barrel Chair,1399.0,1399.0,5.0,9,povison,30,Free delivery,,https://encrypted-tbn2.gstatic.com/shopping?q=tbn:ANd9GcS6M0l-AmOqW3CpV568km0rKLKPZcy3NkMEe10jDTQ0KaI2P8AMT_shxga3f7b3hWSqX84ccY3MOBEDtCvjVPY4Q8-18JjLiKMDfQB2jEtX,API,Swivel,1,100.0,True,Mid Range
chair,IKEA NORDVIKEN chair,65.0,65.0,4.4,938,ikea,31,Unknown,,https://encrypted-tbn0.gstatic.com/shopping?q=tbn:ANd9GcQfrFEHg1Ktcv1u3GoLgtvAVClK_hHPKtrvR077SZCueRd-jfHbtJElDS7_C4Bsv78IjhP1H--LyMQQkHk9LG_JQAV_168o_KVx-5q77ZcuEEoec5YGZcbi,API,IKEA,7,14.285714285714285,True,Budget
chair,Olten Chair and a Half,339.99,339.99,5.0,4,virginia furniture market,32,Free delivery,,https://encrypted-tbn1.gstatic.com/shopping?q=tbn:ANd9GcTH6sbZW9pRTfpEYSDNTA-7wG_rSNbM5e2YBinHZw9Er0xPMKdstsnJC0Sj6d-uWidLldODBzRnh3Bq_JuOIWac_bOaDl1Bzpko7aPIwbhM3aiwm-rqntI8,API,Olten,1,100.0,True,Mid Range
chair,Coaster Iris Fabric Upholstered Swivel Accent Chair,424.0,424.0,4.5,,furniture pick,33,Unknown,,https://encrypted-tbn1.gstatic.com/shopping?q=tbn:ANd9GcRHTjsaeyt-Ns_ufPQFeajfER8EOW6OfJO80iQONdLKeWx5u0ubtkmm8L8I9w3kMTvq9co6ieYgjsupPAEyTJhm93A5OJI5F9vnEvyBNBf-ti8nUCfqBIAbag,API,Coaster,6,16.666666666666664,True,Mid Range
chair,Lulu and Georgia Olivares Accent Chair,998.0,998.0,4.5,,lulu and georgia,34,Unknown,,https://encrypted-tbn1.gstatic.com/shopping?q=tbn:ANd9GcSDnTBVSx6urVLVCWqTQLdc4c3QHe-JXoINtqUNzCgLvP1glA4DY3ZU0tgEw7KxNPtVP95Gcc04qKjUw5uzPPLhlZ1zK5QunwgNAfjARzOj5eYEIjc8SE5RtzA,API,Lulu,6,16.666666666666664,True,Mid Range
chair,Maiden Home The Kenmare Chair,2750.0,2750.0,4.5,,maiden home,35,Unknown,,https://encrypted-tbn1.gstatic.com/shopping?q=tbn:ANd9GcRxG2M_olgHJMRgkoUtUEeEp5XiCtRbQZsXIfXQF0zoMfeFSL7m8ENCSGo8oAp0uvfyhU3XConhypRBYz_Md60Sq07vRXq_iKryXFz4BrrjEAVoBMNm5h_v,API,Maiden,6,16.666666666666664,True,Mid Range
chair,Vicenza Wooden Upholstered Accent Chair Contemporary Living Room Chair Polyester Barrel Chair with Metal Legs for Bedroom,219.99,219.99,5.0,1,target,36,Free delivery,,https://encrypted-tbn2.gstatic.com/shopping?q=tbn:ANd9GcRPZbirS5ygD4z3qctvjdq0mJM9wa-KB-4kDzXYcsKkJ1ZO_3lOIx1pxpvKSiYruqkWEHBpQ4WlziGzNwFersWl5IdOOD7FxfVA9FyQ_605Hu5ZayJOrcskeA,API,Vicenza,1,100.0,True,Budget
chair,Knoll Barcelona Chair,9110.25,9110.25,4.8,24,design within reach,37,Unknown,,https://encrypted-tbn3.gstatic.com/shopping?q=tbn:ANd9GcSZZmh4CsmNFeS6oLQzgjnOqim5EOmBhvJYDZYWpr9MbjZ_4r2_mTI8NbqsEzHEsldbrQNVqSN11yeq8U_hkPd3slfMOw1zDHDF_iqLPU5_gqTJNMTWdi3c,API,Knoll,3,33.33333333333333,True,Premium
chair,Eureka Ergonomic Mathias Napa Executive Leather Chair,849.0,849.0,4.6,291,eureka ergonomic,38,Free delivery,,https://encrypted-tbn3.gstatic.com/shopping?q=tbn:ANd9GcRTUG46sXTHczyqMl7sktMHCiRRR4EtfsVtUCt7rW3FKQ7t5k5YlRPIMhEgIYdGYZ2ExsafXj_e25ri0SO90Q3Pv4Ze8oDMSyuNB7-SzI8_,API,Eureka,5,20.0,True,Mid Range
chair,Ashley Gaelon Chair,399.0,399.0,4.5,36,rune's furniture & carpet,39,Unknown,,https://encrypted-tbn0.gstatic.com/shopping?q=tbn:ANd9GcQdNK1OJ9WPU-4mghn-iMPOhXbRYRa30dx39FSgCurzmeCjVnCtB0W3rYiQ07l53UoFq4HzFoO-9uKqKmcow5H1DnBGdPUcxicZtoamkhsK50LeY4KL7-svWLk,API,Ashley,6,16.666666666666664,True,Mid Range
chair,Modern Upholstered Accent Chair with Solid Wood Frame,197.99,197.99,4.5,,bed bath & beyond,40,Free delivery,,https://encrypted-tbn2.gstatic.com/shopping?q=tbn:ANd9GcTsI2_aQB-gya46jCeoC1f25M7wZOick9SCBv_RQUHbzBdxUUwKHIieWXwetNGRLcyc4fnilC4JQ3j8-yxAbSIPqML74LzV6g63keO_j6E,API,Modern,6,16.666666666666664,True,Budget
chair,Maiden Home The Vera Chair,5650.0,5650.0,4.5,,maiden home,7,Unknown,,https://encrypted-tbn1.gstatic.com/shopping?q=tbn:ANd9GcRk_TYDOU30gyBZMlKFCE0c94ORaGLpqV8D921juAYz0QXwdhaZ0ff1417bPaqc_ABEGhKbDYRTXsSXH2LBO9dBvlPSL5eSGIVN-dI-9b8Lz5cTTMBaYIjBdw4w,API,Maiden,6,16.666666666666664,True,Premium
chair,Maiden Home The Kenmare Chair,2425.0,2425.0,4.5,,maiden home,10,Unknown,,https://encrypted-tbn0.gstatic.com/shopping?q=tbn:ANd9GcSY9asw9Z6OGDjs_j09K3C9DjR9jxU_JDbBbwowyM_U-8hJx94TKUer3bfQyyIfN4pm0I1K_CuZJodIlHn831L-x58q40Ui0iOZ6nv4d1c8V4-RJPv7gF_8iw,API,Maiden,6,16.666666666666664,True,Mid Range
chair,Maiden Home Oliver Modern Swivel Lounge Armchair,4264.0,4264.0,4.5,,aptdeco,11,Unknown,,https://encrypted-tbn1.gstatic.com/shopping?q=tbn:ANd9GcQHrajaGgoOMwwAaZLMY5LPVFffKzOYIYauL4z3h3TqUBqdNL6qp7GXCNCmJm_pBSQHK9GQOxnKuUhvHNfoe4v1Wel-x_pDjWkeGeeShXHNupb5EM4ZyumFnA,API,Maiden,6,16.666666666666664,True,Mid Range
chair,Bexley Graphite Gray Accent Chair,68.0,68.0,4.5,,american furniture warehouse,12,Unknown,,https://encrypted-tbn2.gstatic.com/shopping?q=tbn:ANd9GcRDi_Wim2kJTlqOuSqYjk6YHR-wZl9RNRALtjFQnY9jQJsZ6dzUr50mkXwM6HYsvk0l_jZW0lH4jTmitusmc7d222NGE_9PQA8zvAd4jenG9s_P0O510Rej,API,Bexley,6,16.666666666666664,True,Budget
chair,Vito Tan Swivel Chair,278.0,278.0,3.2,1,american furniture warehouse,15,Unknown,,https://encrypted-tbn3.gstatic.com/shopping?q=tbn:ANd9GcQFoaqDwp0sqCnEhanY-eovkeyPRsfmtQwcE33u4IBuzxXB-kb4E6F_dqZypGuxjfA8uW73LKhICThXmS0exNrKIYQWerPCy8UNub3rfNxypxPM36nn96Bt,API,Vito,19,5.263157894736842,False,Budget
chair,FlexFit Dexley Mesh Task Chair,169.99,169.99,4.1,93,staples,16,Free delivery by Tue,,https://encrypted-tbn3.gstatic.com/shopping?q=tbn:ANd9GcSRlCU_Y1ee2F7h-MeVLhN7AsuNswJiCgpevcAU09qlauCY8pevpFjaw2IJVO6X0hWlYOYHK3uWpHtIQbrMeTLJczrc9515jgZjxPtYP7Vxu3qVD9FTHQ7g,API,FlexFit,10,10.0,True,Budget
chair,National Public Seating Folding ChairGray1834 InPK4 onesize 2302,234.44,234.44,5.0,227,lowe's,17,Free delivery by Thu,,https://encrypted-tbn2.gstatic.com/shopping?q=tbn:ANd9GcRKDs-_8drgeFuq_z1xEY2e4RgFtdJuS3k4Wws7aN7fOTa9LWyPtmdwHwWb7iDwQJdybxhnFnAUQMLRNvuuMYxPeXRxt7uJzSKPQlt24Uyda-3C7wVndT8MPg,API,National,1,100.0,True,Budget
chair,Brenton Studio Bellanca Guest Chair,119.99,119.99,5.0,297,office depot,18,Free delivery,,https://encrypted-tbn0.gstatic.com/shopping?q=tbn:ANd9GcSvpF5edrVuewJ_fKj_m-ZvG2CtSoi3KS4XYHXVt8Au44lipmB44BOVlX4auozAd5PUpmpr0qm21bOkwxFvzlj8JP2QBe0ZgwLKbh7oCbU_F7EtZYueWGDddw,API,Brenton,1,100.0,True,Budget
chair,Arden Gray Accent Chair,228.0,228.0,5.0,1,american furniture warehouse,19,Unknown,,https://encrypted-tbn0.gstatic.com/shopping?q=tbn:ANd9GcR94Nm7_Fvz7FClQwVxs_WE-mORXn49E8GdFalqXhIavdaw74WIgwbyzNrxFRwSLBFlwOj_hKv95FhIlYkTHVmVTQeudheWc-AXhC9fczL5pzge_vw-tllfpg,API,Arden,1,100.0,True,Budget
chair,Bixler Living Room Showood Accent Chair Olive,248.67,248.67,2.7,43,ocala furniture outlets,20,Unknown,,https://encrypted-tbn3.gstatic.com/shopping?q=tbn:ANd9GcTeP1mvAwOAOFVmROcO8xfNhrqchH44KafyhuqQUpaoNWbEra1F3HQ7xK6zlirl_wXcWODZ3bFdI6fdZS-RIkK_DnJ4oiPkcg,API,Bixler,24,4.166666666666666,False,Budget
chair,Staples Rutherford Luxura Manager Chair,129.99,129.99,4.9,10,best buy,21,Unknown,,https://encrypted-tbn3.gstatic.com/shopping?q=tbn:ANd9GcQP78aRaQb1xKk3RqMusOfBShThZKhnWGaUOF2oufUhs8NLiPy8S0YrabvAXCmIPyg5MEYc0FaezBMWufZiN-JpZBZliFTKJBeNC2_b-6absnXKknNFmNBw,API,Staples,2,50.0,True,Budget
chair,Bixler Olive Showood Accent Chair,299.0,299.0,3.2,170,atlantic bedding & furniture,22,Unknown,,https://encrypted-tbn2.gstatic.com/shopping?q=tbn:ANd9GcRCperRC1EpXWB4-8_eDyfYRNK-ByYj_HdvOZJaWj8iW4L5DWVSDS4fHmeDUfSGhgGLNoBDi3uEubvSv7QufEfMFWd4nD0to9aanf990H8j5gm74E_wDQRefg,API,Bixler,19,5.263157894736842,False,Budget
chair,Gwen Gray Swivel Chair,248.0,248.0,5.0,58,american furniture warehouse,23,Unknown,,https://encrypted-tbn0.gstatic.com/shopping?q=tbn:ANd9GcTr9xzq4BGdvu7GzRN61f9yOopq6sl95xGYfQfX3_W3hjLA4eaH81e4u7ebsFA4EfymQIUB5-59zmmBu3sUhF1mjn7reZXXmi5W6pU9hxxL9NstNQiDjQrn,API,Gwen,1,100.0,True,Budget
chair,Realspace Modern Comfort Pizana Boucl Fabric HighBack Executive Office Chair,279.99,279.99,2.8,55,office depot,24,Free delivery,,https://encrypted-tbn0.gstatic.com/shopping?q=tbn:ANd9GcQuCfH3EKbPWb-DmkNnZTtWpQyDyHC6fLXni87AJzjqOj06dUEQ1wJZCLYOiEjrFb4Q1pgg9pW8FleLbvWnCeEIY7w99SBTQJZY9EgPFMEPrUSZvTm2nBWr,API,Realspace,23,4.3478260869565215,False,Budget
chair,Maiden Home Henri Modern Swivel Lounge Chair Cream Upholstery,502.0,502.0,4.5,,reperch - phoenix,25,Unknown,,https://encrypted-tbn2.gstatic.com/shopping?q=tbn:ANd9GcSVDk130jldMUC1rvPjV5rrBVTasXNwAJFqm6QqEm4N8R6gBsRDg-5Jaa7wYle3yhRPu3WI0uZA9JT4OYpWNpr94ugtyeEWBtt57s1JmDh276bSptDr9GJsoA,API,Maiden,6,16.666666666666664,True,Mid Range
chair,Maiden Home Henri Modern Swivel Lounge Chair Cream Upholstery,553.0,553.0,4.5,,kashew,26,Unknown,,https://encrypted-tbn1.gstatic.com/shopping?q=tbn:ANd9GcTpxDm5OQnVHwHOcVR1A1b8TAf2AlDULRKDRryIFP2AklCE9ajKxD4mmhj4RX-1LWAasQEYQp-Z8MX0fHVlhS8lODAhmvEw4wlk-4wrUJdYjGxoGzW7pR8k30Y,API,Maiden,6,16.666666666666664,True,Mid Range
chair,Union Scale FlexFit Dexley Mesh Task Chair Blue with Adjustable Tilt and Lumbar Support UN59375,149.99,149.99,2.9,82,walmart - myofficeinnovations,30,Unknown,,https://encrypted-tbn0.gstatic.com/shopping?q=tbn:ANd9GcSaDKgpApkggH8VQjdSDTk4Mh4k4BeRMal8eQjjmhqMgCSHcCWXXcZWw4GbZqXnb93erSldtWR3MTptysHVeySQn3JHjqLWbBucsW7y5pSb_DQkzYW63uekTg,API,Union,22,4.545454545454546,False,Budget
chair,Luxe White Boucle Accent Chair,128.0,128.0,5.0,1,american furniture warehouse,31,Unknown,,https://encrypted-tbn3.gstatic.com/shopping?q=tbn:ANd9GcSeIJKvgsi4qSfdwpZbhRkjHTkTh8BvsLmymJMln7o1Z8tdLnNqOeIoirEWhTGUFymyPlhxRFCK7-9uAi_l-F4Dzketf9fV_lJQaYLDHdrRAR4ZF0cUri6dzw,API,Luxe,1,100.0,True,Budget
chair,Lorell Millenia Pneumatic Adjustable Task Chair,172.34,172.34,5.0,4,bulk office supply,32,Free delivery,,https://encrypted-tbn0.gstatic.com/shopping?q=tbn:ANd9GcQWutpt0r24tVOga21lerUK7lHpuV3I1xYQf887WxdG1Wed0oKVs4ko0Fml9TshtIP7SCI6rDRUO9flXLi_5Brxto7lC3v-r1CtTCYT0z4,API,Lorell,1,100.0,True,Budget
chair,Rae Chair,263.01,263.01,5.0,1,lafferty's tv & appliance,33,Unknown,,https://encrypted-tbn3.gstatic.com/shopping?q=tbn:ANd9GcQVoMuvN_j5Q64vCDc_Z9kubNoLPMk0Imo-LW4xxCGvZIwPfm_OajizpJvvdzleR-vMBwEJlkDoYSvwBqSH4nq9SDeE6C_casicC-LYbzlzkMLWPJwzxsWN,API,Rae,1,100.0,True,Budget
chair,Ashley Telora Chair,449.99,449.99,2.9,1,virginia furniture market,34,Free delivery,,https://encrypted-tbn2.gstatic.com/shopping?q=tbn:ANd9GcTCCAnrhs06epnGHs3Sj4UQGJXT7CRQLaVBY1bSc8sklq3TV2ynS0dtOEeDTr86Tk97fjFHd1rLQhnUQ_aZ1IvGftuSS0on5lWPupXBjDXuv7yOfRLHVlozRg,API,Ashley,22,4.545454545454546,False,Mid Range
chair,OSP Papasan Chair,495.0,495.0,2.8,2000,lumiere lamps,35,Free delivery,,https://encrypted-tbn0.gstatic.com/shopping?q=tbn:ANd9GcQHSbrMhig_FPhtbidzlJI07xBcbZQqdyXxi1KMXtmNh1F_JIYZBdQ6cu3f-AjBRMZ56uA0keWRIho-lvcfEZA1Uc0Es4dECKsHYU5auAWqvpgKkvd5jjbLmQ,API,OSP,23,4.3478260869565215,False,Mid Range
chair,Staples Hyken Ergonomic Mesh Swivel Task Chair,429.99,429.99,4.9,1,staples,36,Free delivery by Wed,,https://encrypted-tbn3.gstatic.com/shopping?q=tbn:ANd9GcQME8zsctZR9PmJpzQHH_0Vr5LZclGWAe_YkxG4i9_ju_EZmPCWMpUJGqbjZoXslxJgyGYpCtOBjBMOUw-0ZD0QFuTr-GOl1_mlWwX_RZNZDwvDtHtPWczqLQ,API,Staples,2,50.0,True,Mid Range
chair,OSP Papasan Chair,98.0,98.0,2.8,2000,american furniture warehouse,37,Unknown,,https://encrypted-tbn0.gstatic.com/shopping?q=tbn:ANd9GcQHSbrMhig_FPhtbidzlJI07xBcbZQqdyXxi1KMXtmNh1F_JIYZBdQ6cu3f-AjBRMZ56uA0keWRIho-lvcfEZA1Uc0Es4dECKsHYU5auAWqvpgKkvd5jjbLmQ,API,OSP,23,4.3478260869565215,False,Budget
chair,Lorell Millenia Pneumatic Adjustable Task Chair,172.34,172.34,5.0,4,bulk office supply,40,Free delivery,,https://encrypted-tbn0.gstatic.com/shopping?q=tbn:ANd9GcQWutpt0r24tVOga21lerUK7lHpuV3I1xYQf887WxdG1Wed0oKVs4ko0Fml9TshtIP7SCI6rDRUO9flXLi_5Brxto7lC3v-r1CtTCYT0z4,API,Lorell,1,100.0,True,Budget
camera,Canon CarePAK PLUS Accidental Drops Spills Protection for EOS DSLR Mirrorless Cameras,289.99,289.99,5.0,39,adorama,1,Free delivery by Thu,,https://encrypted-tbn0.gstatic.com/shopping?q=tbn:ANd9GcTNi6QX5dF3OetLFHW1L62RUErrbIK2zi9DI79MvYSTIE5DecOQC3UxJOKzZkP5WNSthGqwmHpgGUvyCJ94RPVhvZyAmYYDCWP8mU9yu4ZqFLxvSuYGnXFYRg,API,Canon,1,100.0,True,Budget
camera,Nixplay 101 inch Touch Screen Digital Picture Frame,120.0,120.0,5.0,343,ebay,2,Unknown,,https://encrypted-tbn0.gstatic.com/shopping?q=tbn:ANd9GcQXen6x3HwhqfP8eAUqsqSRq1Vaqb38DfPP8VYVycj6_GNkVqWp5d3Ba63BO7xlsfu6ycQ4Fv1_lmV4RT7KLn4zhgwqMgUxgV5mmA1e5SnYHBaZru0zL9iFpg,API,Nixplay,1,100.0,True,Budget
camera,Kodak Charmera 1987 Keychain Digital Camera Type 4 White,54.99,54.99,1.0,88,ebay,3,Free delivery,,https://encrypted-tbn0.gstatic.com/shopping?q=tbn:ANd9GcThkh2GS6DiJSEObd2UBdnWKs6no3JTa7KnIK-E8jjZ5ZcUYrDA15P7wuoWL-qGxPKVe0kS2BBmk8gWbECFfwx9y6q6UClXdT-YlYH4RhxNajdyLAKHVw5i,API,Kodak,37,2.7027027027027026,False,Budget
camera,Vivitar SkyVision 4K Ultra HD GPS Foldable Video Drone,179.99,179.99,5.0,101,b&h photo-video audio,4,Free delivery by Wed,,https://encrypted-tbn2.gstatic.com/shopping?q=tbn:ANd9GcSm0oOmJc3te9qocN6hCInZ4NbUsrd4kYmDsEg-EYYT_S52Qj8sC_u7v1YELt4ZHuhkUeuEt_IgSPbsssCWvRM-bAH47j2p3VIbnToviTUKRtkygdUTWIhEaw,API,Vivitar,1,100.0,True,Budget
camera,Kodak Charmera Millennium Edition SILVER CHASE 148,210.0,210.0,5.0,,ebay,5,Free delivery,,https://encrypted-tbn0.gstatic.com/shopping?q=tbn:ANd9GcTQYAjntXG50xFh4BwLgEiE7FTFEtnlulvadKS1BdiyF8BE9a73DHcCpdILtYTdFq0jWSBj6s-i4tEYgEPHoOhUAWpQkSLN2k0yn3y60R_HnDx1HOcooMwk,API,Kodak,1,100.0,True,Budget
camera,FUJIFILM QuickSnap Flash 400 SingleUse Film Camera 27 Exposures,19.99,19.99,3.5,1500,looking glass photo & camera,6,Unknown,,https://encrypted-tbn1.gstatic.com/shopping?q=tbn:ANd9GcTSljbZCbsTihh_xvavUKdcRkE0brPUcbOVHnPotRsI0aRumJQp--HwLqQ3EAzU3uVlGGQEXVE0OTIXH5y1xX_50gsF47OlgdmJ0oYObWBP,API,FUJIFILM,16,6.25,False,Budget
camera,Fujifilm Quicksnap Flash Single Use Camera 27 Exp 2 Pack Exp 112025,17.54,17.54,3.8,1200,ebay - luxuryoverstock,7,Unknown,,https://encrypted-tbn3.gstatic.com/shopping?q=tbn:ANd9GcTlICB_6m4-7nmPvcQozE0BvJ1YW9O4afBTh4o3NcP0lElPoWLpjftsoCWNRheH1M8c6_78gFBifJBIuALay2ItVA7YSonC5CRIQLp1-0aw,API,Fujifilm,13,7.6923076923076925,False,Budget
camera,Sony Alpha ZVE10 II Mirrorless Camera with 1650mm Lens Black,1349.99,1349.99,5.0,474,hsn,8,Unknown,,https://encrypted-tbn0.gstatic.com/shopping?q=tbn:ANd9GcRBH_9dKGFbBq2tJ8GEVatz_OFASEa6qOwW4EwXzF-oyhyisRppuIbhzVsBu03tdktv9WhneNJ2zof3-C-llKkRilcPss5wcGCSdLeBtIo2rcpL8jPZaFsd,API,Sony,1,100.0,True,Mid Range
camera,QuickSnap FUJIFILM 400 Flash IndoorOutdoor Disposable Camera 2Pack,23.0,23.0,3.5,1300,ebay,9,Unknown,,https://encrypted-tbn1.gstatic.com/shopping?q=tbn:ANd9GcThXTXx-k57eiexT7E1dsyN3SGp6u9btPWoPnCky9MCptO6M61iGVwO46t3JjDKPyCV06tulgeaY_fNei7U9Z6O3bvnHd41KbqaAzI_szE,API,QuickSnap,16,6.25,False,Budget
camera,Insta360 X5 Camera,549.99,549.99,4.7,504,best buy,10,Free delivery by Tue,,https://encrypted-tbn1.gstatic.com/shopping?q=tbn:ANd9GcRjq1K33pOQ_YDcJwWYjePY9Cdk1GJrYPJ68axLzbLaceNJBdLYgvAY7Gw5Y88yWutKKc_tWULnqQ4IIXOiOSHqxoL5iIPseNKyIip471u5,API,Insta360,4,25.0,True,Mid Range
camera,Vivitar PopCam Digital Camcorder 48MP Full HD 1080p Video Camera with 3 Flip Screen 16x Digital Zoom Builtin Microphone Compact Vlogging Camera,50.17,50.17,3.7,259,brands for less usa,11,Free delivery by Fri,,https://encrypted-tbn1.gstatic.com/shopping?q=tbn:ANd9GcTMv7_sSx9Nky9CwAYUPlFsO954dgGu8oRwCiQiHEC_u0caj47oX6ohZvWJSQiQMTXvpDxtBAJOWueTDrqGgfdgWADh3vEyYA7WJE1gR3x0bfoXc26XAf-D,API,Vivitar,14,7.142857142857142,False,Budget
camera,Fuji Film Disposable Camera Quick Snap Flash 27 Exposure 400 Speed Exp,12.5,12.5,5.0,1200,ebay - lamasdeals,12,Unknown,,https://encrypted-tbn2.gstatic.com/shopping?q=tbn:ANd9GcR9amRQ3-uFhJpvEdUTCiuEaNpzE6_CXbv9iL6ZssLIC0i7-37w_V35fSNzlZkAVmzK-MbfCu485eTko9FzwSWPlgIHOjI4NToMREa19y1ItVECNpJEVRdp,API,Fuji,1,100.0,True,Budget
camera,Mini Action Camera 64gb Thumb POV Portable Body Cam Wearable Video Recorder Helmet Mount Magnetic Sport DV for Cycling Motorcycle Pet Vlog,13.99,13.99,5.0,,walmart - lacrtope,13,Unknown,,https://encrypted-tbn2.gstatic.com/shopping?q=tbn:ANd9GcTGnVGrNiJ-JBOVwfQgb2kA6fl-nw91QWA6MK9cvqOmmV8tIBsH4zFwfrF1iecOpkJNsUKGvPL56xdNHddOAvCh1WKG1qxVN0aLEhq5XV4iY5lw9vLV_-YD,API,Mini,1,100.0,True,Budget
camera,Canon EOS Rebel T7 241MP Digital SLR Camera with EFS 1855 Lens,418.99,418.99,2.7,8500,teds electronics,14,Unknown,,https://encrypted-tbn2.gstatic.com/shopping?q=tbn:ANd9GcQYgl-ucVj3ekgQnpsk1JlaT825Pv35mJ7Q50ZG5Ov-dGxUsqwFpIO-x6lf7T6Z_SERSRhNHIRs-xFN6rmv7sAhHKPiyLgCKsCo3aoVzQ9aJOPYkTr8tYCHGg,API,Canon,24,4.166666666666666,False,Mid Range
camera,Nuisk Mini Action Camera 4K Wearable Magnetic Body Cam with 128gb SD Card HandsFree WiFi Camcorder for Vlogging and Outdoor Sports Black,72.99,72.99,2.7,1,walmart - nuisk us,15,Free delivery,,https://encrypted-tbn2.gstatic.com/shopping?q=tbn:ANd9GcTLaW3NewGCeOid2r8LBkbZg8jpZCIut1Y9eJbhAO4tQpYYyFRtYsw8ArNe6k8PRJV2ZGiz0UCRXztp2dLNa6abiKIKC_pu1wGNSb1K7AtBSSRY2_Fr98czqw,API,Nuisk,24,4.166666666666666,False,Budget
camera,Fujifilm QuickSnap Flash 400 Disposable Camera,27.49,27.49,5.0,1600,best buy,16,Unknown,,https://encrypted-tbn1.gstatic.com/shopping?q=tbn:ANd9GcS9qdnqi8aCd1n6Rym06SX53BX2CoeMLHSfcfAuDeYYUtIqEQjW6UpCmEyri8U-QMUT7Tq6DLY8VX-mB_ir9b4YsqcD71z6i7XDUfBUXwHzj0jWeeLMA9MV,API,Fujifilm,1,100.0,True,Budget
camera,Canon PowerShot V1 Digital Camera,849.0,849.0,2.3,1,pictureline,17,Free delivery,,https://encrypted-tbn2.gstatic.com/shopping?q=tbn:ANd9GcSdww7Mb7tNKOkev0gmJWjjYRvcbKItEVvY3R99WnElsSg4FhjHGvRMt4MWwPyZrBpRqIpC3_od-SyajkVdTgpKOWpKGlJBFZu4XGhZZZ9oZHBLE8orGmN0tg,API,Canon,28,3.571428571428571,False,Mid Range
camera,Insta360 X5 8k 360 Action Camera Wcase Usb Lens Cover And Battery,446.45,446.45,5.0,,ebay - recycledphotolistings,18,Unknown,,https://encrypted-tbn0.gstatic.com/shopping?q=tbn:ANd9GcRcpIrbepiWPHw1piyzqESrKjoiKix1VNNUy1MihKGRPN0-OCGFb7SlgsJpa2JKPlkPzhnvyejmN88pV8hhZcmE0qrLL1QEiZ0Nivn3WSPr52J4I331Oqoe6Q,API,Insta360,1,100.0,True,Mid Range
camera,DJI Osmo Action 6 Powerful 4K Action Camera for Every Adventure Action 6 Standard,495.68,495.68,4.5,1900,as2 electronics,19,Unknown,,https://encrypted-tbn2.gstatic.com/shopping?q=tbn:ANd9GcTi1qKFHnjw-km6KAsLX9Pux_HZry6fDk85vKfVS6KqIDyVWQN1hJCoOXp-QshIg7tZV3pJeJrzpBlPbYsLJ-OnbOxH9_Zm5hJLVj6K2vkPAzqS4ZV3dLQ2,API,DJI,6,16.666666666666664,True,Mid Range
camera,Insta360 X5 Satin White Waterproof 8k 360 Action Camera Leading,1039.99,1039.99,5.0,,ebay - weshipnow,20,Free delivery,,https://encrypted-tbn0.gstatic.com/shopping?q=tbn:ANd9GcSp8pWb5UYDpV5of8O52NdFOn6r9580OLddIafhaDyOBBR7OrQHIVc1Y24-ScCyhJizOrEI_rsyFFUJYGkRBsutcO3laSCsZ-t4s2N-Wh4,API,Insta360,1,100.0,True,Mid Range
camera,Canon Eos Rebel T7 2 Lens Kit,599.0,599.0,5.0,8500,bedford camera & video,21,Free delivery,,https://encrypted-tbn2.gstatic.com/shopping?q=tbn:ANd9GcSrM0-l133LtUgW-am_HNnphq02mrfnMiPlHLnh4PmUA_Xf5FeMRZafjcteQVO3Fmga8q-keMNdn56IlOccv8IBwXtstwzdU3_vs_yfIro,API,Canon,1,100.0,True,Mid Range
camera,Sony Fx3a FullFrame Cinema Camera with Sigma 30mm f14 DC DN Lens LED Light Microphone 128gb Extreme Speed UGrip Filters Tripod Case,4598.0,4598.0,5.0,,walmart - cardinal camera & video center,22,Free delivery,,https://encrypted-tbn3.gstatic.com/shopping?q=tbn:ANd9GcTV1B4ZLe6jh8gFVeUqfUduOhAusJb5J7PPU2skYkob9cFUqsn0gaKDL0YjNOrAYoZcWyitbiQtLrno-k_n8SS01t6sfmW0PEbY8jS6buo,API,Sony,1,100.0,True,Mid Range
camera,Polaroid Now Black Gen3 Starter Pack,159.56,159.56,2.3,6,les ateliers de marinette,23,Unknown,,https://encrypted-tbn2.gstatic.com/shopping?q=tbn:ANd9GcS3_KUDOeVPPh66bF42jVjntz8t3EbJ72Ip3mo37Nn4asdFkCGbdai98M4_C5qSw7OkKua8Y8Qe5xCUnGn-EB7wmFXZvTpBJlKBLLKuvWZnKq34oIjJX4m82Q,API,Polaroid,28,3.571428571428571,False,Budget
camera,Bundle Osmo Action 6 Adventure Combo with DJI Mic Mini 2Person Wireless Mic System 8K 111 Sensor Variable Aperture Gray,735.0,735.0,5.0,,best buy,24,Unknown,,https://encrypted-tbn0.gstatic.com/shopping?q=tbn:ANd9GcSG_XsusTgbtxDuoTSvAK39wORdcfKXJBi8UOQH7PsRc75N4FsXunBqbkVa3x636SiOT1N6_zoSIbpIaBOSonArC1m8JSoXGdXrcHs2xFjvSP8YWA0g4smY,API,Bundle,1,100.0,True,Mid Range
camera,Insta360 X5 360 Action Camera Essentials Bundle Insta360,599.95,599.95,5.0,1500,the pixel hub,25,Free delivery by Thu,,https://encrypted-tbn0.gstatic.com/shopping?q=tbn:ANd9GcQxlqdpHAumqsVabGq-wjtYXxx4BOuyJJLTvZjQ56fqmgUDGVzt0geShcxA_otwI7ilQUAwxm_V5koMMpNTNWYNIZFjSb0-N-FIPDNXv8DVpThFDbioWBZf,API,Insta360,1,100.0,True,Mid Range
camera,Insta360 X5 360 Action Camera Essentials Bundle,594.95,594.95,5.0,28,the pixel hub,26,Free delivery,,https://encrypted-tbn2.gstatic.com/shopping?q=tbn:ANd9GcRxCPskNP8C0niEZzyaq-9OauoPkqwRUZ_MFBsroYkjjFVbaJezHoj7wz7UXwiY6g4GQIX18EmC2TTwVDD7TjqM87954QPo3SCCbeDV7cpkJGLmVnC36gVh,API,Insta360,1,100.0,True,Mid Range
camera,Sony A7 V Camera Body Pictureline Rentals,90.0,90.0,5.0,216,pictureline,27,Free delivery on $99+,,https://encrypted-tbn2.gstatic.com/shopping?q=tbn:ANd9GcQBRjWajepZ1Rebi2YDVbwDCa6cRB19vK0DCKWvICTSbSgUV2vh1SRISAQeuw2u44GSMxAMhfyUn2q3o-37JoEKEsA6ybxEMdmIMhmTQwzqBjWEt67XItlhyw,API,Sony,1,100.0,True,Budget
camera,Canon EOS Rebel T7 1855mm DC III Kit with Full HD Video WiFi and NFC Kit Reconditioned,524.95,524.95,5.0,,6 ave electronics,28,Free delivery,,https://encrypted-tbn0.gstatic.com/shopping?q=tbn:ANd9GcRFOary2DeOBAG-FQEBIJmlSsY_0VI_38a1IAXS-LvKDtegIkeksGOrAMF5tUPQ-NKL9XiRg3neCzMZq95bkbufv3CeLxm3WGh6ztwC8fo,API,Canon,1,100.0,True,Mid Range
camera,Fujifilm QuickSnap Flash 400 Single Use Camera,35.99,35.99,5.0,196,woodland hills camera and telescopes,29,Free delivery,,https://encrypted-tbn1.gstatic.com/shopping?q=tbn:ANd9GcS3pXHAAF37luF7w3_-zkucJqiVUoU8cCvX8w04ujDMlu4Yk3RdjU2WS-WL6d183bE3cpNbRtxzDOY-zG1DZNZqMWFZ1Pks0YMiPJILDjo,API,Fujifilm,1,100.0,True,Budget
camera,Canon EOS Rebel T7 DSLR Camera with 1855mm Lens Black,490.0,490.0,5.0,,depop,30,Unknown,,https://encrypted-tbn0.gstatic.com/shopping?q=tbn:ANd9GcQQ-_ibMWASiKEE1SqQMBud4mZDTeUx2kj1KpbVEPMWBXGiYjPyrOSnm828f8Na-4o1q-8bUKwPbit7vRVp2Pj3dCX21YKenLHO1yOE-V4,API,Canon,1,100.0,True,Mid Range
camera,Insta360 X5 360 Action Camera Essentials Bundle,589.95,589.95,5.0,28,the pixel hub,31,Free delivery by Thu,,https://encrypted-tbn3.gstatic.com/shopping?q=tbn:ANd9GcRv_sc9f_hlzaIOjQKjaPdHHo_7Hy8znb48gLDRBg-cD9UXet3V5FuGRyeateUqG2pf_xSGMnfU4hd9tZrfzkKXhH2_GfyKoO6mU8aS67XasRRahgRMUXbadg,API,Insta360,1,100.0,True,Mid Range
camera,99 Sony ZVE10 II Mirrorless Camera Body Only Black Free 64GB Memory Card Sony Malaysia,905.8,905.8,5.0,388,shashinki.com,32,Unknown,,https://encrypted-tbn3.gstatic.com/shopping?q=tbn:ANd9GcR6o5l5bAuPA0MQlo9g292EO9pVEKPu7EfrHRVlpBD9le4rdugSZqybMtdXCaq2z5U9Y1Is__kfgPYDlXzAvfOXY4FgxF5vBCFa4ppmMfY,API,99,1,100.0,True,Mid Range
camera,Nikon Z50 II Mirrorless Camera with 1650mm 50250mm Lenses,1396.95,1396.95,5.0,193,pictureline,33,Free delivery,,https://encrypted-tbn3.gstatic.com/shopping?q=tbn:ANd9GcSzv8gxbppdf3ngfTwNc2P0ydfbHvBZXZhaGcJUhsyiMtWqHpU1pkq22E_CFsZ7z3HL25pbsibnCoMpD4qHqkNPHczCd-9S9iq-tydPu5NDn1K2fiRmzejfBw,API,Nikon,1,100.0,True,Mid Range
camera,GoPro HERO13 Black Action Camera Bundle,409.99,409.99,3.4,571,best buy,34,Free delivery by Tue,,https://encrypted-tbn3.gstatic.com/shopping?q=tbn:ANd9GcSWYIii0IfAZA-7uZjMUZHoIbaI7JiLNaqofmG9isGTzJtxE_KWaTV0Epm1FirS61qUADmniKG67BHXCZFNrnxVFL_7ArL3PlwJv1bI0Scc,API,GoPro,17,5.88235294117647,False,Mid Range
camera,Gopro Hero13 Black Extended Power Bundle hero 13 53k60 Ultra HD Action Camera 2 Extra Enduro Battery DualBattery Charger Hub Carry Case 50,574.95,574.95,5.0,,walmart - 6ave electronics,35,Free delivery,,https://encrypted-tbn2.gstatic.com/shopping?q=tbn:ANd9GcR7QmERzNmb6ExrQKejHnde9JAmS-o8p0MIjzDvH7VMDVaC0NLkuaTEVioxdlVlmpQqyP1JV3iVlHgz8LvBWZ7k7TRcwaOi6T12bCtNxH6IqT5juLD3ZYfM,API,Gopro,1,100.0,True,Mid Range
camera,Canon Eos R10 242MP 4K Video Mirrorless Camera Black,1149.0,1149.0,5.0,1,macy's,36,Free delivery by Sat,,https://encrypted-tbn0.gstatic.com/shopping?q=tbn:ANd9GcRWuZEJ7CgMWPhIsJG4HQz6WdWDLtRiGcrua_8kaSTzPkr9L8e1yjnbFvbBCuI64viQpdRPaZ60Al7x9N_GAMLhK6E7G36gTfi1s0ugcQSCoh0OXz2XhjGy3w,API,Canon,1,100.0,True,Mid Range
camera,Fujifilm X100vi Digital Camera Black 64gb Memory Stabilizing Grip Software Pack More Value Bundle,2369.0,2369.0,5.0,,walmart - als variety,37,Free delivery,,https://encrypted-tbn0.gstatic.com/shopping?q=tbn:ANd9GcTRYC_aQ9PdzXCFmoqCXhkjHXyLTiE5BQ0L94br6t_rwnKatOFaQIp3FNVc0udmeXKcQqMRfrJQf5vn4xXhMEmI6H50Qq17bVrF_5kamIo,API,Fujifilm,1,100.0,True,Mid Range
camera,Canon PowerShot G7X Mark III Digital Camera Black BUNDLE with 5 Years Accidental Warranty Coverage and SDXC Memory card,1092.97,1092.97,5.0,1,aden camera,38,Free delivery,,https://encrypted-tbn2.gstatic.com/shopping?q=tbn:ANd9GcT2MpRtEdn-4SUCxwiqPLD9b-JOK_rt9RlxGhiKkhY0jfxWqFhdTM1rIqqdBQATLa8uRjotcRO51Mnjc8EBdQULTK-menO1-2C5_ntYnBMMuMLK90AGJzQsew,API,Canon,1,100.0,True,Mid Range
camera,Canon EOS Rebel T7 Black Camera with Extra Zoom Lens and Accessories,320.0,320.0,5.0,,depop,39,Unknown,,https://encrypted-tbn2.gstatic.com/shopping?q=tbn:ANd9GcQDOn6jJPV2P978gPHdQ44XbQPpuwZAnqVKc_4Vx6uJ5UByLr8kDBT5mHFf9AWy_DYaQVIpkh_y1qJ5a95Z_sPyGjdLrAIoogga0qBBLi7J,API,Canon,1,100.0,True,Mid Range
camera,Canon EOS R6 Mark III Mirrorless Camera with RF 2470mm f28 L IS USM Lens with Canon EFEOS R adapter,4671.0,4671.0,5.0,,panamoz.com,40,Unknown,,https://encrypted-tbn1.gstatic.com/shopping?q=tbn:ANd9GcS1CU8lgV1sPd65q8qe9Pe63QjOhk7h8UAa3Lg0A7u3dYyN77bHd64n1fMeyO5pg7HUNwyB6FvMUW2erCBowhvfr4zJIRjC8A,API,Canon,1,100.0,True,Mid Range
camera,Vivitar SkyVision 4K Ultra HD GPS Foldable Video Drone,179.99,179.99,5.0,101,b&h photo-video audio,3,Free delivery by Wed,,https://encrypted-tbn2.gstatic.com/shopping?q=tbn:ANd9GcSm0oOmJc3te9qocN6hCInZ4NbUsrd4kYmDsEg-EYYT_S52Qj8sC_u7v1YELt4ZHuhkUeuEt_IgSPbsssCWvRM-bAH47j2p3VIbnToviTUKRtkygdUTWIhEaw,API,Vivitar,1,100.0,True,Budget
camera,Canon EOS R6 Mark III Mirrorless Camera with Canon EFEOS R Control Ring Mount Adapter,2551.5,2551.5,5.0,,panamoz.com,4,Unknown,,https://encrypted-tbn1.gstatic.com/shopping?q=tbn:ANd9GcS1CU8lgV1sPd65q8qe9Pe63QjOhk7h8UAa3Lg0A7u3dYyN77bHd64n1fMeyO5pg7HUNwyB6FvMUW2erCBowhvfr4zJIRjC8A,API,Canon,1,100.0,True,Mid Range
camera,Sony Alpha ZVE10 II Mirrorless Camera with 1650mm Lens Black,1349.99,1349.99,5.0,474,hsn,5,Unknown,,https://encrypted-tbn0.gstatic.com/shopping?q=tbn:ANd9GcRBH_9dKGFbBq2tJ8GEVatz_OFASEa6qOwW4EwXzF-oyhyisRppuIbhzVsBu03tdktv9WhneNJ2zof3-C-llKkRilcPss5wcGCSdLeBtIo2rcpL8jPZaFsd,API,Sony,1,100.0,True,Mid Range
camera,Insta360 X5 Camera,549.99,549.99,4.7,504,best buy,6,Free delivery by Tue,,https://encrypted-tbn1.gstatic.com/shopping?q=tbn:ANd9GcRjq1K33pOQ_YDcJwWYjePY9Cdk1GJrYPJ68axLzbLaceNJBdLYgvAY7Gw5Y88yWutKKc_tWULnqQ4IIXOiOSHqxoL5iIPseNKyIip471u5,API,Insta360,4,25.0,True,Mid Range
camera,Vivitar PopCam Digital Camcorder 48MP Full HD 1080p Video Camera with 3 Flip Screen 16x Digital Zoom Builtin Microphone Compact Vlogging Camera,50.17,50.17,3.7,259,brands for less usa,7,Free delivery by Fri,,https://encrypted-tbn1.gstatic.com/shopping?q=tbn:ANd9GcTMv7_sSx9Nky9CwAYUPlFsO954dgGu8oRwCiQiHEC_u0caj47oX6ohZvWJSQiQMTXvpDxtBAJOWueTDrqGgfdgWADh3vEyYA7WJE1gR3x0bfoXc26XAf-D,API,Vivitar,14,7.142857142857142,False,Budget
camera,Mini Action Camera 64gb Thumb POV Portable Body Cam Wearable Video Recorder Helmet Mount Magnetic Sport DV for Cycling Motorcycle Pet Vlog,13.99,13.99,5.0,,walmart - lacrtope,8,Unknown,,https://encrypted-tbn2.gstatic.com/shopping?q=tbn:ANd9GcTGnVGrNiJ-JBOVwfQgb2kA6fl-nw91QWA6MK9cvqOmmV8tIBsH4zFwfrF1iecOpkJNsUKGvPL56xdNHddOAvCh1WKG1qxVN0aLEhq5XV4iY5lw9vLV_-YD,API,Mini,1,100.0,True,Budget
camera,Canon EOS Rebel T7 241MP Digital SLR Camera with EFS 1855 Lens,418.99,418.99,2.7,8500,teds electronics,9,Unknown,,https://encrypted-tbn2.gstatic.com/shopping?q=tbn:ANd9GcQYgl-ucVj3ekgQnpsk1JlaT825Pv35mJ7Q50ZG5Ov-dGxUsqwFpIO-x6lf7T6Z_SERSRhNHIRs-xFN6rmv7sAhHKPiyLgCKsCo3aoVzQ9aJOPYkTr8tYCHGg,API,Canon,24,4.166666666666666,False,Mid Range
camera,Nuisk Mini Action Camera 4K Wearable Magnetic Body Cam with 128gb SD Card HandsFree WiFi Camcorder for Vlogging and Outdoor Sports Black,72.99,72.99,2.7,1,walmart - nuisk us,10,Free delivery,,https://encrypted-tbn2.gstatic.com/shopping?q=tbn:ANd9GcTLaW3NewGCeOid2r8LBkbZg8jpZCIut1Y9eJbhAO4tQpYYyFRtYsw8ArNe6k8PRJV2ZGiz0UCRXztp2dLNa6abiKIKC_pu1wGNSb1K7AtBSSRY2_Fr98czqw,API,Nuisk,24,4.166666666666666,False,Budget
camera,Fujifilm QuickSnap Flash 400 Disposable Camera,27.49,27.49,5.0,1600,best buy,11,Unknown,,https://encrypted-tbn1.gstatic.com/shopping?q=tbn:ANd9GcS9qdnqi8aCd1n6Rym06SX53BX2CoeMLHSfcfAuDeYYUtIqEQjW6UpCmEyri8U-QMUT7Tq6DLY8VX-mB_ir9b4YsqcD71z6i7XDUfBUXwHzj0jWeeLMA9MV,API,Fujifilm,1,100.0,True,Budget
camera,Canon EOS R10 Mirrorless Camera With 1845mm lens,999.0,999.0,5.0,1200,downey camera shop,12,Unknown,,https://encrypted-tbn2.gstatic.com/shopping?q=tbn:ANd9GcQN8TkkN38AAlSssNO_UEX0wArbJawxEFAAO1cHV4mE5Nj9Q9G5FLkQFJYrliOcJbpC60hvJN1cwOpWbC9TRAIEio0QkY37YoPuQ8KTJxA,API,Canon,1,100.0,True,Mid Range
camera,Canon PowerShot V1 Digital Camera,849.0,849.0,2.3,1,pictureline,13,Free delivery,,https://encrypted-tbn2.gstatic.com/shopping?q=tbn:ANd9GcSdww7Mb7tNKOkev0gmJWjjYRvcbKItEVvY3R99WnElsSg4FhjHGvRMt4MWwPyZrBpRqIpC3_od-SyajkVdTgpKOWpKGlJBFZu4XGhZZZ9oZHBLE8orGmN0tg,API,Canon,28,3.571428571428571,False,Mid Range
camera,Canon Eos Rebel T7 2 Lens Kit,599.0,599.0,5.0,8500,bedford camera & video,14,Free delivery,,https://encrypted-tbn2.gstatic.com/shopping?q=tbn:ANd9GcSrM0-l133LtUgW-am_HNnphq02mrfnMiPlHLnh4PmUA_Xf5FeMRZafjcteQVO3Fmga8q-keMNdn56IlOccv8IBwXtstwzdU3_vs_yfIro,API,Canon,1,100.0,True,Mid Range
camera,Sony Fx3a FullFrame Cinema Camera with Sigma 30mm f14 DC DN Lens LED Light Microphone 128gb Extreme Speed UGrip Filters Tripod Case,4598.0,4598.0,5.0,,walmart - cardinal camera & video center,15,Free delivery,,https://encrypted-tbn3.gstatic.com/shopping?q=tbn:ANd9GcTV1B4ZLe6jh8gFVeUqfUduOhAusJb5J7PPU2skYkob9cFUqsn0gaKDL0YjNOrAYoZcWyitbiQtLrno-k_n8SS01t6sfmW0PEbY8jS6buo,API,Sony,1,100.0,True,Mid Range
camera,Sony A7 V Camera Body Pictureline Rentals,90.0,90.0,5.0,216,pictureline,16,Free delivery on $99+,,https://encrypted-tbn2.gstatic.com/shopping?q=tbn:ANd9GcQBRjWajepZ1Rebi2YDVbwDCa6cRB19vK0DCKWvICTSbSgUV2vh1SRISAQeuw2u44GSMxAMhfyUn2q3o-37JoEKEsA6ybxEMdmIMhmTQwzqBjWEt67XItlhyw,API,Sony,1,100.0,True,Budget
camera,Canon EOS Rebel T7 1855mm DC III Kit with Full HD Video WiFi and NFC Kit Reconditioned,524.95,524.95,5.0,,6 ave electronics,17,Free delivery,,https://encrypted-tbn0.gstatic.com/shopping?q=tbn:ANd9GcRFOary2DeOBAG-FQEBIJmlSsY_0VI_38a1IAXS-LvKDtegIkeksGOrAMF5tUPQ-NKL9XiRg3neCzMZq95bkbufv3CeLxm3WGh6ztwC8fo,API,Canon,1,100.0,True,Mid Range
camera,Fujifilm QuickSnap Flash 400 Single Use Camera,35.99,35.99,5.0,196,woodland hills camera and telescopes,18,Free delivery,,https://encrypted-tbn1.gstatic.com/shopping?q=tbn:ANd9GcS3pXHAAF37luF7w3_-zkucJqiVUoU8cCvX8w04ujDMlu4Yk3RdjU2WS-WL6d183bE3cpNbRtxzDOY-zG1DZNZqMWFZ1Pks0YMiPJILDjo,API,Fujifilm,1,100.0,True,Budget
camera,Canon EOS Rebel T7 DSLR Camera with 1855mm Lens Black,490.0,490.0,5.0,,depop,19,Unknown,,https://encrypted-tbn0.gstatic.com/shopping?q=tbn:ANd9GcQQ-_ibMWASiKEE1SqQMBud4mZDTeUx2kj1KpbVEPMWBXGiYjPyrOSnm828f8Na-4o1q-8bUKwPbit7vRVp2Pj3dCX21YKenLHO1yOE-V4,API,Canon,1,100.0,True,Mid Range
camera,Canon EOS Rebel T7 DSLR Camera with 1855mm Lens Black,550.0,550.0,5.0,,depop,20,Unknown,,https://encrypted-tbn0.gstatic.com/shopping?q=tbn:ANd9GcTg1eJqwPuu7MTg73hpq7S34dEbAhmC_R-HIisMChTPegk0sTVlXTB4iOkR6mcS9s77t6fQLynSs2zIVPwTCS6LCCpm4J4ZDdtsIxSc3WU,API,Canon,1,100.0,True,Mid Range
camera,99 Sony ZVE10 II Mirrorless Camera Body Only Black Free 64GB Memory Card Sony Malaysia,905.8,905.8,5.0,388,shashinki.com,21,Unknown,,https://encrypted-tbn3.gstatic.com/shopping?q=tbn:ANd9GcR6o5l5bAuPA0MQlo9g292EO9pVEKPu7EfrHRVlpBD9le4rdugSZqybMtdXCaq2z5U9Y1Is__kfgPYDlXzAvfOXY4FgxF5vBCFa4ppmMfY,API,99,1,100.0,True,Mid Range
camera,Sony ZVE10 II 26MP APSC Mirrorless Vlogging Camera White,1239.99,1239.99,5.0,,hsn,22,Unknown,,https://encrypted-tbn1.gstatic.com/shopping?q=tbn:ANd9GcSD_FaC_u3vNxxRLvEDGBJWw_iGY49I7lJi3ZHrlfVvH8zK_93ib9T1fggUCU7UNRTGUDtth8iHvGZjmZpiSYeLvYrsFGQPhyocVllgif2lMXHOKJKJRQjClg,API,Sony,1,100.0,True,Mid Range
camera,Nikon Z50 II Mirrorless Camera with 1650mm 50250mm Lenses,1396.95,1396.95,5.0,193,pictureline,23,Free delivery,,https://encrypted-tbn3.gstatic.com/shopping?q=tbn:ANd9GcSzv8gxbppdf3ngfTwNc2P0ydfbHvBZXZhaGcJUhsyiMtWqHpU1pkq22E_CFsZ7z3HL25pbsibnCoMpD4qHqkNPHczCd-9S9iq-tydPu5NDn1K2fiRmzejfBw,API,Nikon,1,100.0,True,Mid Range
camera,GoPro HERO13 Black Action Camera Bundle,409.99,409.99,3.4,571,best buy,24,Free delivery by Tue,,https://encrypted-tbn3.gstatic.com/shopping?q=tbn:ANd9GcSWYIii0IfAZA-7uZjMUZHoIbaI7JiLNaqofmG9isGTzJtxE_KWaTV0Epm1FirS61qUADmniKG67BHXCZFNrnxVFL_7ArL3PlwJv1bI0Scc,API,GoPro,17,5.88235294117647,False,Mid Range
camera,Canon EOS R10 Body Mirrorless Camera International Version Black,999.0,999.0,3.7,1100,walmart - web offers,25,Free delivery,,https://encrypted-tbn1.gstatic.com/shopping?q=tbn:ANd9GcRKIeYPzffCPCrixYkWJvGfoDy85H4FdwutU_YBXn6F8MQMYmsy_O_pCFV10dZO2MdCc8_U5U1qxOWpLqQWQUAXH8sLm_Xovx2hf58z0_I6ojMmZkhizz4Dqw,API,Canon,14,7.142857142857142,False,Mid Range
camera,Sony ZVE10 II Mirrorless Camera with 1650mm II Lens Black Free 64GB Memory Card Sony Malaysia,954.77,954.77,2.9,78,shashinki.com,26,Unknown,,https://encrypted-tbn3.gstatic.com/shopping?q=tbn:ANd9GcRokW5depG4qcsVMs-aptW_Yd_D3A3wdL0vFjP6x-LrZnKIciRseYTi_HvlbcTeDa58bTCAbTO71RCr5oTOb9N3g2AEmty_ET_4GTRyRTo,API,Sony,22,4.545454545454546,False,Mid Range
camera,Canon EOS R6 Mark III Mirrorless Camera Free 128GB SD Card Extra Battery LPE6P Canon Malaysia,2279.55,2279.55,5.0,132,shashinki.com,27,Unknown,,https://encrypted-tbn1.gstatic.com/shopping?q=tbn:ANd9GcS_xrPp2av64soeywA7oO5FsHkqoQYMuUSrzeqIGO6R2GdBPT8fI3MhBIP8nYFxx6CGCoqEzNdnt5o4fcEcxHIrYsqJQfZzQ_oEDf_wSxMb,API,Canon,1,100.0,True,Mid Range
camera,Gopro Hero13 Black Extended Power Bundle hero 13 53k60 Ultra HD Action Camera 2 Extra Enduro Battery DualBattery Charger Hub Carry Case 50,574.95,574.95,5.0,,walmart - 6ave electronics,28,Free delivery,,https://encrypted-tbn2.gstatic.com/shopping?q=tbn:ANd9GcR7QmERzNmb6ExrQKejHnde9JAmS-o8p0MIjzDvH7VMDVaC0NLkuaTEVioxdlVlmpQqyP1JV3iVlHgz8LvBWZ7k7TRcwaOi6T12bCtNxH6IqT5juLD3ZYfM,API,Gopro,1,100.0,True,Mid Range
camera,Canon EOS R10 Body Mirrorless Camera International Version Black,999.0,999.0,3.7,1100,walmart - 6ave electronics,29,Free delivery,,https://encrypted-tbn1.gstatic.com/shopping?q=tbn:ANd9GcRKIeYPzffCPCrixYkWJvGfoDy85H4FdwutU_YBXn6F8MQMYmsy_O_pCFV10dZO2MdCc8_U5U1qxOWpLqQWQUAXH8sLm_Xovx2hf58z0_I6ojMmZkhizz4Dqw,API,Canon,14,7.142857142857142,False,Mid Range
camera,Canon Eos R10 242MP 4K Video Mirrorless Camera Black,1149.0,1149.0,5.0,1,macy's,30,Free delivery by Sat,,https://encrypted-tbn0.gstatic.com/shopping?q=tbn:ANd9GcRWuZEJ7CgMWPhIsJG4HQz6WdWDLtRiGcrua_8kaSTzPkr9L8e1yjnbFvbBCuI64viQpdRPaZ60Al7x9N_GAMLhK6E7G36gTfi1s0ugcQSCoh0OXz2XhjGy3w,API,Canon,1,100.0,True,Mid Range
camera,Fujifilm X100vi Digital Camera Black 64gb Memory Stabilizing Grip Software Pack More Value Bundle,2369.0,2369.0,5.0,,walmart - als variety,31,Free delivery,,https://encrypted-tbn0.gstatic.com/shopping?q=tbn:ANd9GcTRYC_aQ9PdzXCFmoqCXhkjHXyLTiE5BQ0L94br6t_rwnKatOFaQIp3FNVc0udmeXKcQqMRfrJQf5vn4xXhMEmI6H50Qq17bVrF_5kamIo,API,Fujifilm,1,100.0,True,Mid Range
camera,Canon EOS R10 Body Mirrorless Camera International Version Black,766.82,766.82,3.7,1100,walmart - jiam sales,32,Free delivery,,https://encrypted-tbn1.gstatic.com/shopping?q=tbn:ANd9GcRKIeYPzffCPCrixYkWJvGfoDy85H4FdwutU_YBXn6F8MQMYmsy_O_pCFV10dZO2MdCc8_U5U1qxOWpLqQWQUAXH8sLm_Xovx2hf58z0_I6ojMmZkhizz4Dqw,API,Canon,14,7.142857142857142,False,Mid Range
camera,Canon EOS R10 Body Mirrorless Camera International Version Black,766.82,766.82,3.7,1100,walmart - eternal photo,33,Free delivery,,https://encrypted-tbn1.gstatic.com/shopping?q=tbn:ANd9GcRKIeYPzffCPCrixYkWJvGfoDy85H4FdwutU_YBXn6F8MQMYmsy_O_pCFV10dZO2MdCc8_U5U1qxOWpLqQWQUAXH8sLm_Xovx2hf58z0_I6ojMmZkhizz4Dqw,API,Canon,14,7.142857142857142,False,Mid Range
camera,Sony ZVE10 II Mirrorless Camera with 11mm f18 Lens Kit White,1746.0,1746.0,4.9,508,b&h photo-video-audio,34,Free delivery by Tue,,https://encrypted-tbn1.gstatic.com/shopping?q=tbn:ANd9GcT3gV9bjDziPhzCEm-9le5NCa3PlNcqqmOW9AybsTqkFDUYkAhGHzpvxVXFJWjGGoXELnckJFNjGThmVoJANzXpxEPYFmhlSQP-SpkcU5WISpRxM9MdQ-LCVg,API,Sony,2,50.0,True,Mid Range
camera,Canon EOS Rebel T7 Black Camera with Extra Zoom Lens and Accessories,320.0,320.0,5.0,,depop,35,Unknown,,https://encrypted-tbn2.gstatic.com/shopping?q=tbn:ANd9GcQDOn6jJPV2P978gPHdQ44XbQPpuwZAnqVKc_4Vx6uJ5UByLr8kDBT5mHFf9AWy_DYaQVIpkh_y1qJ5a95Z_sPyGjdLrAIoogga0qBBLi7J,API,Canon,1,100.0,True,Mid Range
camera,Nikon Z8 Mirrorless Camera,3396.95,3396.95,4.5,644,macy's,36,Free delivery by Sat,,https://encrypted-tbn3.gstatic.com/shopping?q=tbn:ANd9GcSOIXPRQ97q46iN--8zWTN3m1T-ZJa2oNTitkBkbOBR8yTolHGkn5RWbF6Oo3mSje7sZNCk3-ktOhPKgFECJ4zH-0__VtE7Q7zDuCRGA3_66of7yzEoKyd_jw,API,Nikon,6,16.666666666666664,True,Mid Range
camera,Canon EOS R6 Mark III Mirrorless Camera with RF 2470mm f28 L IS USM Lens with Canon EFEOS R adapter,4671.0,4671.0,5.0,,panamoz.com,37,Unknown,,https://encrypted-tbn1.gstatic.com/shopping?q=tbn:ANd9GcS1CU8lgV1sPd65q8qe9Pe63QjOhk7h8UAa3Lg0A7u3dYyN77bHd64n1fMeyO5pg7HUNwyB6FvMUW2erCBowhvfr4zJIRjC8A,API,Canon,1,100.0,True,Mid Range
camera,Sony a6100 Mirrorless Camera with 1650mm,898.0,898.0,3.6,250,best buy,38,Unknown,,https://encrypted-tbn1.gstatic.com/shopping?q=tbn:ANd9GcRSLVx1KJug_yTRuOcbXAz3hnhndbze3PHHX7KRwop3Xb-hh6p4e6NUKLbg8p6M7uoQE-eQMmDbjtjIAlKyRpZFIbjuYWgeRfxMbS43mnE,API,Sony,15,6.666666666666667,False,Mid Range
camera,Sony ZVE10 Mirrorless Camera with 1650mm f3556 II Lens,898.0,898.0,5.0,105,best buy,39,Unknown,,https://encrypted-tbn0.gstatic.com/shopping?q=tbn:ANd9GcTqGFiuYIYIneE3SXOfHTudTAB4RFhW2CgaY3fUMyrQ62UtY2pyMbVKGoCtpdGpV1NOb6NmmousMqj9AQ5sJXeXMg39-D4GhHRwFj5UTvs,API,Sony,1,100.0,True,Mid Range
camera,Canon EOS R10 Body Mirrorless Camera International Version Black,766.82,766.82,3.7,1100,walmart - jumbobuys,40,Free delivery,,https://encrypted-tbn1.gstatic.com/shopping?q=tbn:ANd9GcRKIeYPzffCPCrixYkWJvGfoDy85H4FdwutU_YBXn6F8MQMYmsy_O_pCFV10dZO2MdCc8_U5U1qxOWpLqQWQUAXH8sLm_Xovx2hf58z0_I6ojMmZkhizz4Dqw,API,Canon,14,7.142857142857142,False,Mid Range
printer,Epson Expression Home XP4200 Wireless AllinOne Color Inkjet Printer,99.99,99.99,4.1,3200,target,1,Free delivery by Sat,,https://encrypted-tbn2.gstatic.com/shopping?q=tbn:ANd9GcS1nbQ363tBVfP26stYeLSub8UaoUZ25tPmIuXB3m___ZCzohoQtqe_aBzHrX0i895ly4R5-ZbJZI7yv3T42OtKC87IWSeF3eQAtbBJihh6ms_vyYD6EIS9,API,Epson,10,10.0,True,Budget
printer,HP DeskJet 2955 AllinOne Printer,49.99,49.99,4.2,124,staples,2,Free delivery by Wed,,https://encrypted-tbn2.gstatic.com/shopping?q=tbn:ANd9GcTTsJO7MRZbGcoR9PQWFSWa53Ag3pbBiggo4aOz_trdIRX-KuEtzWxjK1wpAi08Ab8-NQlGarjOtEKkz_SljnCo-woF11r9rkt27dy6i6q9IBlLaWe8kIvpGWQ,API,HP,9,11.11111111111111,True,Budget
printer,Canon PIXMA TR4720 AllinOne Wireless Printer,69.99,69.99,4.1,4600,canon,3,Unknown,,https://encrypted-tbn2.gstatic.com/shopping?q=tbn:ANd9GcSniSJHY1WzFKF6C9auVd-BNfsCwK2GDa2Ro2EmvcubWaz6E07ZUaNJIkQpTPU8UJb3iH9S_y3P0fECC4rqPlOsMtGcZbvWEPmkxyACdTeY5sckRWLJYh3z9w,API,Canon,10,10.0,True,Budget
printer,HP Envy 6165 Wireless AIEnabled AllinOne Inkjet Printer with 6 months of Instant Ink,79.99,79.99,4.6,75,best buy,4,Free delivery by Tue,,https://encrypted-tbn3.gstatic.com/shopping?q=tbn:ANd9GcRpDj2E8E3PoQ70z4n0OJ14BYC3vGvR_9evSs3n_-AqcOVHq1_evU1gF_aJh0OlaaWRhT5EAiR_HbMxTecAgQ7cOMff9yYOBKQZ6HI_6xDdL2r-L30jGJg1,API,HP,5,20.0,True,Budget
printer,Printer Brother Work Smart Mfcj1260w Wireless AllinOne,60.0,60.0,3.6,79,walmart,5,Free delivery,,https://encrypted-tbn2.gstatic.com/shopping?q=tbn:ANd9GcSO6Y6UArHdtKUfyyfu1c9W03vWEzb6p7vdgbPmfjgrzScZouGHsxRKpi5Ev6_ynDRFkwmxfSR42Fe6RJ4FZsKbXO5BSU74mRfbA_IbaAkV6qYou9NWdR8n,API,Printer,15,6.666666666666667,False,Budget
printer,Epson WorkForce Pro WF3820 Wireless Inkjet AllinOne Color Printer,99.99,99.99,4.1,3600,target,6,Free delivery by Sat,,https://encrypted-tbn1.gstatic.com/shopping?q=tbn:ANd9GcQYj55pbOh1_SnxaBvVVIWGud57AcirWDvqCRkj_2hdIJfwdL-3O5NrULWyAmUn90ramdGJR-pfsA835cNhPHsWJLaahKj2DEIF8EeS_xteXT9OomcxwUX6Vg,API,Epson,10,10.0,True,Budget
printer,HP OfficeJet Pro 8125 AllinOne Printer,109.99,109.99,4.2,277,staples,7,Free delivery by Tue,,https://encrypted-tbn0.gstatic.com/shopping?q=tbn:ANd9GcSXu-bDbUiE3IKaMZmISEu91YmdTfpmnNVs4pREjsFfU-zfpV1i7OhU08k957wqQQ_-MwcCOlrzrNBCOAYrGYyN4a9L2DHBspYjA_txF4Zwv9RSnrMQhAUsDA,API,HP,9,11.11111111111111,True,Budget
printer,HP DeskJet 4355 AllinOne Printer,59.99,59.99,4.4,161,micro center,8,Unknown,,https://encrypted-tbn1.gstatic.com/shopping?q=tbn:ANd9GcTRKa6_OBjxlPGXpzdAcLMHwh1uQhznjHFYVDgWtZsCy_ptdnPLPO7mFOwvKB28sufk2k8nJ3k6fMctCbbb_3web9PFtnTA,API,HP,7,14.285714285714285,True,Budget
printer,Rongta Thermal Portable Printer Wireless for Travel Bluetooth Mobile Inkless for SchoolOfficeHome Use Black Size 109 x 38 x 213,36.99,36.99,4.3,28,walmart - rongta,9,Free delivery by Wed,,https://encrypted-tbn0.gstatic.com/shopping?q=tbn:ANd9GcTIxyfQhoHfCFibmkSSyOfIw7IKm3OjPnbw7pHs7dusDTpqwerC04TXfnbRE0B5i6Z7FjGcaa2vJsoHpxo9QExSdw-VN-C2YWp_6qM5dVkg9BoYHfJcoFNB,API,Rongta,8,12.5,True,Budget
printer,Brother Mfcj1360dw Wireless Color Inkjet AllinOne Printer Bundle,239.99,239.99,4.2,,best buy,10,Unknown,,https://encrypted-tbn0.gstatic.com/shopping?q=tbn:ANd9GcR7Uvs18IJ5hr92DBrVcFSBI-S5yRwZpJLw02Sxww8A6Zo_k6YiOvDy2grsIBwsgINY3mVguglHaO9PESTxJYmkLn87TsoSrz06udf31zfWZ2GWB5Xf2QWxiA,API,Brother,9,11.11111111111111,True,Budget
printer,Brother Work Smart 1360 Wireless Color Inkjet AllinOne Printer,99.99,99.99,4.2,530,staples,11,Free delivery by Wed,,https://encrypted-tbn0.gstatic.com/shopping?q=tbn:ANd9GcT4asdbNYcn54LXtFo7oW9svUXrt8uXXe0Sl0fsLstGFw0RB_3UG3SCQR06xuN5f9xbe0c2mpxSQmagngbr90OQSwl7psbq_Tw1H48rv8hrPMHI-PsRRl6s3g,API,Brother,9,11.11111111111111,True,Budget
printer,Epson EcoTank ET1910 Wireless Color Supertank Printer c11cl65202,159.99,159.99,4.2,27,target,12,Free delivery by Sat,,https://encrypted-tbn3.gstatic.com/shopping?q=tbn:ANd9GcTC5DRrzzQxTa9YUWQ-NZHNntGPzA8OY-__tbGYGUfO20GFDwoTLKnlvPpEVlfgC9fIjb4IFJCY5nqIzIX1-QOspU463h7mY20gE_8I4wSsP2TQvMHFHUY0kw,API,Epson,9,11.11111111111111,True,Budget
printer,Canon PIXMA G3270 Wireless MegaTank AllinOne Printer,159.99,159.99,4.1,849,canon,13,Unknown,,https://encrypted-tbn1.gstatic.com/shopping?q=tbn:ANd9GcQc83tbu898bm_4G3VgBNGXWZ0cyr7E99RCLVPi3MPAaPcdds0emzoPoFH7b2WxOOaPDe9UHdJfQ6nNLEf8yCJgimacakQ_IWWcZXF1XkTopyLyVV6d4dWi,API,Canon,10,10.0,True,Budget
printer,HP OfficeJet Pro 8125e Wireless AllinOne Color Inkjet Printer,109.99,109.99,4.2,1700,office depot,14,Free delivery,,https://encrypted-tbn3.gstatic.com/shopping?q=tbn:ANd9GcTLR0UyK41IWH9lNYwCrPJ2YSGGqIMsMwCmccP7hge4HPB1nPm78NCJf7mYtajCfzl_oI4n2DKrG5v7u_XNJzCRF8KXJal4QtxN46Gw_szeccJS69AwLL6w,API,HP,9,11.11111111111111,True,Budget
printer,Canon imageCLASS MF663Cdw Color Laser Duplex Printer,349.99,349.99,4.4,260,best buy,15,Free delivery by Tue,,https://encrypted-tbn0.gstatic.com/shopping?q=tbn:ANd9GcQog8eALPTtEtY77Tap1K-dzxSNNj7wQf4sEKdLFobB_onbM1gGC605LCrJcwzHFTRE3zsTm4wMX7p0vojMobWNrae9vL_gpKPuUH43UZG4,API,Canon,7,14.285714285714285,True,Mid Range
printer,HP Envy 6155 AllinOne Printer,89.99,89.99,4.3,184,staples,16,Free delivery by Tue,,https://encrypted-tbn0.gstatic.com/shopping?q=tbn:ANd9GcSHYQDvzrsHYQ9YOeMcAuxSD2vi2R3_CU5iqXWyWObFf1fg4jkr8p8GBLqBNF8L3VUDtuM1SKStergCC0qYVrTrEIv4ivuRXAgqsYYVaargV5m_XAqK_H3pJD9f,API,HP,8,12.5,True,Budget
printer,Hp Deskjet 2952 AllinOne Printer,44.0,44.0,3.6,241,walmart,17,Free delivery,,https://encrypted-tbn0.gstatic.com/shopping?q=tbn:ANd9GcRfgped7JlZyZmp0UmmI_7ISV1Ary2EbhKcDEF9YWx8cJahMKhiqsAJD-njE4vxS8jg7EQ7avDsFCwRj8rFMDatPiUV27f94KlP8X1il882hrZ_jaKUtPBH,API,Hp,15,6.666666666666667,False,Budget
printer,Epson WorkForce WF2930 Wireless AllinOne Color Inkjet Printer,79.99,79.99,3.2,878,target,18,Free delivery by Sat,,https://encrypted-tbn0.gstatic.com/shopping?q=tbn:ANd9GcSMoLPl8N2Oy8Omu_pkoeoI8k45cCTV6uwFVmbEk4-W-c217htzV1586AkP9IrwliCkZcZmGgyYSAl7xHqxM9bTw5HzD694yvYWLMBcdnbQOs3j7XztS5aH,API,Epson,19,5.263157894736842,False,Budget
printer,Brother HLL2405W Compact Wireless Monochrome Laser Printer,139.99,139.99,4.4,438,brother usa,19,Free delivery,,https://encrypted-tbn3.gstatic.com/shopping?q=tbn:ANd9GcT0E0Zp2pMDFzprj434m-LTlRD58KP7hxU-GZb5eWg1_vnRLfcCSDm3QHfCUYQfHXmKUalDFzZIPGbrT0bZNVQKvQb3428s1OKqzP0Iq1v-gepsAj8HM_MHLQ,API,Brother,7,14.285714285714285,True,Budget
printer,Brother Wireless MFCL3780CDW Digital Laser Color AllinOne Printer,569.98,569.98,4.3,800,best buy,20,Unknown,,https://encrypted-tbn2.gstatic.com/shopping?q=tbn:ANd9GcRnLLN-03bECXrJqclVnarG4lMuzj4Fq0oyKd926C66x4E9qwLUO9Nc2jI2AUTeRzNIQWpZuHeOCgMg9yQVOM22QH27fzoYWjs9dYVyOGTTZ2xtqtzd4XLc,API,Brother,8,12.5,True,Mid Range
printer,Canon PIXMA TS4320 Inkjet Printer 7181c002,107.0,107.0,4.3,104,staples,21,Free delivery by Wed,,https://encrypted-tbn0.gstatic.com/shopping?q=tbn:ANd9GcRZHYtjIvAZ0tjX1DFFKnNsL9Nl6yToNRC6CaRhSMdAx_slyUQek3EDp8SGQYXicjmQ_q3x05Vd3x_0JkhX6V9t_k0dH16pJrVGjU0LJcz7OwR4gYh1sacz,API,Canon,8,12.5,True,Budget
printer,HP Envy 6555 AllinOne Wireless Inkjet Printer,109.99,109.99,4.3,169,hp,22,Free delivery,,https://encrypted-tbn2.gstatic.com/shopping?q=tbn:ANd9GcTC16eLj2BxgC6FPkRPJZtNd2kOJ_Ftl8bu9ghfZw7cRnFC69vLTbzzew-47dw0Zv-xjr5PMKJ1sFICKz7WRdRs1jFQ7gGMf0MG8M_aIQ8hURubHrXCC7_IuQ,API,HP,8,12.5,True,Budget
printer,HP DeskJet 2925 Wireless AlliinOne Color Printer Scanner Copier,59.99,59.99,4.2,100,target,23,Free delivery by Sat,,https://encrypted-tbn2.gstatic.com/shopping?q=tbn:ANd9GcRPutwM6b-MmVnKXA5HtUpFNgJrugKUEQQWf4mFOrnfJRmHDD-VnXkM-tAckc-lsuVjyq2oxkW1kxtJImBpSYeXGByTZdC0TcHn3sDLOJq1fdH2hSict94l,API,HP,9,11.11111111111111,True,Budget
printer,Brother HLL2465DW Monochrome Wireless Duplex Laser Printer,149.0,149.0,4.3,674,walmart,24,Free delivery,,https://encrypted-tbn3.gstatic.com/shopping?q=tbn:ANd9GcRkVwxlM-nLHhMn1xHZAw0XEBRRKlFl9WRKWxvFQriTvPGM2r3UZjdygkh-s3EvglQMGB7OVg2YVNGfqBhSr3LkseiT1-qlabMolF0QlB9mE4_cVeAal2HX,API,Brother,8,12.5,True,Budget
printer,HP Smart Tank 5001 Wireless AllinOne AIEnabled CartridgeFree Supertank Inkjet Printer with 3 Years of Ink Included,189.99,189.99,4.2,339,best buy,25,Free delivery by Tue,,https://encrypted-tbn2.gstatic.com/shopping?q=tbn:ANd9GcQRUPM0nb-58_pwvYPaAsIAWhSWrUbt41-YRQ4bAmLohMttxeKMdOwt2N_0SJcMXxUAOVOTCojfL3gp16Wl650GLAzDRtSR4hkbkwLWZYnDcFp7BZJ1pnId,API,HP,9,11.11111111111111,True,Budget
printer,Canon PIXMA TS6520 Inkjet Printer 7179c002,79.0,79.0,4.6,537,adorama,26,Free delivery by Thu,,https://encrypted-tbn0.gstatic.com/shopping?q=tbn:ANd9GcQ5WuLjmEQYMVoMmRpAJY7ae-ER57OiJB4tXKo5K6TNkmI5yU8uDh4Ipe0LlUVcucZWqHSn7PmV4fAhypvi8mGAAGdHjUmOJ_G4wHKPpEH8tm3oVYn5eO7s,API,Canon,5,20.0,True,Budget
printer,Brother MFCL2820DW Wireless Compact Monochrome AllinOne Laser Printer,279.99,279.99,4.4,729,brother usa,27,Free delivery,,https://encrypted-tbn2.gstatic.com/shopping?q=tbn:ANd9GcRO7wuTBk_V-HojrfWRfR5v6U79VqQ5NCi_cavFyp7HOp7qESrfFc_CQ5qmXCrmzuoUFwJvDNS0LYAO2Tc3EU5f6X-n6z_fHBsuxcncMIpb4jP7qpyDAZ7e,API,Brother,7,14.285714285714285,True,Budget
printer,Epson EcoTank ET2980 Wireless AllinOne Color Supertank Printer,329.99,329.99,4.1,777,staples,28,Free delivery by Tue,,https://encrypted-tbn2.gstatic.com/shopping?q=tbn:ANd9GcT46PVNq78Y26cD43yLTal06X_ctAy5Jz_EfXuYT78w-f-QsMOUG1l0XL8Y04NEPpBs1HrvuBcmvyGZoEk1fxGtMrpGe-9Aqwc5O2Ho_vhCAyPTBhZRGPghsQ,API,Epson,10,10.0,True,Mid Range
printer,Epson WorkForce Pro WF4830 Wireless AllinOne Inkjet Printer,169.99,169.99,3.8,877,target,29,Free delivery by Sat,,https://encrypted-tbn2.gstatic.com/shopping?q=tbn:ANd9GcS0qzXHKMpXywHAKuI3wxbobyZ2c9aymLhANx7TNl8WiQatpRqUBJpqCVn7_UlwVzuJESH-BgScd33vBxVPIIMMnWIgnUnryVVbyBQZdGpBIU1701NI2Xh8,API,Epson,13,7.6923076923076925,False,Budget
printer,Canon PIXMA G6020 MegaTank Wireless AllinOne Inkjet Printer 3113C002,249.0,249.0,4.1,2100,macy's,30,Free delivery by Sat,,https://encrypted-tbn1.gstatic.com/shopping?q=tbn:ANd9GcT7KtHteu7Mz275CXxVVFsD1YUm1e714FF6OGrfvLnP0ik-zO-PY9z6Z8LVdMV-iFaZlyQSOIWRdklhWHGJOSZ8BZTagAv_oDEM5eqJb1Ik,API,Canon,10,10.0,True,Budget
printer,HP Smart Tank 5100 AllinOne Printer,189.99,189.99,4.1,323,best buy,31,Free delivery by Tue,,https://encrypted-tbn1.gstatic.com/shopping?q=tbn:ANd9GcSUDf2Qvx-A01pK1HAtASSRF44qI4ISWnSGp9-nurcrFQe6nLOnWPcbVRVdV3ziSmLMviZ9wxpA1ac2N42qUCWw9xKes4vfQkBRM8LJ4FSip-hJ1GbMn5dYng,API,HP,10,10.0,True,Budget
printer,HP OfficeJet Pro 9125 AllinOne Printer,199.99,199.99,3.9,344,walmart - hp,32,Free delivery,,https://encrypted-tbn0.gstatic.com/shopping?q=tbn:ANd9GcQb3_3J8TggQZg1XZOEH3pJu4IWR0EZ5bSn4DbwTaeCezlisDpPT6KY0hX9APdPri47MexGuGxq_T88Kjgue32oTtMWUbn2XEe5-kjS6HmN0PAOKgqqrPcL,API,HP,12,8.333333333333332,False,Budget
printer,Canon PIXMA TR7120 Inkjet Printer,99.99,99.99,4.2,54,canon,33,Unknown,,https://encrypted-tbn3.gstatic.com/shopping?q=tbn:ANd9GcRKVHz-ia7ydOSIK00-J_W-HFk_q2EL12wdf9G_Btfqfajq_g_R5c8zcFhW4ryBvNGW6E_Di-tjPsnMKNGfLo76g0uKYERuQyQM8DiLTSZF47FqLWW5JE4s,API,Canon,9,11.11111111111111,True,Budget
printer,Xerox C230DNI Color Laser Printer,299.99,299.99,3.6,174,staples,34,Free delivery by Wed,,https://encrypted-tbn2.gstatic.com/shopping?q=tbn:ANd9GcQcVsiDiKr2rNW6zqCBBEyuyLuFWqRU2HlN2PargyyEYiiYjOQqfhjOUlScQNWB5X6Rq3pB0fuefpQgvDjv-AfaaxY91u3b7RjuG29eLV5Y4l7HtDCRQGcj,API,Xerox,15,6.666666666666667,False,Mid Range
printer,Epson Expression Home XP5200 Wireless AllinOne Inkjet Printer,79.99,79.99,4.1,449,micro center,35,Unknown,,https://encrypted-tbn3.gstatic.com/shopping?q=tbn:ANd9GcRFbRZnP_3lU8nmNEdsyVJbLfFSJ_pVUvWQOQKZjHCV4brh0Eq8pV69djkGxctPrMa06EgtCITusi5_S7GVkdAR_Xdn7yRr,API,Epson,10,10.0,True,Budget
printer,Epson EcoTank ET2900 Wireless AllinOne Color Supertank Printer c11cl63202,239.99,239.99,4.5,41,target,36,Free delivery by Sat,,https://encrypted-tbn3.gstatic.com/shopping?q=tbn:ANd9GcQQZAiIJkaMstPiKB1jKRbyWnb5ROXQ-wTZcdoCQ_dkNF85WTB3D-MjuNJvGu4JLrd64rkcVcLZ6GAFA1c2Tvmvl4vx5XvqXc9eU2Zj-1V5KfBSBxIFMYWJeg,API,Epson,6,16.666666666666664,True,Budget
printer,HP Smart Tank 6003 AllinOne Inkjet Printer,269.99,269.99,4.4,332,best buy,37,Free delivery,,https://encrypted-tbn1.gstatic.com/shopping?q=tbn:ANd9GcS1wA47XPqLlibjmqtoZMCZekCDwqKy62Sk5Mr3oks6DN5eBoc7Boma3X6l2YlEj4fwyT7UGvn-hOJjgbpfh3gqeKBAXITSjmHvPVzOXCdjuQiBwsSt2uty,API,HP,7,14.285714285714285,True,Budget
printer,Thermal Printer Wireless Printer Support US Letter A4 for Travel Inkless Portable Compatible with Ios Android Laptop for Home Car Office,49.99,49.99,3.5,225,walmart - baokaler,38,Free delivery by Wed,,https://encrypted-tbn1.gstatic.com/shopping?q=tbn:ANd9GcTIN8wy_bxvqi-erwqsvJi65WRZjbp-ZdyAn8UmshNKjDzaJKtnZDEz1kPR5P5S11GH0EVfbaPTIAM3YAxrycqDejt-efwUak8XxACGnplFEt6u4pCbXUy5,API,Thermal,16,6.25,False,Budget
printer,Brother HLL3220CDW Wireless Compact Digital Color Laser Printer,284.99,284.99,4.2,209,brother usa,39,Free delivery,,https://encrypted-tbn0.gstatic.com/shopping?q=tbn:ANd9GcSj7qCZxxPAGwsSzHJqBL1VQbOb2KA5U4F_jAmbQ38dFMsL1g43ShNoEXRXls76fXlPIpft4rquycm192dHmz0_vafAGL8aEZQUADch39nc_AScF43NWWCK,API,Brother,9,11.11111111111111,True,Budget
printer,Epson WorkForce Pro WF4820 Wireless AllinOne Inkjet Printer,149.99,149.99,4.2,1800,staples,40,Free delivery by Tue,,https://encrypted-tbn2.gstatic.com/shopping?q=tbn:ANd9GcTAOswoKCYzvFDCI6RGyZMyVFJGwmnA22CSJqhhwPJUfRC_IIAYffbIjjSjk6LI9qKR9Hc3hAPU7you7AzcXcdBJDu5d8wKe2UBj_NsGZhNpcbnMTTOgwWeOg,API,Epson,9,11.11111111111111,True,Budget
printer,Core Innovations CTP500 Monochrome Thermal Printer,89.99,89.99,2.0,823,techdaddy accs,1,Free delivery,,https://encrypted-tbn3.gstatic.com/shopping?q=tbn:ANd9GcTYqj7h_rA0pIsANneAeAewQO9G6VoI9USiKyDF86f7_CCdVVRgMTkVK2UI7uZ7kpHzHIeKEE3E-iYq1xQNm0YwrHUpxb4MLdt_iwvyYp9Ohd-zUwM4rs3O,API,Core,30,3.3333333333333335,False,Budget
printer,Zebra gx43 series printers GX43102710150,752.22,752.22,4.2,,posguys.com,2,Free delivery,,https://encrypted-tbn2.gstatic.com/shopping?q=tbn:ANd9GcRCWlMOuZ34Fk4Lu5fL8RSJhkU64OzpLk_yI3UfCaiC6zoUEza6iicgX1A6k1xOT5uIk8xN7Dcu_d8vcMw61McIx7S2hosDtw,API,Zebra,9,11.11111111111111,True,Mid Range
printer,Thermal Printer Wireless Printer Support US Letter A4 for Travel Inkless Portable Compatible with Ios Android Laptop for Home Car Office,49.99,49.99,3.1,220,walmart - e-commercestation,3,Free delivery,,https://encrypted-tbn1.gstatic.com/shopping?q=tbn:ANd9GcTIN8wy_bxvqi-erwqsvJi65WRZjbp-ZdyAn8UmshNKjDzaJKtnZDEz1kPR5P5S11GH0EVfbaPTIAM3YAxrycqDejt-efwUak8XxACGnplFEt6u4pCbXUy5,API,Thermal,20,5.0,False,Budget
printer,HP 4001dn LaserJet Pro Printer and 1 HP OEM 148A W1480A MICR Cartridge,649.0,649.0,5.0,193,micr toner intl,4,Free delivery,,https://encrypted-tbn3.gstatic.com/shopping?q=tbn:ANd9GcT7-LBYrhJ4cCx9IUJiPqfjWnDMzhjE4Ehi2-osSUaO-ZAcnyjxI8jPVQj0En1OEcjEJAjWTZo1paRXWQNYSBuE-VMpcQPc2Yq2si2b3FfCTb1e6YbNSZ4S,API,HP,1,100.0,True,Mid Range
printer,Zebra gx43 series printers GX43102811150,711.27,711.27,4.2,,posguys.com,5,Free delivery,,https://encrypted-tbn2.gstatic.com/shopping?q=tbn:ANd9GcRCWlMOuZ34Fk4Lu5fL8RSJhkU64OzpLk_yI3UfCaiC6zoUEza6iicgX1A6k1xOT5uIk8xN7Dcu_d8vcMw61McIx7S2hosDtw,API,Zebra,9,11.11111111111111,True,Mid Range
printer,Zebra gx43 series printers GX43102712150,878.22,878.22,4.2,,posguys.com,6,Free delivery,,https://encrypted-tbn2.gstatic.com/shopping?q=tbn:ANd9GcRCWlMOuZ34Fk4Lu5fL8RSJhkU64OzpLk_yI3UfCaiC6zoUEza6iicgX1A6k1xOT5uIk8xN7Dcu_d8vcMw61McIx7S2hosDtw,API,Zebra,9,11.11111111111111,True,Mid Range
printer,Polaroid Printer New Electronics Color White,78.54,78.54,4.2,,mercari,7,Unknown,,https://encrypted-tbn1.gstatic.com/shopping?q=tbn:ANd9GcTcpzXwKC85chEBqZhcM1b7DnXHfDHjpzzJT4Msrc_2DjT7zFszciIbnmDda5ycrSkRoy1RI7l8VZWfmWdPTusurF-nBC6uKfTAE0fKQKI,API,Polaroid,9,11.11111111111111,True,Budget
printer,Canon Imageclass LBP6030W 8468B003 Monochrome Laser Printer New Electronics,89.5,89.5,4.2,,mercari,8,Unknown,,https://encrypted-tbn1.gstatic.com/shopping?q=tbn:ANd9GcSBNTcmFFAYpyqEPXuFCVlCqM49AcQByhLtp3pImi6ki5_Kf8w8ea2_YT4HVxXpdyioBcOaxTzcU_tWu4z0h1mDPeH1bIp0IxJ4dLsCRyQ,API,Canon,9,11.11111111111111,True,Budget
printer,HP OfficeJet Pro 8125e Wireless AllinOne Color Inkjet Printer Print scan Copy ADF Duplex Printing Home Office 3 Months of Instant Ink,68.0,68.0,4.2,,mechnova,9,Unknown,,https://encrypted-tbn2.gstatic.com/shopping?q=tbn:ANd9GcTpSrmT2pyr4hIuzMqRGYpT33N7ojZbkou49GrkqJKM8wZWvxvyYYrWqW66bPxtXNnh75SzMfaZyq1wFP885kqx1ZmIHNC2c8DVSC9jk3w,API,HP,9,11.11111111111111,True,Budget
printer,Core Innovations Wireless Portable Thermal Printer Bundle BluetoothBlack,15.99,15.99,5.0,876,ebay - toto2-163,10,Unknown,,https://encrypted-tbn0.gstatic.com/shopping?q=tbn:ANd9GcTtLvbQTLe5Z9uuHGSFaPOlW4aHw3BJamNqwQLGVg-qeA_MSQMJGE4CtrsjzK1Flf-dCrco3KpR_NXZ4GbwklYy6wdAO-hd_ZvincNTbckvs6y7cH4brlg43w,API,Core,1,100.0,True,Budget
printer,HP OfficeJet Pro 9125e AllinOne Printer with Bonus 3 Months of Instant Ink wit,489.0,489.0,3.5,2500,axulis.com,11,Unknown,,https://encrypted-tbn0.gstatic.com/shopping?q=tbn:ANd9GcRmFrUU-edh9sIDd2kBGyCac3kKcocXIH5n4zkoLJWMO5iO9HVsZUNPItXoVeaE1Cjzztf53dmj127kR8s65-UnMUFRQGnXrQwilGK7HQUwS_yZ51D3sNSNTQ,API,HP,16,6.25,False,Mid Range
printer,HP OfficeJet Pro 8139 AllinOne Printer,179.99,179.99,2.2,153,best buy,12,Unknown,,https://encrypted-tbn2.gstatic.com/shopping?q=tbn:ANd9GcSp345HYy_sUt2Y0XPzyPl5C2Oqmg4HkK2ix08qczw33t_FnHFiH2PpxqUUbOJ2PqW58wyu6UHiYoB8JY1U4m7a5iYSZl6tLF6aamVXVUo,API,HP,29,3.4482758620689653,False,Budget
printer,Rongta Thermal Portable Printer Wireless for Travel Bluetooth Mobile Inkless for SchoolOfficeHome Use Black Size 109 x 38 x 213,36.99,36.99,4.1,1,walmart - rongta,13,Free delivery by Wed,,https://encrypted-tbn0.gstatic.com/shopping?q=tbn:ANd9GcTIxyfQhoHfCFibmkSSyOfIw7IKm3OjPnbw7pHs7dusDTpqwerC04TXfnbRE0B5i6Z7FjGcaa2vJsoHpxo9QExSdw-VN-C2YWp_6qM5dVkg9BoYHfJcoFNB,API,Rongta,10,10.0,True,Budget
printer,Core Innovations Bluetooth Compact Wireless Portable Thermal Printer,21.95,21.95,4.2,,ebay,14,Free delivery,,https://encrypted-tbn2.gstatic.com/shopping?q=tbn:ANd9GcRdjaGDJgdRdcmy5JpMKYfhUZONriXjAdeZPv0tPYWSTZ1BLu2o2OBYM5v8uNAR-ZX24xNc7qgNWzTqYQkTwDeuVIlUgLG93RGxSVzMAfk,API,Core,9,11.11111111111111,True,Budget
printer,0515C042 Canon PIXMA MG3620 Wireless AllinOne Inkjet Printer Red,299.8,299.8,2.5,1800,compu devices,15,Free delivery,,https://encrypted-tbn0.gstatic.com/shopping?q=tbn:ANd9GcRi7aj-QaJS1rCvkP6brfWvcmLyM47c0fge_eXsBaJSNAdc-kqhpo4_4Ch8QooABzny85NS9uz83BKoP06mr7r4M6b94xLPIwyNRzkTXs3wfqZ3IANchMgj0g,API,0515C042,26,3.8461538461538463,False,Budget
printer,Canon Pixma Ts4320 All In One Wireless Inkjet Printer Bundle,107.0,107.0,4.2,,ebay - 6ave,16,Free delivery,,https://encrypted-tbn3.gstatic.com/shopping?q=tbn:ANd9GcRdBOIRXYssbBWO9KzCnHlcGs50yv5pYFro5GP_RbEr5upLQzs5n8YND3USERyZlXGQ9X5YTPTwGPZuRyV-Zm7JtTtQCN51E69qXjBmlCHluJejXdtU_3bYTg,API,Canon,9,11.11111111111111,True,Budget
printer,Canon PIXMA MG3620 Wireless Inkjet Printer,43.6,43.6,4.9,1800,acryl-line,17,Unknown,,https://encrypted-tbn0.gstatic.com/shopping?q=tbn:ANd9GcQuVxDzdY6Y086Yev1073UcHdOaqD5JjbEAKx4qr8pLXtZx9h0gIqxrRJ7xAYytBmyerVBkv9ltJjcSncdrMcMwhEdyd8fPH_-fGseFHfZ5lYsxKLPrLNIh5w,API,Canon,2,50.0,True,Budget
printer,Canon PIXMA MG3620 Wireless AllInOne Inkjet Duplex Printer Scanner Mobile Tablet Print PictBridge 0515C002 1 Year Vietnam,89.99,89.99,5.0,1800,ebay - lukesten,18,Unknown,,https://encrypted-tbn1.gstatic.com/shopping?q=tbn:ANd9GcTybBwELMKrPNauHMIiIO_KjNj86nvlJj28-JQMin-V9YSOxb8oR7X83avZCZf9Fks9_U2IgMt7uhZ1xFtSVKdIHYY5vKI3eIjZdWOi64O-,API,Canon,1,100.0,True,Budget
printer,Canon Printer TR4720 Electronics,150.0,150.0,2.8,4500,mercari,19,Free delivery,,https://encrypted-tbn0.gstatic.com/shopping?q=tbn:ANd9GcSqtSwVW7sGPYy7fnjWr6CQTMIjy5luuWY0ffO6R9qojAnQ6mWehZUz0tJf_f_XcMmBCUPmO7N_dqVftMuh3nfiMVpqfSjpz-Yq3fZNfBo,API,Canon,23,4.3478260869565215,False,Budget
printer,Package Brother HLL2405W Wireless BlackandWhite Refresh Subscription Eligible Laser Printer Great for Home Gray and TN830XL HighYield Toner,238.28,238.28,4.9,102,best buy,20,Unknown,,https://encrypted-tbn0.gstatic.com/shopping?q=tbn:ANd9GcSzf7MdTyY_yP4s0XiOr4O-DR8PrPSQ-ZBhzYMuMq-xdo15P23jvaPe-Nhsm9PPpEOkhGHTezeLbdLV6QzB31QWrYlvunqhcw,API,Package,2,50.0,True,Budget
printer,Canon Pixma Tr160 Mobile Wireless Printer Travel Bundle,276.49,276.49,4.2,,ebay - 6ave,21,Free delivery,,https://encrypted-tbn2.gstatic.com/shopping?q=tbn:ANd9GcTuwe_TaOXpJdNUMu0fkUpaXYwulkd8M_kTGXbMPxquIu7kh0jG5BZZ6rx9GNj2vZjiamPcb8_sZwrrTK8fo1htNtqDGgBS_yBVuaHD2mUxt2zHyd0bmqMWWg,API,Canon,9,11.11111111111111,True,Budget
printer,Canon Pixma Tr4720 Wireless Allinone Printer With Auto Feeder Fax,111.07,111.07,2.2,4600,ebay,22,Free delivery,,https://encrypted-tbn0.gstatic.com/shopping?q=tbn:ANd9GcR1IExPlwchR1g2AcDH2vAZFgv_VsbB-v9DF8tNUuw8K3UhJeeX0BB3Tjcj7GGtM5YE_WtwmCnURBK76IyRSvV3w57FaK-J2slyn5QpuQE,API,Canon,29,3.4482758620689653,False,Budget
printer,HP Color Laserjet Pro 3301fdw Wireless Color Laser Printer BRAND NEW SHIPPING New Electronics,425.0,425.0,5.0,958,mercari,23,Unknown,,https://encrypted-tbn1.gstatic.com/shopping?q=tbn:ANd9GcTweoegRiBRnGXIQkrXXUWxdNxyg2vgAu81_UjanowP7PyskMGr-HR_lY6Vg-vhuOL9vp91Y39vR4msx5ESxUpGNWWrrRDj5Y30YdCRgFQ,API,HP,1,100.0,True,Mid Range
printer,Canon Printer Electronics Color Black,67.88,67.88,2.9,1900,mercari,24,Unknown,,https://encrypted-tbn2.gstatic.com/shopping?q=tbn:ANd9GcQ-zOoF01grH0P9L8e_dkPnTnpEr2kPCidm31ga-ou_v2XJCjK16pa60uRye-E3999fdFvLOKMu7IzHNgkTbsJnG3RQCPV9F3xD_TOlr86xhbQv-WmZHtID9S9P,API,Canon,22,4.545454545454546,False,Budget
printer,Wireless Printer A4 Thermal Printer Monochrome for Travel Mobile Office School Home Bluetooth Printer Compatible with Ios and Android for Phone,52.99,52.99,5.0,208,walmart - baokaler,25,Free delivery by Wed,,https://encrypted-tbn2.gstatic.com/shopping?q=tbn:ANd9GcSqZxkSEwUxtoK0i8ZsBpH5u-Dx-J490pOiyxIAGmKKuALKHZklvIm12Kry83m-Zbnmq14oQpGi18V7ea8B3Zl8FtDdbpr1fsabeUek35285PoA13CEnJpB,API,Wireless,1,100.0,True,Budget
printer,Canon MG3620 Printer Electronics Color Black,19.0,19.0,4.5,1700,mercari,26,Unknown,,https://encrypted-tbn3.gstatic.com/shopping?q=tbn:ANd9GcRIaP3NSN4Un5jGt7CFZPDFkj1aUjWtQIvcmMQgQI1dk7wV5Tc_gdJyeZxa-_cC-KNIKNtdM-sxls_T8SC1eeDkElF3SY1TyCJ6i3HQNvmG,API,Canon,6,16.666666666666664,True,Budget
printer,Canon PIXMA MG3620 Wireless Printer Electronics,124.0,124.0,3.5,1800,mercari,27,Free delivery,,https://encrypted-tbn1.gstatic.com/shopping?q=tbn:ANd9GcQcsFwweabEM-K-vPR7hHSD-ay6ZPLcV5C6YXzQNw9W36tOswZRdhtFRkrs3SbYI0GUzqUI2x3NVHjDMKkU3pjDazTxG9kMJ0-SNgaEQ2E,API,Canon,16,6.25,False,Budget
printer,Canon Pixma Mg3620 Wireless Printer,124.0,124.0,4.2,,ebay,28,Free delivery,,https://encrypted-tbn0.gstatic.com/shopping?q=tbn:ANd9GcQyuVB61tGm9vG8urdkoFSROnk28zfGcjPmOxf7bI-V_kGTEgf-EOTEWbmr8Eum7IrsFXkcdKJjaqv3w1HAfFG5behWU_CShJjfAVtpgrc,API,Canon,9,11.11111111111111,True,Budget
printer,Canon PIXMA MG3620 Wireless AllInOne Inkjet Printer Sealed Carton Box 59 ppm 1200 x 1200 DPI PictBridge 0515C002 Color 0766234324403,116.95,116.95,1.8,1800,ebay,29,Unknown,,https://encrypted-tbn1.gstatic.com/shopping?q=tbn:ANd9GcQmNRRUJIpRZXlM8D98Idt_cff3CxM7tx6FT2plvoDYYVW4bXcjPAPpCd6IP0t9HfE9J9LJgyK_q15EDAIR77P9XgS2qPlhbax8YeXMtQWklFI1objU7UOS,API,Canon,32,3.125,False,Budget
printer,HP LaserJet Pro 4001DNE DuplexNetwork MonoChrome Laser PrinterToner Value Bundle Pack 2Z600EBGJTONERVB,449.99,449.99,4.2,,newegg.com - suppliesmax,30,Unknown,,https://encrypted-tbn3.gstatic.com/shopping?q=tbn:ANd9GcSXXHHcizJm-0Q01YnsxW1__gIfdEr9eLlBztDeRI38ZPRGFdhDGizBdRkXs1WJxGMFgktYWy0NOLWsFW9RfYAxYPYpFQ2TJdR_pT7Qke3ExHsm5Ee4FNV5vQo,API,HP,9,11.11111111111111,True,Mid Range
printer,Canon PIXMA TR4720 Printer Electronics Color Black,40.0,40.0,3.1,4600,mercari,31,Unknown,,https://encrypted-tbn0.gstatic.com/shopping?q=tbn:ANd9GcSb2QIovFhrITN9LMfxM5s20FqeLxvD4cXR7UWtKtxrIMfrubsMsgp8jgqTbMsOzvayGitb48a0qhLwWEtk03X5r4JxQ9y2_NqGIdBLXZQ,API,Canon,20,5.0,False,Budget
printer,Recertified HP Color LaserJet Pro MFP 3301fdw Wireless AllinOne Color Laser Printer FaxToner Value Bundle Pack 499Q5FBGJTONERVB Certified,699.99,699.99,4.2,,newegg.com - suppliesmax,32,Unknown,,https://encrypted-tbn3.gstatic.com/shopping?q=tbn:ANd9GcScAlu-DvQM4FP4sbG8MDHjfjX6VdA9iPZJEGVzO4wrr9NsGPSzjLIsoAb0G7scyeBhA8YSvW2sJ8ECr_WrfWyowpaWaizt6QjmIj4KPArYJ5aL3hNO1FwfwA,API,Recertified,9,11.11111111111111,True,Mid Range
printer,Canon PIXMA TR4720 AllinOne Wireless Printer For Home Electronics Color Black,60.0,60.0,3.8,4600,mercari,33,Unknown,,https://encrypted-tbn2.gstatic.com/shopping?q=tbn:ANd9GcT3i8ZrMlY_yvhjZOhDg4Yt9sUUXCssuu5L2I2_JsilWxZHpk0sO8WA9GS-nzTqJc1NwxhiU1PPQW4RE3wyJH8sUSZZUBl4aRqCeI5RSiyawtqVfBsUK-Zi2A,API,Canon,13,7.6923076923076925,False,Budget
printer,Recertified HPE Color LaserJet Pro MFP 3301fdw Wireless AllinOne Color Laser Printer FaxToner Value Bundle Pack HPE499Q5FBGJTONERVB Certif,699.99,699.99,4.2,,newegg.com - suppliesmax,34,Unknown,,https://encrypted-tbn3.gstatic.com/shopping?q=tbn:ANd9GcScAlu-DvQM4FP4sbG8MDHjfjX6VdA9iPZJEGVzO4wrr9NsGPSzjLIsoAb0G7scyeBhA8YSvW2sJ8ECr_WrfWyowpaWaizt6QjmIj4KPArYJ5aL3hNO1FwfwA,API,Recertified,9,11.11111111111111,True,Mid Range
printer,Canon PIXMA TR7820 Wireless AllinOne Inkjet Printer with PG285 XLCL286 XL Value Pack Kit,289.0,289.0,4.3,135,b&h photo-video-audio,35,Free delivery by Wed,,https://encrypted-tbn0.gstatic.com/shopping?q=tbn:ANd9GcTJH9nYb7THB9-a0mBmVH22X_74I_o4HLCxphf9Eh0SO8c1bttdfyVNr_wzYUNqTLdPlbz8xNADVPtpZPWIIrIl01h8bt1UBFYeM6wZCfhdvoUmcCM94VBn,API,Canon,8,12.5,True,Budget
printer,Canon Pixma Ts4320 Wireless Color Inkjet Printer For 2sided,98.12,98.12,4.2,,ebay - remsenway70,36,Free delivery,,https://encrypted-tbn2.gstatic.com/shopping?q=tbn:ANd9GcSJ-QEgeGSYuLAntJ277E_R89yPH0qiS7dVZp0c51yiKx0n_TzLI0PuAlwviv5RKVNzFki_hhWS0OKf2BZ4aFTnRqrQvE-xLihI4qO-4CtNCldc1XWe9g6JVw,API,Canon,9,11.11111111111111,True,Budget
printer,Canon PIXMA TS4320 Wireless AllinOne Inkjet Printer Bundle,107.0,107.0,4.2,,best buy,37,Unknown,,https://encrypted-tbn3.gstatic.com/shopping?q=tbn:ANd9GcQgVZMJOhmWuAwPb46GCvo-BTYIXwFuLubW61BU6GWskLBGgqllmcXxUtzJ7FydCyonXGCgdQBmYw83q8bvW7oO5vFDDNt_FU8tW6XtnH-iaQdnmY-iWXxT,API,Canon,9,11.11111111111111,True,Budget
printer,HP 3201DW Color LaserJet Pro Printer with Four HighYield LaserJet Toner Cartridges Kit,795.96,795.96,5.0,319,b&h photo-video-audio,38,Free delivery by Wed,,https://encrypted-tbn0.gstatic.com/shopping?q=tbn:ANd9GcRk7boFoPaJuBSV8GIiqeNjOVMm-43uoytlF-165pWiJ6Px4gbDPl2gAMs0z5_Ex2tkFjrhjMqBhx6w6WodlUPOaNaV1Ye5Oi0vRICMCJnogt3aX2vdNQs9Kg,API,HP,1,100.0,True,Mid Range
printer,Restored Brother Hll2420dw Wireless Compact Monochrome Laser Printer with Duplex Mobile Printing Refurbished Size 140 inch W x 142 inch D,74.99,74.99,5.0,833,walmart,39,Free delivery,,https://encrypted-tbn3.gstatic.com/shopping?q=tbn:ANd9GcRAZ8cxLvDcWONNZHUvqRpZcv2ihIwIvBqETqMNg8W5433OW2Pa-0-BhDtpkwQVdiYiREQPmk78D7hbbQSiOAdXDpDl0Ksd-nEE1XF11oIuTLTwj8sn1U3UGg,API,Restored,1,100.0,True,Budget
printer,Canon PIXMA TS7720 Wireless AllinOne Inkjet Printer with PG285CL286 Value Pack Kit,172.99,172.99,3.5,14,b&h photo-video-audio,40,Free delivery by Wed,,https://encrypted-tbn3.gstatic.com/shopping?q=tbn:ANd9GcQaOruZHuv_FXRhhZ0YeXYhz9KqDqMqUfPvb6nUTAF5JO_EKbWV4flGm7w5zBLULUk8kDCMXoIOd6f9A6dinuIKHjbysjEYLw4mN6PWAqyOz-r0h7wiTeryrA,API,Canon,16,6.25,False,Budget
printer,Hp Deskjet 2952 AllinOne Printer,44.0,44.0,3.6,241,walmart,1,Free delivery,,https://encrypted-tbn0.gstatic.com/shopping?q=tbn:ANd9GcRKV3ftottxVfMN5N2kaXY2T-iBixCiehdZBDlW1HnGZj84WOiESmIEF8hzQmEg-wyhE2bKhVM,API,Hp,15,6.666666666666667,False,Budget
printer,HP DeskJet 4355 AllinOne Printer,59.99,59.99,4.4,161,target,2,Free delivery by Sat,,https://encrypted-tbn1.gstatic.com/shopping?q=tbn:ANd9GcSM1fIvgUWybBLu-EaMfH4tVh5WZ4hQsda77c4RtUtKSU6C4hRZqNOSU9BxnQrqbZY1q0JByowA,API,HP,7,14.285714285714285,True,Budget
printer,Canon PIXMA TS4320 Wireless AllinOne Inkjet Printer Bundle,107.0,107.0,4.2,,best buy,3,Unknown,,https://encrypted-tbn3.gstatic.com/shopping?q=tbn:ANd9GcTiHcGq0vJJ25lkEI3KIsb7VJduMAw9jSepGUb8kgHM2tPUGLHyzqkgzjBvap8mlDCm9yk8B2s,API,Canon,9,11.11111111111111,True,Budget
printer,HP DeskJet 2955 AllinOne Printer,49.99,49.99,4.2,124,staples,4,Free delivery by Wed,,https://encrypted-tbn2.gstatic.com/shopping?q=tbn:ANd9GcQmBu2HFkJAiUjoFMyZQq_J4iQNjzCfgvNjSrES3ZIEEtCx42odopirxY2OW5F7lrry5jdC75ch_A,API,HP,9,11.11111111111111,True,Budget
printer,Epson WorkForce Pro WF3820 Wireless Inkjet AllinOne Color Printer,99.99,99.99,4.1,3600,office depot,5,Free delivery,,https://encrypted-tbn2.gstatic.com/shopping?q=tbn:ANd9GcRnXi4cSOzBJeFQGbUBYfvtebkEUjYEIlBQV2QP0g5vQ5TNk_T7Ot5pdCfVlp7UIvqAOBB3lZI,API,Epson,10,10.0,True,Budget
printer,HP DeskJet 4258e AllinOne Printer,38.0,38.0,3.8,481,serigrafia.eus,6,Unknown,,https://encrypted-tbn3.gstatic.com/shopping?q=tbn:ANd9GcSgpVeZ0RO2WXz27IwAohpRUNyjyF_ONd3Hzlx0LFj5wJLX_Em9Vx7jSAmHBYr8yE__sazgbwhU,API,HP,13,7.6923076923076925,False,Budget
printer,HP LaserJet M110w Laser Printer,99.0,99.0,4.3,509,best buy,7,Unknown,,https://encrypted-tbn2.gstatic.com/shopping?q=tbn:ANd9GcR22DSm3-GQxrFo1yR8AbTjnf1AL2OaXOD05fQ426nwJdleEFjiPbnagXrGOOnDiU1LThIAjwY,API,HP,8,12.5,True,Budget
printer,HP DeskJet 2925 Wireless AlliinOne Color Printer Scanner Copier,59.99,59.99,4.2,100,target,8,Free delivery by Sat,,https://encrypted-tbn2.gstatic.com/shopping?q=tbn:ANd9GcSV3kg5iWJ4OKiQ2QbKSAuR3wXgclolOOBpHNpIqUYoFEWW4NWpWk4W5cxR1kA-zZ-9ZB5l4mQ,API,HP,9,11.11111111111111,True,Budget
printer,Printer Brother Work Smart Mfcj1260w Wireless AllinOne,60.0,60.0,3.6,79,walmart,9,Free delivery,,https://encrypted-tbn2.gstatic.com/shopping?q=tbn:ANd9GcQ05n5ocj5JN6Bs6m7s64EkZLe3jNxkhQAiMYQkwSRBvQ4zOjt-Uc33Hy9-rZrBvCTiLG2oOcY,API,Printer,15,6.666666666666667,False,Budget
printer,7WN42B HP DeskJet 2320 AllinOne Printer Color Printer for Home,36.0,36.0,4.0,772,star promotion,10,Unknown,,https://encrypted-tbn1.gstatic.com/shopping?q=tbn:ANd9GcQQHr-D8EbrvTg5yyudhoa4mNxGr3WmHL34OfHYCKTEE2gRwKm3Z0n_dyAKw_IqZj6O_vBLHsk,API,7WN42B,11,9.090909090909092,False,Budget
printer,Canon imageCLASS MF663Cdw Color Laser Duplex Printer,349.99,349.99,4.4,260,best buy,11,Free delivery by Tue,,https://encrypted-tbn0.gstatic.com/shopping?q=tbn:ANd9GcSs2EBSF6wE3f1UJ9s8CTmkcJL4N7qAw9IwDk0rbNojINfUNfMQIDEtZEFoV8c,API,Canon,7,14.285714285714285,True,Mid Range
printer,HP OfficeJet Pro 8125e Wireless AllinOne Color Inkjet Printer,109.99,109.99,4.2,1700,office depot,12,Free delivery,,https://encrypted-tbn3.gstatic.com/shopping?q=tbn:ANd9GcSC0x9vH0B1w8ZxEh_xwXgUqiIWkfdyY9PXaJUoDM8qDX_6-CeCAtuFdZjQ7nk-fvRmEYN12xk,API,HP,9,11.11111111111111,True,Budget
printer,Rongta Thermal Portable Printer Wireless for Travel Bluetooth Mobile Inkless for SchoolOfficeHome Use Black Size 109 x 38 x 213,36.99,36.99,4.3,28,walmart - rongta,13,Free delivery by Wed,,https://encrypted-tbn0.gstatic.com/shopping?q=tbn:ANd9GcQSKv7cq32jroR5Pt1Oo_0pkCgqCCkSVVTL0L-p_BTEknRIY0Yp81eK6trFNzI6VXcoo0MrqQc,API,Rongta,8,12.5,True,Budget
printer,Epson WorkForce WF2930 Wireless AllinOne Color Inkjet Printer,79.99,79.99,3.2,878,target,14,Free delivery by Sat,,https://encrypted-tbn0.gstatic.com/shopping?q=tbn:ANd9GcR0Zji4e6x45o4D8xhIY9Kq4-XzasFDst0UlLf0-oV8ux445N_glo1aA7P9PZLubQ_ej5APBIA,API,Epson,19,5.263157894736842,False,Budget
printer,HP Envy 6155 AllinOne Printer,89.99,89.99,4.3,184,staples,15,Free delivery by Tue,,https://encrypted-tbn0.gstatic.com/shopping?q=tbn:ANd9GcRsVmhDThiSHafXsHIQZPBKejenw6VVlW3vlQQKNTOpsXiDK0JH2RGz845NvT2NLmVr_gIh5XMAEV8,API,HP,8,12.5,True,Budget
printer,Epson WorkForce Pro WF4820 Wireless AllinOne Inkjet Printer,149.99,149.99,4.2,1800,best buy,16,Free delivery by Tue,,https://encrypted-tbn3.gstatic.com/shopping?q=tbn:ANd9GcQ44TvYa5bjKfQR2ABVBiaBBzIRw-rtc7Wo9DHhkFTn75ckWA5__qLEQTMvhXkHquBwnPsGTFE,API,Epson,9,11.11111111111111,True,Budget
printer,Brother HLL2465DW Monochrome Wireless Duplex Laser Printer,149.0,149.0,4.3,674,walmart,17,Free delivery,,https://encrypted-tbn3.gstatic.com/shopping?q=tbn:ANd9GcTIBVg1R3JWDPtl9IBlKLdyU56Pd3zPMRTBDi7rPnGccdA6yRcsf2yrLYcmL0GhEj-XVO1bqRQ,API,Brother,8,12.5,True,Budget
printer,HP OfficeJet Pro 8125e Wireless AllinOne Color Inkjet Printer Print scan Copy ADF Duplex Printing Home Office 3 Months of Instant Ink,68.0,68.0,4.2,,mechnova,18,Unknown,,https://encrypted-tbn2.gstatic.com/shopping?q=tbn:ANd9GcRcBdzsLSpG3ayHT0fyntoQnnN1ODdDFNqy02SCai7qe_2W2F3xe4TNGj45wA,API,HP,9,11.11111111111111,True,Budget
printer,Canon PIXMA TS3440 Wireless AllinOne Inkjet Printer,64.0,64.0,4.2,,star promotion,19,Unknown,,https://encrypted-tbn1.gstatic.com/shopping?q=tbn:ANd9GcQ3ntUmR8FyzLrJ2ycowVHPTdAq7_AEbecGA8uFsew1ZuR8dxmC1l5TDMpoC2FMPcGndjElHE4r,API,Canon,9,11.11111111111111,True,Budget
printer,Epson WorkForce Pro WF4830 Wireless AllinOne Inkjet Printer,169.99,169.99,3.8,877,office depot,20,Free delivery,,https://encrypted-tbn3.gstatic.com/shopping?q=tbn:ANd9GcSL9OAA4YYIRJuBYihtZBlqxAfYozxYIU5gsJXQXMZNtreh2LDuw_7YY9PhO88aLMYvk1QPEy8z,API,Epson,13,7.6923076923076925,False,Budget
printer,Wireless Printer A4 Thermal Printer Monochrome for Travel Mobile Office School Home Bluetooth Printer Compatible with Ios and Android for Phone,52.99,52.99,4.3,119,walmart - baokaler,21,Free delivery by Wed,,https://encrypted-tbn2.gstatic.com/shopping?q=tbn:ANd9GcRJARJ8E1ITUog7o0_rNwZxtO6xhiGc0ReMetol3vfUOp36SyskKDmQs3KGrY39RkH5kDqGwGI,API,Wireless,8,12.5,True,Budget
printer,Phomemo M08F Letter Thermal Printer,89.99,89.99,4.0,116,best buy,22,Unknown,,https://encrypted-tbn0.gstatic.com/shopping?q=tbn:ANd9GcSjNKNKjeEj2Tv75sFG5-Z0RBUkhmKdgDo6KQRW3rXmeIxvjI3XxFs_qY3itmoBQvOPVkw89W_D,API,Phomemo,11,9.090909090909092,False,Budget
printer,Epson Expression Home XP4200 Wireless AllinOne Color Inkjet Printer,99.99,99.99,4.1,3200,target,23,Free delivery by Sat,,https://encrypted-tbn2.gstatic.com/shopping?q=tbn:ANd9GcSww59TAmlMmJJBBotnRK3M1y_ikgNiyQ6vPKJyHzZRibeCa6hhZHQ5fDuZC9fwtunCZOL4ivQ,API,Epson,10,10.0,True,Budget
printer,Canon PIXMA TR7120 Inkjet Printer,99.99,99.99,4.2,54,canon,24,Unknown,,https://encrypted-tbn3.gstatic.com/shopping?q=tbn:ANd9GcRM-eP6U6Xt5xVmgoLg5VECD9TqYmXpigZjQH6tsLYfrFfN6u-xqUdIVcnyuDKOjh5cByTTGtI,API,Canon,9,11.11111111111111,True,Budget
printer,Thermal Printer Wireless Printer Support US Letter A4 for Travel Inkless Portable Compatible with Ios Android Laptop for Home Car Office,49.99,49.99,3.5,225,walmart - baokaler,25,Free delivery by Wed,,https://encrypted-tbn1.gstatic.com/shopping?q=tbn:ANd9GcTCUHjjWvjtEA4hirAEX4oYbpQN1qnlmqcnBdZ8rhU02qBRS0Lq995yEAemYOESXDZEbSSV_pQ,API,Thermal,16,6.25,False,Budget
printer,HP Envy 6165 Wireless AIEnabled AllinOne Inkjet Printer with 6 months of Instant Ink,79.99,79.99,4.6,75,best buy,26,Free delivery by Tue,,https://encrypted-tbn3.gstatic.com/shopping?q=tbn:ANd9GcR_cK0NBNM_P3d1-G6Zoo2mJ1F6X1hj6w6qbkr3evU7FZSddouJdDbvLZbq4CMzosbyXNq17is,API,HP,5,20.0,True,Budget
printer,Epson WorkForce WF2960 Wireless AllinOne Inkjet Printer,99.99,99.99,3.7,438,office depot,27,Free delivery,,https://encrypted-tbn2.gstatic.com/shopping?q=tbn:ANd9GcRQBZWv5Jt6-TILmkbcByhA_rk-T0hTqXpoi4ZmaXAM9jC9Zjt-Pw7YJUyDoQ_IrbNn6DzBu9o,API,Epson,14,7.142857142857142,False,Budget
printer,Xerox C230DNI Color Laser Printer,299.99,299.99,3.6,174,staples,28,Free delivery by Wed,,https://encrypted-tbn2.gstatic.com/shopping?q=tbn:ANd9GcSDjvlIZINbn2l1xW-ZW2Y4BHZ9jbqRFnJ7CBK3BMZZJbRuHhy8uqBP6fCVE68Gp8hmlyEmHWE,API,Xerox,15,6.666666666666667,False,Mid Range
printer,HP LaserJet MFP M140w Multifunction Laser Printer,139.99,139.99,4.3,1200,electronic express,29,Free delivery,,https://encrypted-tbn0.gstatic.com/shopping?q=tbn:ANd9GcSsgLzHW1mPpDXaLOdPno44GgzO40rKcTN9E-x3OBXL6K-Vj9zApNwxwN2UnWQ,API,HP,8,12.5,True,Budget
printer,Canon PIXMA TS6520 Inkjet Printer 7179c002,79.0,79.0,4.6,537,adorama,30,Free delivery by Thu,,https://encrypted-tbn0.gstatic.com/shopping?q=tbn:ANd9GcSGkJ4I2OI5HBEchBsUc7hPt0d6Q5M2iA7MI1wYXjNY_rL5FmSq3AZaoCuSuH0i4ML0Xo02iFQ,API,Canon,5,20.0,True,Budget
printer,Canon imageCLASS MF751Cdw II Wireless Multifunction Laser Printer,432.2,432.2,4.4,11,best buy,31,Unknown,,https://encrypted-tbn0.gstatic.com/shopping?q=tbn:ANd9GcQ_P4V-Wobv51IqQrFVLoUgOhhVXi7MCC87JyWw42Cdz637D94rm1D4BQ07Oyg,API,Canon,7,14.285714285714285,True,Mid Range
printer,Brother Mfcl2760dw Wireless Compact Monochrome AllinOne Laser Printer,199.99,199.99,4.2,628,walmart,32,Free delivery,,https://encrypted-tbn0.gstatic.com/shopping?q=tbn:ANd9GcS_pgl8o0u-kIAKC-G0gXy9Ump9-4BpNqfsJw8UejOxP_eMhtul19f2skgJtnrJMiVLPyBWtInD,API,Brother,9,11.11111111111111,True,Budget
printer,HP LaserJet MFP M140we,149.99,149.99,3.9,519,newegg.com - america's best supplies,33,Unknown,,https://encrypted-tbn0.gstatic.com/shopping?q=tbn:ANd9GcSv-aIUwWw8xmFeVV99k39qEbaV_MMJJJXiTxRAeaFeg_68LH-NrwuvfbtrpYdIevKBt3spgwuS,API,HP,12,8.333333333333332,False,Budget
printer,HP OfficeJet Pro 8125 AllinOne Printer,109.99,109.99,4.2,277,staples,34,Free delivery by Tue,,https://encrypted-tbn0.gstatic.com/shopping?q=tbn:ANd9GcRTK4IQRn_LkzpJsdCuInHtCRpKfIzspDiNqOnTdqnlH4qfhGIcmtuvQRFfoIyyUliwdEsv1X5c,API,HP,9,11.11111111111111,True,Budget
printer,HP Smart Tank 5100 AllinOne Printer,189.99,189.99,4.1,323,best buy,35,Free delivery by Tue,,https://encrypted-tbn1.gstatic.com/shopping?q=tbn:ANd9GcRXLw121dO1FwF-jlwwlYfkPc_8W0clT9_7E1Zxz-Y0qTvlnNkXdupLqV9hFCV7xoj8RY447pXR,API,HP,10,10.0,True,Budget
printer,Canon PIXMA MG2541S AiO Colour printer,49.0,49.0,4.0,34,abed tahan,36,Unknown,,https://encrypted-tbn2.gstatic.com/shopping?q=tbn:ANd9GcTlDXJBDFnJbv_gsbysWYV1S6ePx6JFIZOHSK3hm0HaLL-HXPj-Bi8BH67XilbedrlqlNms1fox,API,Canon,11,9.090909090909092,False,Budget
printer,HP LaserJet Pro MFP 3101fdw Multifunction Laser Printer,279.0,279.0,4.3,311,office depot,37,Free delivery,,https://encrypted-tbn1.gstatic.com/shopping?q=tbn:ANd9GcSvVcQ4DtX3sk7H0-4B1tiT15c2n6COIaMooM6nZsipzDKdXRPxi9VO7nW2qIyn-0lUYgxsTtA,API,HP,8,12.5,True,Budget
printer,Canon PIXMA G3270 Wireless MegaTank AllinOne Printer,159.99,159.99,4.1,849,canon,38,Unknown,,https://encrypted-tbn1.gstatic.com/shopping?q=tbn:ANd9GcSq54U3vAqyxheo0WTHFrS8jRz2TvbRJRcDeS4XXiEVHM3Ux58K7WrVUSzHJr7wXL1oFvPyh6I,API,Canon,10,10.0,True,Budget
printer,Brother HLL2325DW Monochrome Laser Printer,339.99,339.99,4.2,705,walmart - daily spirit deals,39,Free delivery,,https://encrypted-tbn3.gstatic.com/shopping?q=tbn:ANd9GcR4znct_JUPCz7R8dKBldEAInF4X2nBzGhEku63kR0kRnqqx0wCUBfwXOxO4QTtPdQ8fzsCtGek,API,Brother,9,11.11111111111111,True,Mid Range
printer,Munbyn 941AP Airprint Thermal Label Printer Wireless wifi 203DPI DriverFree Setup Connect via Phone Tablet or PC,199.99,199.99,4.2,,munbyn,40,Free delivery,,https://encrypted-tbn0.gstatic.com/shopping?q=tbn:ANd9GcRy28dTyPjnKo1JB-FtPNKgYTwcgQAK0_XQv5Xn6fSnKY6M_zVERfX4oARISf5Py2ej7YyaJDY,API,Munbyn,9,11.11111111111111,True,Budget
